id_mutation,date_mutation,numero_disposition,nature_mutation,valeur_fonciere,adresse_numero,adresse_suffixe,adresse_nom_voie,adresse_code_voie,code_postal,code_commune,nom_commune,code_departement,ancien_code_commune,ancien_nom_commune,id_parcelle,ancien_id_parcelle,numero_volume,lot1_numero,lot1_surface_carrez,lot2_numero,lot2_surface_carrez,lot3_numero,lot3_surface_carrez,lot4_numero,lot4_surface_carrez,lot5_numero,lot5_surface_carrez,nombre_lots,code_type_local,type_local,surface_reelle_bati,nombre_pieces_principales,code_nature_culture,nature_culture,code_nature_culture_speciale,nature_culture_speciale,surface_terrain,longitude,latitude
2023-1,2023-01-05,000001,Vente,1070000,184,,ALL DES HETRES,0124,01630,01354,Saint-Genis-Pouilly,01,,,01354000BD0334,,,29,,,,,,,,,,1,3,Dépendance,,0,,,,,,6.019949,46.247458
2023-1,2023-01-05,000001,Vente,1070000,159,,ALL DES HETRES,0124,01630,01354,Saint-Genis-Pouilly,01,,,01354000BD0336,,,8,,,,,,,,,,1,3,Dépendance,,0,,,,,,6.020204,46.247228
2023-1,2023-01-05,000001,Vente,1070000,159,,ALL DES HETRES,0124,01630,01354,Saint-Genis-Pouilly,01,,,01354000BD0336,,,22,,,,,,,,,,1,2,Appartement,233,8,,,,,,6.020204,46.247228
2023-2,2023-01-03,000001,Vente,152200,2914,,RTE DE PONCIN,0107,01450,01404,Serrières-sur-Ain,01,,,014040000D2317,,,,,,,,,,,,,0,1,Maison,64,3,S,sols,,,988,5.438273,46.129859
2023-3,2023-01-05,000001,Vente,269000,427,T,CHE DE L'AUBEPIN,0040,01800,01361,Saint-Jean-de-Niost,01,,,013610000B2405,,,,,,,,,,,,,0,1,Maison,73,3,S,sols,,,835,5.225844,45.853513
2023-3,2023-01-05,000001,Vente,269000,427,T,CHE DE L'AUBEPIN,0040,01800,01361,Saint-Jean-de-Niost,01,,,013610000B2405,,,,,,,,,,,,,0,3,Dépendance,,0,S,sols,,,835,5.225844,45.853513
2023-3,2023-01-05,000001,Vente,269000,427,T,CHE DE L'AUBEPIN,0040,01800,01361,Saint-Jean-de-Niost,01,,,013610000B2405,,,,,,,,,,,,,0,3,Dépendance,,0,S,sols,,,835,5.225844,45.853513
2023-4,2023-01-03,000001,Vente,770000,159,A,RUE DU PARC DE VILLARD,0151,01210,01281,Ornex,01,,,01281000AD0041,,,,,,,,,,,,,0,1,Maison,136,7,S,sols,,,921,6.083444,46.279993
2023-5,2023-01-06,000001,Vente,6820,,,ETANG DU BOIS,B062,01480,01446,Villeneuve,01,,,01446000ZL0019,,,,,,,,,,,,,0,,,,,T,terres,,,17050,4.879012,46.021213
2023-6,2023-01-06,000002,Echange,10040,,,CARRE ROCHER,B044,01500,01004,Ambérieu-en-Bugey,01,,,01004000AV0900,,,,,,,,,,,,,0,,,,,BT,taillis simples,,,124,5.35921,45.971269
2023-6,2023-01-06,000002,Echange,10040,,,CARRE ROCHER,B044,01500,01004,Ambérieu-en-Bugey,01,,,01004000AV0934,,,,,,,,,,,,,0,,,,,S,sols,,,127,5.359094,45.971293
2023-7,2023-01-06,000003,Echange,12642,,,CARRE ROCHER,B044,01500,01004,Ambérieu-en-Bugey,01,,,01004000AV0935,,,,,,,,,,,,,0,,,,,P,prés,,,187,5.359016,45.971062
2023-7,2023-01-06,000003,Echange,12642,,,CARRE ROCHER,B044,01500,01004,Ambérieu-en-Bugey,01,,,01004000AV0936,,,,,,,,,,,,,0,,,,,P,prés,,,263,5.358931,45.97098
2023-8,2023-01-06,000003,Vente,85520,,,VACAGNOLE,B112,01340,01024,Attignat,01,,,01024000AI0123,,,,,,,,,,,,,0,,,,,P,prés,,,63,5.171281,46.269508
2023-8,2023-01-06,000003,Vente,85520,41,,CHE DE LA CROIX DE VACAGNOLE,0380,01340,01024,Attignat,01,,,01024000AI0127,,,,,,,,,,,,,0,1,Maison,160,5,,,,,,5.171364,46.269235
2023-8,2023-01-06,000003,Vente,85520,41,,CHE DE LA CROIX DE VACAGNOLE,0380,01340,01024,Attignat,01,,,01024000AI0127,,,,,,,,,,,,,0,3,Dépendance,,0,,,,,,5.171364,46.269235
2023-9,2023-01-04,000001,Vente,335000,352,,RUE DU VERGER,0100,01130,01152,Échallon,01,,,01152000AC0166,,,,,,,,,,,,,0,1,Maison,106,6,S,sols,,,1500,5.74021,46.207131
2023-9,2023-01-04,000001,Vente,335000,352,,RUE DU VERGER,0100,01130,01152,Échallon,01,,,01152000AC0166,,,,,,,,,,,,,0,1,Maison,106,6,P,prés,,,778,5.74021,46.207131
2023-10,2023-01-04,000001,Vente,8500,,,PETIT SIMANDRE,B122,01250,01408,Simandre-sur-Suran,01,,,014080000C1133,,,,,,,,,,,,,0,,,,,S,sols,,,159,5.419039,46.223797
2023-11,2023-01-04,000001,Vente,209000,51,,AV MAGINOT,2420,01000,01053,Bourg-en-Bresse,01,,,01053000AC0528,,,1,,36,,,,,,,,2,3,Dépendance,,0,,,,,,5.227046,46.21104
2023-11,2023-01-04,000001,Vente,209000,51,,AV MAGINOT,2420,01000,01053,Bourg-en-Bresse,01,,,01053000AC0528,,,1,,36,,,,,,,,2,2,Appartement,68,3,,,,,,5.227046,46.21104
2023-11,2023-01-04,000001,Vente,209000,51,,AV MAGINOT,2420,01000,01053,Bourg-en-Bresse,01,,,01053000AC0528,,,22,,,,,,,,,,1,3,Dépendance,,0,,,,,,5.227046,46.21104
2023-12,2023-01-03,000001,Vente,325000,6021,,EN BONNE TEMPS,B020,01140,01348,Saint-Didier-sur-Chalaronne,01,,,01348000YB0160,,,,,,,,,,,,,0,1,Maison,70,4,S,sols,,,403,4.827211,46.174765
2023-12,2023-01-03,000001,Vente,325000,,,EN BONNE TEMPS,B020,01140,01348,Saint-Didier-sur-Chalaronne,01,,,01348000YB0161,,,,,,,,,,,,,0,,,,,S,sols,,,606,4.827302,46.17503
2023-13,2023-01-04,000001,Vente,430000,,,LES VALETTES,B163,01160,01314,Priay,01,,,013140000D2772,,,,,,,,,,,,,0,,,,,S,sols,,,20,5.293964,46.026547
2023-13,2023-01-04,000001,Vente,430000,,,LES VALETTES,B163,01160,01314,Priay,01,,,013140000D2773,,,,,,,,,,,,,0,,,,,S,sols,,,15,5.293878,46.026533
2023-13,2023-01-04,000001,Vente,430000,,,LES VALETTES,B163,01160,01314,Priay,01,,,013140000D2774,,,,,,,,,,,,,0,,,,,AG,terrains d'agrément,,,95,5.29351,46.026509
2023-13,2023-01-04,000001,Vente,430000,,,LES VALETTES,B163,01160,01314,Priay,01,,,013140000D2775,,,,,,,,,,,,,0,,,,,AG,terrains d'agrément,,,6,5.29338,46.026491
2023-13,2023-01-04,000001,Vente,430000,212,B,CHE DU MAS FALCON,0083,01160,01314,Priay,01,,,013140000D2776,,,,,,,,,,,,,0,3,Dépendance,,0,S,sols,,,89,5.293851,46.026677
2023-13,2023-01-04,000001,Vente,430000,212,B,CHE DU MAS FALCON,0083,01160,01314,Priay,01,,,013140000D2776,,,,,,,,,,,,,0,2,Appartement,51,2,S,sols,,,89,5.293851,46.026677
2023-13,2023-01-04,000001,Vente,430000,212,B,CHE DU MAS FALCON,0083,01160,01314,Priay,01,,,013140000D2776,,,,,,,,,,,,,0,2,Appartement,51,3,S,sols,,,89,5.293851,46.026677
2023-13,2023-01-04,000001,Vente,430000,212,B,CHE DU MAS FALCON,0083,01160,01314,Priay,01,,,013140000D2776,,,,,,,,,,,,,0,3,Dépendance,,0,S,sols,,,89,5.293851,46.026677
2023-13,2023-01-04,000001,Vente,430000,,,LES VALETTES,B163,01160,01314,Priay,01,,,013140000D2777,,,,,,,,,,,,,0,,,,,S,sols,,,51,5.293778,46.026671
2023-13,2023-01-04,000001,Vente,430000,,,LES VALETTES,B163,01160,01314,Priay,01,,,013140000D2778,,,,,,,,,,,,,0,,,,,S,sols,,,9,5.293744,46.026653
2023-13,2023-01-04,000001,Vente,430000,,,LES VALETTES,B163,01160,01314,Priay,01,,,013140000D2779,,,,,,,,,,,,,0,,,,,S,sols,,,109,5.293828,46.026576
2023-13,2023-01-04,000001,Vente,430000,,,LES VALETTES,B163,01160,01314,Priay,01,,,013140000D2780,,,,,,,,,,,,,0,,,,,S,sols,,,4,5.29391,46.026585
2023-13,2023-01-04,000001,Vente,430000,212,,CHE DU MAS FALCON,0083,01160,01314,Priay,01,,,013140000D2781,,,,,,,,,,,,,0,3,Dépendance,,0,S,sols,,,99,5.293688,46.026655
2023-13,2023-01-04,000001,Vente,430000,212,,CHE DU MAS FALCON,0083,01160,01314,Priay,01,,,013140000D2781,,,,,,,,,,,,,0,2,Appartement,40,2,S,sols,,,99,5.293688,46.026655
2023-13,2023-01-04,000001,Vente,430000,212,,CHE DU MAS FALCON,0083,01160,01314,Priay,01,,,013140000D2781,,,,,,,,,,,,,0,2,Appartement,48,2,S,sols,,,99,5.293688,46.026655
2023-13,2023-01-04,000001,Vente,430000,212,,CHE DU MAS FALCON,0083,01160,01314,Priay,01,,,013140000D2781,,,,,,,,,,,,,0,2,Appartement,40,2,S,sols,,,99,5.293688,46.026655
2023-13,2023-01-04,000001,Vente,430000,212,,CHE DU MAS FALCON,0083,01160,01314,Priay,01,,,013140000D2781,,,,,,,,,,,,,0,3,Dépendance,,0,S,sols,,,99,5.293688,46.026655
2023-13,2023-01-04,000001,Vente,430000,212,,CHE DU MAS FALCON,0083,01160,01314,Priay,01,,,013140000D2781,,,,,,,,,,,,,0,3,Dépendance,,0,S,sols,,,99,5.293688,46.026655
2023-13,2023-01-04,000001,Vente,430000,212,,CHE DU MAS FALCON,0083,01160,01314,Priay,01,,,013140000D2781,,,,,,,,,,,,,0,3,Dépendance,,0,S,sols,,,99,5.293688,46.026655
2023-13,2023-01-04,000001,Vente,430000,,,LES VALETTES,B163,01160,01314,Priay,01,,,013140000D2782,,,,,,,,,,,,,0,,,,,S,sols,,,77,5.293588,46.026653
2023-13,2023-01-04,000001,Vente,430000,,,LES VALETTES,B163,01160,01314,Priay,01,,,013140000D2783,,,,,,,,,,,,,0,,,,,S,sols,,,19,5.293603,46.026544
2023-13,2023-01-04,000001,Vente,430000,,,LES VALETTES,B163,01160,01314,Priay,01,,,013140000D2784,,,,,,,,,,,,,0,,,,,S,sols,,,26,5.2936,46.026509
2023-13,2023-01-04,000001,Vente,430000,,,LES VALETTES,B163,01160,01314,Priay,01,,,013140000D2785,,,,,,,,,,,,,0,,,,,S,sols,,,220,5.293588,46.026552
2023-13,2023-01-04,000001,Vente,430000,,,LES VALETTES,B163,01160,01314,Priay,01,,,013140000D2786,,,,,,,,,,,,,0,,,,,S,sols,,,5,5.293358,46.026541
2023-13,2023-01-04,000001,Vente,430000,,,LES VALETTES,B163,01160,01314,Priay,01,,,013140000D2787,,,,,,,,,,,,,0,,,,,S,sols,,,246,5.293496,46.026665
2023-13,2023-01-04,000001,Vente,430000,,,LES VALETTES,B163,01160,01314,Priay,01,,,013140000D2788,,,,,,,,,,,,,0,,,,,S,sols,,,8,5.293336,46.026601
2023-13,2023-01-04,000001,Vente,430000,,,LES VALETTES,B163,01160,01314,Priay,01,,,013140000D2789,,,,,,,,,,,,,0,,,,,S,sols,,,1,5.293447,46.026717
2023-13,2023-01-04,000001,Vente,430000,,,LES VALETTES,B163,01160,01314,Priay,01,,,013140000D2790,,,,,,,,,,,,,0,,,,,S,sols,,,17,5.2934,46.026719
2023-13,2023-01-04,000001,Vente,430000,,,LES VALETTES,B163,01160,01314,Priay,01,,,013140000D2791,,,,,,,,,,,,,0,,,,,AG,terrains d'agrément,,,36,5.293913,46.026711
2023-13,2023-01-04,000001,Vente,430000,,,LES VALETTES,B163,01160,01314,Priay,01,,,013140000D2792,,,,,,,,,,,,,0,,,,,AG,terrains d'agrément,,,347,5.293967,46.026674
2023-13,2023-01-04,000001,Vente,430000,,,LES VALETTES,B163,01160,01314,Priay,01,,,013140000D2793,,,,,,,,,,,,,0,,,,,AG,terrains d'agrément,,,85,5.293848,46.026765
2023-13,2023-01-04,000001,Vente,430000,,,LES VALETTES,B163,01160,01314,Priay,01,,,013140000D2794,,,,,,,,,,,,,0,,,,,AG,terrains d'agrément,,,83,5.293709,46.026759
2023-13,2023-01-04,000001,Vente,430000,,,LES VALETTES,B163,01160,01314,Priay,01,,,013140000D2795,,,,,,,,,,,,,0,,,,,AG,terrains d'agrément,,,204,5.293493,46.026746
2023-13,2023-01-04,000001,Vente,430000,,,LES VALETTES,B163,01160,01314,Priay,01,,,013140000D2796,,,,,,,,,,,,,0,,,,,AG,terrains d'agrément,,,7,5.293537,46.026721
2023-13,2023-01-04,000001,Vente,430000,,,LES VALETTES,B163,01160,01314,Priay,01,,,013140000D2797,,,,,,,,,,,,,0,,,,,AG,terrains d'agrément,,,8,5.293732,46.02651
2023-13,2023-01-04,000001,Vente,430000,,,LES VALETTES,B163,01160,01314,Priay,01,,,013140000D2798,,,,,,,,,,,,,0,,,,,AG,terrains d'agrément,,,10,5.293825,46.02652
2023-14,2023-01-03,000001,Vente,160000,,,AU VILLAGE,B152,01250,01422,Tossiat,01,,,014220000D0211,,,,,,,,,,,,,0,,,,,J,jardins,,,60,5.315958,46.139303
2023-14,2023-01-03,000001,Vente,160000,50,,RUE SAINT JEAN,0430,01250,01422,Tossiat,01,,,014220000D1285,,,,,,,,,,,,,0,1,Maison,100,3,S,sols,,,118,5.316151,46.139787
2023-15,2023-01-05,000001,Vente,97355,270,,AV DE BELLE FERME,0041,01170,01173,Gex,01,,,01173000AH0199,,,113,20.1,255,,,,,,,,2,4,Local industriel. commercial ou assimilé,23,0,,,,,,6.064908,46.332319
2023-16,2023-01-06,000001,Vente,175000,6,,RUE DU FBG DES DOMBES,0160,01140,01420,Thoissey,01,,,01420000AB0784,,,3,76.94,4,,,,,,,,2,3,Dépendance,,0,,,,,,4.804017,46.172869
2023-16,2023-01-06,000001,Vente,175000,6,,RUE DU FBG DES DOMBES,0160,01140,01420,Thoissey,01,,,01420000AB0784,,,3,76.94,4,,,,,,,,2,2,Appartement,77,3,,,,,,4.804017,46.172869
2023-17,2023-01-09,000001,Vente,100,,,DHUYS,B055,01250,01095,Nivigne et Suran,01,,,01095000AH0118,,,,,,,,,,,,,0,,,,,BT,taillis simples,,,944,5.40411,46.254698
2023-18,2023-01-04,000001,Vente,40000,33,,RUE NEUVE,0030,01230,01416,Tenay,01,,,01416000AB0065,,,,,,,,,,,,,0,3,Dépendance,,0,S,sols,,,123,5.510831,45.921349
2023-18,2023-01-04,000001,Vente,40000,33,,RUE NEUVE,0030,01230,01416,Tenay,01,,,01416000AB0065,,,,,,,,,,,,,0,2,Appartement,50,3,S,sols,,,123,5.510831,45.921349
2023-18,2023-01-04,000001,Vente,40000,33,,RUE NEUVE,0030,01230,01416,Tenay,01,,,01416000AB0065,,,,,,,,,,,,,0,2,Appartement,44,3,S,sols,,,123,5.510831,45.921349
2023-18,2023-01-04,000001,Vente,40000,33,,RUE NEUVE,0030,01230,01416,Tenay,01,,,01416000AB0065,,,,,,,,,,,,,0,3,Dépendance,,0,S,sols,,,123,5.510831,45.921349
2023-19,2023-01-10,000001,Vente,277000,44,,IMP DU COMMERCE,0170,01290,01046,Biziat,01,,,010460000B0391,,,,,,,,,,,,,0,3,Dépendance,,0,S,sols,,,406,4.942622,46.216885
2023-19,2023-01-10,000001,Vente,277000,44,,IMP DU COMMERCE,0170,01290,01046,Biziat,01,,,010460000B0391,,,,,,,,,,,,,0,1,Maison,134,3,S,sols,,,406,4.942622,46.216885
2023-19,2023-01-10,000001,Vente,277000,,,LE BOURG,B006,01290,01046,Biziat,01,,,010460000B0393,,,,,,,,,,,,,0,,,,,S,sols,,,175,4.942692,46.216742
2023-19,2023-01-10,000001,Vente,277000,,,LE BOURG,B006,01290,01046,Biziat,01,,,010460000B0849,,,,,,,,,,,,,0,,,,,J,jardins,,,466,4.942224,46.216952
2023-19,2023-01-10,000001,Vente,277000,,,LE BOURG,B006,01290,01046,Biziat,01,,,010460000B0871,,,,,,,,,,,,,0,,,,,S,sols,,,349,4.942472,46.216801
2023-19,2023-01-10,000001,Vente,277000,,,LE BOURG,B006,01290,01046,Biziat,01,,,010460000B0905,,,,,,,,,,,,,0,,,,,P,prés,,,864,4.9422,46.216612
2023-19,2023-01-10,000001,Vente,277000,,,LE BOURG,B006,01290,01046,Biziat,01,,,010460000B1162,,,,,,,,,,,,,0,,,,,S,sols,,,16,4.94281,46.216848
2023-19,2023-01-10,000001,Vente,277000,,,LE BOURG,B006,01290,01046,Biziat,01,,,010460000B1164,,,,,,,,,,,,,0,,,,,S,sols,,,30,4.942786,46.216805
2023-20,2023-01-05,000001,Vente,361800,,,PORT GALAND,B082,01800,01378,Saint-Maurice-de-Gourdans,01,,,013780000B0892,,,,,,,,,,,,,0,,,,,S,sols,,,84,5.207618,45.817813
2023-20,2023-01-05,000001,Vente,361800,,,PORT GALAND,B082,01800,01378,Saint-Maurice-de-Gourdans,01,,,013780000B0896,,,,,,,,,,,,,0,,,,,S,sols,,,456,5.20696,45.817411
2023-20,2023-01-05,000001,Vente,361800,7,,CHE DE LA RIVIERE,0091,01800,01378,Saint-Maurice-de-Gourdans,01,,,013780000B1750,,,,,,,,,,,,,0,1,Maison,79,3,S,sols,,,541,5.207743,45.817732
2023-20,2023-01-05,000001,Vente,361800,,,PORT GALAND,B082,01800,01378,Saint-Maurice-de-Gourdans,01,,,013780000B1752,,,,,,,,,,,,,0,,,,,S,sols,,,204,5.207586,45.817613
2023-21,2023-01-05,000001,Vente,22500,,,LES PLATTES,B203,01500,01004,Ambérieu-en-Bugey,01,,,01004000BD0370,,,,,,,,,,,,,0,,,,,S,sols,,,321,5.361247,45.958879
2023-22,2023-01-04,000001,Vente,309000,,,EN PERABOZ,B184,01500,01004,Ambérieu-en-Bugey,01,,,01004000AV0631,,,,,,,,,,,,,0,,,,,L,landes,FRICH,Friche,807,5.359667,45.972278
2023-22,2023-01-04,000001,Vente,309000,86,,RUE DU CARRE ROCHER,0200,01500,01004,Ambérieu-en-Bugey,01,,,01004000AV0919,,,,,,,,,,,,,0,1,Maison,120,4,S,sols,,,1000,5.358885,45.972285
2023-22,2023-01-04,000001,Vente,309000,86,,RUE DU CARRE ROCHER,0200,01500,01004,Ambérieu-en-Bugey,01,,,01004000AV0919,,,,,,,,,,,,,0,3,Dépendance,,0,S,sols,,,1000,5.358885,45.972285
2023-22,2023-01-04,000001,Vente,309000,86,,RUE DU CARRE ROCHER,0200,01500,01004,Ambérieu-en-Bugey,01,,,01004000AV0919,,,,,,,,,,,,,0,3,Dépendance,,0,S,sols,,,1000,5.358885,45.972285
2023-22,2023-01-04,000001,Vente,309000,86,,RUE DU CARRE ROCHER,0200,01500,01004,Ambérieu-en-Bugey,01,,,01004000AV0919,,,,,,,,,,,,,0,3,Dépendance,,0,S,sols,,,1000,5.358885,45.972285
2023-22,2023-01-04,000001,Vente,309000,,,EN PERABOZ,B184,01500,01004,Ambérieu-en-Bugey,01,,,01004000AV0924,,,,,,,,,,,,,0,,,,,P,prés,,,192,5.359568,45.972406
2023-23,2023-01-05,000001,Vente,79000,7,,RUE HENRI DUNANT,1860,01000,01053,Bourg-en-Bresse,01,,,01053000BM0109,,,515,,532,87,,,,,,,2,2,Appartement,86,4,,,,,,5.228652,46.213258
2023-23,2023-01-05,000001,Vente,79000,7,,RUE HENRI DUNANT,1860,01000,01053,Bourg-en-Bresse,01,,,01053000BM0109,,,515,,532,87,,,,,,,2,3,Dépendance,,0,,,,,,5.228652,46.213258
2023-24,2023-01-06,000001,Vente,9500,6,,RUE DE CUIRON,1070,01000,01053,Bourg-en-Bresse,01,,,01053000AV0044,,,296,,,,,,,,,,1,3,Dépendance,,0,,,,,,5.238555,46.19238
2023-25,2023-01-04,000001,Vente,175000,5,,IMP DE JOURMELY,0316,01250,01184,Hautecourt-Romanèche,01,,,01184000AK0128,,,,,,,,,,,,,0,3,Dépendance,,0,S,sols,,,220,5.419976,46.151107
2023-25,2023-01-04,000001,Vente,175000,5,,IMP DE JOURMELY,0316,01250,01184,Hautecourt-Romanèche,01,,,01184000AK0128,,,,,,,,,,,,,0,1,Maison,90,3,S,sols,,,220,5.419976,46.151107
2023-25,2023-01-04,000001,Vente,175000,,,CHALLES,B041,01250,01184,Hautecourt-Romanèche,01,,,01184000AK0246,,,,,,,,,,,,,0,,,,,S,sols,,,373,5.419642,46.151182
2023-25,2023-01-04,000001,Vente,175000,,,CHALLES,B041,01250,01184,Hautecourt-Romanèche,01,,,01184000AK0248,,,,,,,,,,,,,0,,,,,J,jardins,,,77,5.419474,46.15118
2023-26,2023-01-04,000001,Vente,145800,4,,CHE DE LYONNIERE,0370,01370,01350,Saint-Étienne-du-Bois,01,,,013500000C0178,,,3,,,,,,,,,,1,2,Appartement,73,3,,,,,,5.28957,46.283013
2023-27,2023-01-05,000002,Vente,15000,,,SUR VEYLE,B175,01290,01134,Crottet,01,,,01134000ZL0091,,,,,,,,,,,,,0,,,,,P,prés,,,86,4.880637,46.272756
2023-28,2023-01-06,000001,Vente,190000,5,,CHE DE LA COTE,0041,01450,01404,Serrières-sur-Ain,01,,,014040000D1066,,,,,,,,,,,,,0,1,Maison,100,3,S,sols,,,585,5.435398,46.132418
2023-29,2023-01-04,000001,Vente en l'état futur d'achèvement,175200,,,TIRET,B263,01500,01004,Ambérieu-en-Bugey,01,,,01004000AO0024,,,53,13,,,,,,,,,1,,,,,,,,,,5.355443,45.963797
2023-29,2023-01-04,000001,Vente en l'état futur d'achèvement,175200,,,TIRET,B263,01500,01004,Ambérieu-en-Bugey,01,,,01004000AO0024,,,4,53,,,,,,,,,1,,,,,,,,,,5.355443,45.963797
2023-30,2023-01-02,000001,Vente,140000,6,,RUE DU PETIT PORT,0524,01130,01269,Nantua,01,,,01269000AB1043,,,17,,24,73.56,,,,,,,2,3,Dépendance,,0,,,,,,5.600573,46.154904
2023-30,2023-01-02,000001,Vente,140000,6,,RUE DU PETIT PORT,0524,01130,01269,Nantua,01,,,01269000AB1043,,,17,,24,73.56,,,,,,,2,3,Dépendance,,0,,,,,,5.600573,46.154904
2023-30,2023-01-02,000001,Vente,140000,6,,RUE DU PETIT PORT,0524,01130,01269,Nantua,01,,,01269000AB1043,,,39,,,,,,,,,,1,3,Dépendance,,0,,,,,,5.600573,46.154904
2023-30,2023-01-02,000001,Vente,140000,6,,RUE DU PETIT PORT,0524,01130,01269,Nantua,01,,,01269000AB1043,,,17,,24,73.56,,,,,,,2,2,Appartement,67,3,,,,,,5.600573,46.154904
2023-31,2023-01-06,000001,Vente,281200,228,,RUE DE SAINT MARTIN,0370,01700,01249,Miribel,01,,,01249000AH0813,,,15,105.44,,,,,,,,,1,3,Dépendance,,0,,,,,,4.961108,45.826927
2023-31,2023-01-06,000001,Vente,281200,228,,RUE DE SAINT MARTIN,0370,01700,01249,Miribel,01,,,01249000AH0813,,,34,,,,,,,,,,1,3,Dépendance,,0,,,,,,4.961108,45.826927
2023-31,2023-01-06,000001,Vente,281200,228,,RUE DE SAINT MARTIN,0370,01700,01249,Miribel,01,,,01249000AH0813,,,1,,,,,,,,,,1,3,Dépendance,,0,,,,,,4.961108,45.826927
2023-31,2023-01-06,000001,Vente,281200,228,,RUE DE SAINT MARTIN,0370,01700,01249,Miribel,01,,,01249000AH0813,,,15,105.44,,,,,,,,,1,2,Appartement,106,5,,,,,,4.961108,45.826927
2023-32,2023-01-02,000001,Vente,525000,,,SUR GOISIN,B058,01630,01360,Saint-Jean-de-Gonville,01,,,013600000D2606,,,,,,,,,,,,,0,,,,,S,sols,,,329,5.946025,46.211282
2023-33,2023-01-03,000001,Vente terrain à bâtir,2160000,5404,,L ETANG,B079,01190,01337,Saint-Bénigne,01,,,01337000ZM0248,,,,,,,,,,,,,0,4,Local industriel. commercial ou assimilé,2348,0,S,sols,,,9109,4.953372,46.436266
2023-34,2023-01-03,000001,Vente,112000,51,,RUE DE LYON,0120,01090,01263,Montmerle-sur-Saône,01,,,01263000AE0147,,,2,47.97,,,,,,,,,1,2,Appartement,49,2,,,,,,4.759928,46.078723
2023-35,2023-01-06,000001,Vente,420000,5347,,LE FOURNIEUX,B047,01480,01075,Chaleins,01,,,01075000WM0214,,,,,,,,,,,,,0,1,Maison,44,1,S,sols,,,183,4.791588,46.023192
2023-35,2023-01-06,000001,Vente,420000,5347,,LE FOURNIEUX,B047,01480,01075,Chaleins,01,,,01075000WM0214,,,,,,,,,,,,,0,3,Dépendance,,0,S,sols,,,183,4.791588,46.023192
2023-35,2023-01-06,000001,Vente,420000,5347,,LE FOURNIEUX,B047,01480,01075,Chaleins,01,,,01075000WM0214,,,,,,,,,,,,,0,3,Dépendance,,0,P,prés,,,938,4.791588,46.023192
2023-35,2023-01-06,000001,Vente,420000,5347,,LE FOURNIEUX,B047,01480,01075,Chaleins,01,,,01075000WM0214,,,,,,,,,,,,,0,1,Maison,44,1,P,prés,,,938,4.791588,46.023192
2023-36,2023-01-06,000001,Vente,110000,,,MALATRAIT,B218,01851,01232,Marboz,01,,,01232000WS0070,,,,,,,,,,,,,0,,,,,P,prés,,,1775,5.261066,46.331309
2023-36,2023-01-06,000001,Vente,110000,5234,,MALATRAIT,B218,01851,01232,Marboz,01,,,01232000WS0071,,,,,,,,,,,,,0,1,Maison,108,2,S,sols,,,4430,5.260566,46.331159
2023-37,2023-01-04,000002,Vente,1040000,241,,RUE DE LAUSANNE,0490,01220,01143,Divonne-les-Bains,01,,,01143000AE0435,,,,,,,,,,,,,0,,,,,S,sols,,,20,6.143517,46.359542
2023-37,2023-01-04,000002,Vente,1040000,241,2,RUE DE LAUSANNE,0490,01220,01143,Divonne-les-Bains,01,,,01143000AE0436,,,3,44.3,,,,,,,,,1,3,Dépendance,,0,,,,,,6.143599,46.359541
2023-37,2023-01-04,000002,Vente,1040000,221,,RUE DE LAUSANNE,0490,01220,01143,Divonne-les-Bains,01,,,01143000AE0632,,,,,,,,,,,,,0,2,Appartement,149,5,S,sols,,,216,6.143607,46.359432
2023-37,2023-01-04,000002,Vente,1040000,221,,RUE DE LAUSANNE,0490,01220,01143,Divonne-les-Bains,01,,,01143000AE0632,,,,,,,,,,,,,0,3,Dépendance,,0,S,sols,,,216,6.143607,46.359432
2023-37,2023-01-04,000002,Vente,1040000,221,,RUE DE LAUSANNE,0490,01220,01143,Divonne-les-Bains,01,,,01143000AE0632,,,,,,,,,,,,,0,2,Appartement,108,4,S,sols,,,216,6.143607,46.359432
2023-37,2023-01-04,000002,Vente,1040000,221,,RUE DE LAUSANNE,0490,01220,01143,Divonne-les-Bains,01,,,01143000AE0632,,,,,,,,,,,,,0,2,Appartement,54,1,S,sols,,,216,6.143607,46.359432
2023-38,2023-01-06,000001,Vente,340000,,,LE MAS DES ANDRES,B034,01700,01376,Saint-Maurice-de-Beynost,01,,,01376000AB0191,,,,,,,,,,,,,0,,,,,VI,vignes,,,905,4.980559,45.835189
2023-39,2023-01-04,000001,Vente,440000,5079,,RTE DE LYON,0500,01390,01333,Saint-André-de-Corcy,01,,,01333000AT0005,,,,,,,,,,,,,0,1,Maison,128,5,AG,terrains d'agrément,,,2450,4.948085,45.920631
2023-39,2023-01-04,000001,Vente,440000,5079,,RTE DE LYON,0500,01390,01333,Saint-André-de-Corcy,01,,,01333000AT0005,,,,,,,,,,,,,0,1,Maison,128,5,S,sols,,,989,4.948085,45.920631
2023-40,2023-01-04,000001,Vente,1990000,264,,RUE VOLTAIRE,0780,01220,01143,Divonne-les-Bains,01,,,01143000AN0039,,,,,,,,,,,,,0,3,Dépendance,,0,S,sols,,,2135,6.135045,46.353986
2023-40,2023-01-04,000001,Vente,1990000,264,,RUE VOLTAIRE,0780,01220,01143,Divonne-les-Bains,01,,,01143000AN0039,,,,,,,,,,,,,0,3,Dépendance,,0,S,sols,,,2135,6.135045,46.353986
2023-40,2023-01-04,000001,Vente,1990000,264,,RUE VOLTAIRE,0780,01220,01143,Divonne-les-Bains,01,,,01143000AN0039,,,,,,,,,,,,,0,1,Maison,217,9,S,sols,,,2135,6.135045,46.353986
2023-40,2023-01-04,000001,Vente,1990000,264,,RUE VOLTAIRE,0780,01220,01143,Divonne-les-Bains,01,,,01143000AN0039,,,,,,,,,,,,,0,3,Dépendance,,0,S,sols,,,2135,6.135045,46.353986
2023-41,2023-01-06,000001,Vente,13782,,,PRE POBEL,B087,01370,01038,Bény,01,,,01038000ZE0003,,,,,,,,,,,,,0,,,,,P,prés,,,45794,5.265968,46.308774
2023-41,2023-01-06,000001,Vente,13782,,,PRE POBEL,B087,01370,01038,Bény,01,,,01038000ZE0006,,,,,,,,,,,,,0,,,,,P,prés,,,23116,5.267029,46.30807
2023-42,2023-01-06,000001,Vente,1500,,,LA COMBE,B016,01500,01008,Ambutrix,01,,,010080000A0353,,,,,,,,,,,,,0,,,,,VI,vignes,,,750,5.341406,45.941246
2023-43,2023-01-10,000001,Vente,20000,308,,AV FRANCOIS MITTERRAND,0114,01630,01354,Saint-Genis-Pouilly,01,,,01354000AY0092,,,83,,,,,,,,,,1,3,Dépendance,,0,,,,,,6.025992,46.250471
2023-43,2023-01-10,000001,Vente,20000,308,,AV FRANCOIS MITTERRAND,0114,01630,01354,Saint-Genis-Pouilly,01,,,01354000AY0092,,,82,,,,,,,,,,1,3,Dépendance,,0,,,,,,6.025992,46.250471
2023-44,2023-01-05,000001,Vente,230000,28,,RTE DU VILLAGE,0225,01290,01334,Saint-André-d'Huiriat,01,,,013340000B0727,,,,,,,,,,,,,0,1,Maison,94,5,S,sols,,,448,4.912392,46.212891
2023-45,2023-01-04,000002,Vente,1020,,,SOUS BASSEREINS,B057,01990,01083,Chaneins,01,,,01083000ZI0229,,,,,,,,,,,,,0,,,,,S,sols,,,30,4.83568,46.090546
2023-46,2023-01-04,000001,Vente,165000,100,,RUE DES ECOLES,0100,01600,01250,Misérieux,01,,,012500000B1136,,,,,,,,,,,,,0,1,Maison,104,4,S,sols,,,122,4.811562,45.973785
2023-47,2023-01-12,000001,Vente,17000,,,SOUS LE BOIS,B362,01100,01283,Oyonnax,01,,,012834400C0614,,,,,,,,,,,,,0,,,,,P,prés,,,269,5.62335,46.265119
2023-48,2023-01-03,000001,Vente,369000,125,,RTE DU PETIT CHANAL,0440,01290,01046,Biziat,01,,,010460000A1160,,,,,,,,,,,,,0,1,Maison,130,5,AG,terrains d'agrément,,,799,4.94083,46.223561
2023-48,2023-01-03,000001,Vente,369000,125,,RTE DU PETIT CHANAL,0440,01290,01046,Biziat,01,,,010460000A1160,,,,,,,,,,,,,0,1,Maison,130,5,S,sols,,,500,4.94083,46.223561
2023-49,2023-01-04,000002,Vente,1,,,LA CULEE,B025,01310,01065,Buellas,01,,,010650000A1943,,,,,,,,,,,,,0,,,,,S,sols,,,23,5.134093,46.212496
2023-50,2023-01-06,000001,Vente,240000,,,FEIGERES,B082,01630,01288,Péron,01,,,012880000B1400,,,,,,,,,,,,,0,,,,,AB,terrains a bâtir,,,458,5.931342,46.207115
2023-51,2023-01-10,000001,Vente,47000,,,LA LEVEE,B163,01750,01320,Replonges,01,,,013200000A1819,,2,,,,,,,,,,,0,,,,,,,,,,4.842822,46.304653
2023-52,2023-01-03,000001,Vente,22500,19,,RUE DU MAQUIS,0160,01460,01265,Montréal-la-Cluse,01,,,01265000AI0499,,,,,,,,,,,,,0,2,Appartement,50,1,S,sols,,,106,5.577192,46.170202
2023-52,2023-01-03,000001,Vente,22500,19,,RUE DU MAQUIS,0160,01460,01265,Montréal-la-Cluse,01,,,01265000AI0499,,,,,,,,,,,,,0,3,Dépendance,,0,S,sols,,,106,5.577192,46.170202
2023-52,2023-01-03,000001,Vente,22500,19,,RUE DU MAQUIS,0160,01460,01265,Montréal-la-Cluse,01,,,01265000AI0499,,,,,,,,,,,,,0,3,Dépendance,,0,S,sols,,,106,5.577192,46.170202
2023-52,2023-01-03,000001,Vente,22500,19,,RUE DU MAQUIS,0160,01460,01265,Montréal-la-Cluse,01,,,01265000AI0499,,,,,,,,,,,,,0,4,Local industriel. commercial ou assimilé,76,0,S,sols,,,106,5.577192,46.170202
2023-52,2023-01-03,000001,Vente,22500,19,,RUE DU MAQUIS,0160,01460,01265,Montréal-la-Cluse,01,,,01265000AI0499,,,,,,,,,,,,,0,2,Appartement,40,2,S,sols,,,106,5.577192,46.170202
2023-52,2023-01-03,000001,Vente,22500,88,,RUE DES SAVOIES,0570,01460,01269,Nantua,01,,,012690000A0152,,,,,,,,,,,,,0,4,Local industriel. commercial ou assimilé,48,0,S,sols,,,72,5.577257,46.170166
2023-52,2023-01-03,000001,Vente,22500,88,,RUE DES SAVOIES,0570,01460,01269,Nantua,01,,,012690000A0152,,,,,,,,,,,,,0,2,Appartement,48,2,S,sols,,,72,5.577257,46.170166
2023-52,2023-01-03,000001,Vente,22500,88,,RUE DES SAVOIES,0570,01460,01269,Nantua,01,,,012690000A0152,,,,,,,,,,,,,0,2,Appartement,48,2,S,sols,,,72,5.577257,46.170166
2023-53,2023-01-03,000001,Vente,190000,6,,RUE DU PETIT PORT,0524,01130,01269,Nantua,01,,,01269000AB1043,,,2,,26,97.44,,,,,,,2,2,Appartement,97,4,,,,,,5.600573,46.154904
2023-53,2023-01-03,000001,Vente,190000,6,,RUE DU PETIT PORT,0524,01130,01269,Nantua,01,,,01269000AB1043,,,2,,26,97.44,,,,,,,2,3,Dépendance,,0,,,,,,5.600573,46.154904
2023-53,2023-01-03,000001,Vente,190000,6,,RUE DU PETIT PORT,0524,01130,01269,Nantua,01,,,01269000AB1043,,,2,,26,97.44,,,,,,,2,3,Dépendance,,0,,,,,,5.600573,46.154904
2023-53,2023-01-03,000001,Vente,190000,6,,RUE DU PETIT PORT,0524,01130,01269,Nantua,01,,,01269000AB1043,,,31,18.4,,,,,,,,,1,3,Dépendance,,0,,,,,,5.600573,46.154904
2023-54,2023-01-06,000001,Vente,650000,221,,RUE DES QUATRE PIERRES,0617,01220,01143,Divonne-les-Bains,01,,,01143000AE0533,,,40,,,,,,,,,,1,2,Appartement,113,4,,,,,,6.145343,46.363418
2023-54,2023-01-06,000001,Vente,650000,221,,RUE DES QUATRE PIERRES,0617,01220,01143,Divonne-les-Bains,01,,,01143000AE0533,,,40,,,,,,,,,,1,3,Dépendance,,0,,,,,,6.145343,46.363418
2023-54,2023-01-06,000001,Vente,650000,221,,RUE DES QUATRE PIERRES,0617,01220,01143,Divonne-les-Bains,01,,,01143000AE0533,,,29,,,,,,,,,,1,3,Dépendance,,0,,,,,,6.145343,46.363418
2023-54,2023-01-06,000001,Vente,650000,221,,RUE DES QUATRE PIERRES,0617,01220,01143,Divonne-les-Bains,01,,,01143000AE0533,,,309,102.4,38,,,,,,,,2,3,Dépendance,,0,,,,,,6.145343,46.363418
2023-54,2023-01-06,000001,Vente,650000,221,,RUE DES QUATRE PIERRES,0617,01220,01143,Divonne-les-Bains,01,,,01143000AE0533,,,120,,,,,,,,,,1,3,Dépendance,,0,,,,,,6.145343,46.363418
2023-54,2023-01-06,000001,Vente,650000,221,,RUE DES QUATRE PIERRES,0617,01220,01143,Divonne-les-Bains,01,,,01143000AE0533,,,309,102.4,38,,,,,,,,2,2,Appartement,103,4,,,,,,6.145343,46.363418
2023-55,2023-01-04,000001,Vente,195000,5145,,MONCETY,B233,01851,01232,Marboz,01,,,012320000D1720,,,,,,,,,,,,,0,1,Maison,94,4,S,sols,,,719,5.258273,46.340547
2023-56,2023-01-03,000002,Vente,485000,87,,CHE DU SERMORAZ,1270,01700,01043,Beynost,01,,,01043000AM1549,,,,,,,,,,,,,0,1,Maison,89,4,S,sols,,,679,4.996034,45.830576
2023-56,2023-01-03,000002,Vente,485000,,,CHATEAU DU SOLEIL,B020,01700,01043,Beynost,01,,,01043000AM1550,,,,,,,,,,,,,0,,,,,S,sols,,,721,4.996125,45.830613
2023-57,2023-01-06,000001,Vente,210000,42,,CHE DE LA PLANCHE BRULEE,0055,01210,01160,Ferney-Voltaire,01,,,01160000AD0080,,,418,,442,,471,70.96,,,,,3,2,Appartement,72,3,,,,,,6.100724,46.252894
2023-57,2023-01-06,000001,Vente,210000,42,,CHE DE LA PLANCHE BRULEE,0055,01210,01160,Ferney-Voltaire,01,,,01160000AD0080,,,418,,442,,471,70.96,,,,,3,3,Dépendance,,0,,,,,,6.100724,46.252894
2023-57,2023-01-06,000001,Vente,210000,42,,CHE DE LA PLANCHE BRULEE,0055,01210,01160,Ferney-Voltaire,01,,,01160000AD0080,,,418,,442,,471,70.96,,,,,3,3,Dépendance,,0,,,,,,6.100724,46.252894
2023-57,2023-01-06,000001,Vente,210000,42,,CHE DE LA PLANCHE BRULEE,0055,01210,01160,Ferney-Voltaire,01,,,01160000AD0080,,,933,,,,,,,,,,1,3,Dépendance,,0,,,,,,6.100724,46.252894
2023-58,2023-01-09,000001,Vente,20000,428,,CHE DU VERNAY DESSOUS,0590,01410,01104,Chézery-Forens,01,,,011040000K0402,,,2,28.69,,,,,,,,,1,2,Appartement,32,1,,,,,,5.89435,46.242924
2023-58,2023-01-09,000001,Vente,20000,428,,CHE DU VERNAY DESSOUS,0590,01410,01104,Chézery-Forens,01,,,011040000K0402,,,1,30.1,3,,,,,,,,2,3,Dépendance,,0,,,,,,5.89435,46.242924
2023-58,2023-01-09,000001,Vente,20000,428,,CHE DU VERNAY DESSOUS,0590,01410,01104,Chézery-Forens,01,,,011040000K0402,,,1,30.1,3,,,,,,,,2,2,Appartement,38,2,,,,,,5.89435,46.242924
2023-58,2023-01-09,000001,Vente,20000,428,,CHE DU VERNAY DESSOUS,0590,01410,01104,Chézery-Forens,01,,,011040000K0402,,,4,,,,,,,,,,1,3,Dépendance,,0,,,,,,5.89435,46.242924
2023-59,2023-01-05,000002,Vente,1350,,,SOUS LA VILLE,B209,01640,01056,Boyeux-Saint-Jérôme,01,,,010560000D2705,,,,,,,,,,,,,0,,,,,P,prés,,,277,5.456665,46.028883
2023-60,2023-01-13,000002,Vente,130000,,,LA MARE,B087,01310,01301,Polliat,01,,,01301000ZO0102,,,,,,,,,,,,,0,,,,,S,sols,,,1416,5.102841,46.244362
2023-60,2023-01-13,000002,Vente,130000,,,LA MARE,B087,01310,01301,Polliat,01,,,01301000ZO0104,,,,,,,,,,,,,0,,,,,T,terres,,,227,5.103374,46.244302
2023-61,2023-01-03,000001,Vente,321000,8,,RUE DES CHATAIGNIERS,0010,01090,01165,Francheleins,01,,,011650030A1547,,,,,,,,,,,,,0,1,Maison,91,4,S,sols,,,363,4.771065,46.082106
2023-62,2023-01-16,000001,Vente,10000,,,LE BIOLAY,B006,01270,01029,Beaupont,01,,,01029000ZO0143,,,,,,,,,,,,,0,,,,,T,terres,,,11524,5.271766,46.436469
2023-63,2023-01-09,000001,Vente,10600,,,AU CLODET,B070,01500,01007,Ambronay,01,,,01007000ZM0173,,,,,,,,,,,,,0,,,,,S,sols,,,139,5.374698,45.995403
2023-63,2023-01-09,000001,Vente,10600,,,AU CLODET,B070,01500,01007,Ambronay,01,,,01007000ZM0177,,,,,,,,,,,,,0,,,,,P,prés,,,56,5.37428,45.995364
2023-63,2023-01-09,000001,Vente,10600,20,,IMP TENAND,0111,01500,01007,Ambronay,01,,,01007000ZM0178,,,,,,,,,,,,,0,1,Maison,70,4,S,sols,,,228,5.374426,45.995338
2023-63,2023-01-09,000001,Vente,10600,20,,IMP TENAND,0111,01500,01007,Ambronay,01,,,01007000ZM0178,,,,,,,,,,,,,0,3,Dépendance,,0,S,sols,,,228,5.374426,45.995338
2023-63,2023-01-09,000001,Vente,10600,20,,IMP TENAND,0111,01500,01007,Ambronay,01,,,01007000ZM0178,,,,,,,,,,,,,0,3,Dépendance,,0,S,sols,,,228,5.374426,45.995338
2023-63,2023-01-09,000001,Vente,10600,,,AU CLODET,B070,01500,01007,Ambronay,01,,,01007000ZM0306,,,,,,,,,,,,,0,,,,,S,sols,,,212,5.374303,45.995209
2023-64,2023-01-09,000001,Vente,165000,,,VILLAGE D EN HAUT,B132,01250,01317,Ramasse,01,,,013170000A0369,,,,,,,,,,,,,0,,,,,P,prés,,,1258,5.355221,46.195747
2023-64,2023-01-09,000001,Vente,165000,5019,,VILLAGE D EN HAUT,B132,01250,01317,Ramasse,01,,,013170000A0370,,,,,,,,,,,,,0,1,Maison,100,3,S,sols,,,351,5.355472,46.1958
2023-64,2023-01-09,000001,Vente,165000,,,VILLAGE D EN HAUT,B132,01250,01317,Ramasse,01,,,013170000A1065,,,,,,,,,,,,,0,,,,,P,prés,,,256,5.355024,46.195935
2023-64,2023-01-09,000001,Vente,165000,,,VILLAGE D EN HAUT,B132,01250,01317,Ramasse,01,,,013170000A1066,,,,,,,,,,,,,0,,,,,S,sols,,,419,5.355521,46.195928
2023-64,2023-01-09,000001,Vente,165000,,,VILLAGE D EN HAUT,B132,01250,01317,Ramasse,01,,,013170000A1114,,,,,,,,,,,,,0,,,,,P,prés,,,169,5.355189,46.19562
2023-65,2023-01-04,000001,Vente,145000,7,,RUE PIERRE BERNIN,0610,01800,01244,Meximieux,01,,,012440000G1594,,,22,,54,60.53,,,,,,,2,3,Dépendance,,0,,,,,,5.190622,45.903835
2023-65,2023-01-04,000001,Vente,145000,7,,RUE PIERRE BERNIN,0610,01800,01244,Meximieux,01,,,012440000G1594,,,22,,54,60.53,,,,,,,2,2,Appartement,70,2,,,,,,5.190622,45.903835
2023-65,2023-01-04,000001,Vente,145000,7,,RUE PIERRE BERNIN,0610,01800,01244,Meximieux,01,,,012440000G1594,,,13,,,,,,,,,,1,3,Dépendance,,0,,,,,,5.190622,45.903835
2023-65,2023-01-04,000001,Vente,145000,7,,RUE PIERRE BERNIN,0610,01800,01244,Meximieux,01,,,012440000G1594,,,22,,54,60.53,,,,,,,2,3,Dépendance,,0,,,,,,5.190622,45.903835
2023-66,2023-01-06,000001,Vente,352200,288,,RTE DU COL,0020,01170,01135,Crozet,01,,,011350000C0604,,,12,69,,,,,,,,,1,2,Appartement,69,3,,,,,,6.015968,46.28553
2023-66,2023-01-06,000001,Vente,352200,288,,RTE DU COL,0020,01170,01135,Crozet,01,,,011350000C0604,,,16,,,,,,,,,,1,3,Dépendance,,0,,,,,,6.015968,46.28553
2023-67,2023-01-04,000001,Vente,3000,195,A,RTE DE PITEGNY,0190,01170,01071,Cessy,01,,,01071000AC0249,,,183,,,,,,,,,,1,3,Dépendance,,0,,,,,,6.07434,46.321328
2023-68,2023-01-04,000001,Vente,170000,120,,AV AQUEDUC,0050,01220,01143,Divonne-les-Bains,01,,,01143000AE0373,,,10,,29,,,,,,,,2,3,Dépendance,,0,,,,,,6.142086,46.359966
2023-68,2023-01-04,000001,Vente,170000,120,,AV AQUEDUC,0050,01220,01143,Divonne-les-Bains,01,,,01143000AE0373,,,10,,29,,,,,,,,2,2,Appartement,28,1,,,,,,6.142086,46.359966
2023-69,2023-01-03,000001,Vente,325200,28,,RUE DE MEYRIN,0170,01210,01160,Ferney-Voltaire,01,,,01160000AE0356,,,2,,20,82.19,,,,,,,2,3,Dépendance,,0,,,,,,6.109263,46.254719
2023-69,2023-01-03,000001,Vente,325200,28,,RUE DE MEYRIN,0170,01210,01160,Ferney-Voltaire,01,,,01160000AE0356,,,2,,20,82.19,,,,,,,2,2,Appartement,81,3,,,,,,6.109263,46.254719
2023-70,2023-01-05,000001,Vente,168888,,,RUE ALEXANDRE REVERCHON,0655,01170,01173,Gex,01,,,01173000AH0159,,,11,43.17,,,,,,,,,1,2,Appartement,43,2,,,,,,6.058658,46.331401
2023-71,2023-01-12,000001,Vente,160000,3,,BD DE L'INDUSTRIE,0700,01600,01427,Trévoux,01,,,01427000AD0280,,,1,,15,,7,50.83,,,,,3,3,Dépendance,,0,,,,,,4.771812,45.941752
2023-71,2023-01-12,000001,Vente,160000,3,,BD DE L'INDUSTRIE,0700,01600,01427,Trévoux,01,,,01427000AD0280,,,1,,15,,7,50.83,,,,,3,2,Appartement,52,2,,,,,,4.771812,45.941752
2023-71,2023-01-12,000001,Vente,160000,3,,BD DE L'INDUSTRIE,0700,01600,01427,Trévoux,01,,,01427000AD0280,,,1,,15,,7,50.83,,,,,3,3,Dépendance,,0,,,,,,4.771812,45.941752
2023-72,2023-01-12,000001,Vente,1000,,,LES SABLIERES OUEST,B231,01500,01007,Ambronay,01,,,01007000ZY0018,,,,,,,,,,,,,0,,,,,T,terres,,,1480,5.322616,45.998402
2023-73,2023-01-03,000001,Vente,1100.5,,,CALANE,B030,01390,01248,Mionnay,01,,,012480000A0071,,,,,,,,,,,,,0,,,,,BS,taillis sous futaie,,,2201,4.913575,45.90362
2023-74,2023-01-05,000001,Vente,35000,16,,RTE DE GENEVE,0360,01130,01269,Nantua,01,,,01269000AD0526,,,22,33.96,,,,,,,,,1,2,Appartement,33,2,,,,,,5.61083,46.146392
2023-75,2023-01-05,000001,Vente,13182,,,CALANE,B030,01390,01248,Mionnay,01,,,012480000A0072,,,,,,,,,,,,,0,,,,,BS,taillis sous futaie,,,20960,4.912458,45.904714
2023-75,2023-01-05,000001,Vente,13182,,,AU CHENE PRE MONFAT,B041,01390,01248,Mionnay,01,,,012480000E0661,,,,,,,,,,,,,0,,,,,BT,taillis simples,,,5404,4.911362,45.906151
2023-76,2023-01-02,000001,Vente,15000,25,,RUE DE LA MAIRIE,0290,01330,01005,Ambérieux-en-Dombes,01,,,01005000AD0045,,,19,,,,,,,,,,1,3,Dépendance,,0,,,,,,4.903826,45.995667
2023-77,2023-01-10,000001,Vente,2300,,,MONTESSUY,B040,01400,01412,Sulignat,01,,,014120000A0241,,,,,,,,,,,,,0,,,,,P,prés,,,2645,4.957663,46.17538
2023-77,2023-01-10,000001,Vente,2300,,,MONTESSUY,B040,01400,01412,Sulignat,01,,,014120000A0242,,,,,,,,,,,,,0,,,,,P,prés,,,3405,4.957682,46.175215
2023-78,2023-01-05,000001,Vente,265900,6011,,EN BONNE TEMPS,B020,01140,01348,Saint-Didier-sur-Chalaronne,01,,,01348000YB0163,,,,,,,,,,,,,0,1,Maison,76,4,S,sols,,,285,4.827158,46.174476
2023-79,2023-01-05,000001,Vente en l'état futur d'achèvement,27500,,,SAINT GENIS,B052,01630,01354,Saint-Genis-Pouilly,01,,,01354000BC0198,,,201,,,,,,,,,,1,,,,,,,,,,6.02512,46.242772
2023-80,2023-01-03,000004,Vente,2300000,,,LA NEUVE OUEST,B283,01440,01451,Viriat,01,,,01451000BL0004,,,,,,,,,,,,,0,,,,,S,sols,,,1720,5.210087,46.218792
2023-80,2023-01-03,000004,Vente,2300000,453,,RTE DE PARIS,0190,01440,01451,Viriat,01,,,01451000BL0007,,,,,,,,,,,,,0,1,Maison,130,5,P,prés,,,1972,5.211397,46.218534
2023-80,2023-01-03,000004,Vente,2300000,453,,RTE DE PARIS,0190,01440,01451,Viriat,01,,,01451000BL0007,,,,,,,,,,,,,0,3,Dépendance,,0,P,prés,,,1972,5.211397,46.218534
2023-80,2023-01-03,000004,Vente,2300000,453,,RTE DE PARIS,0190,01440,01451,Viriat,01,,,01451000BL0007,,,,,,,,,,,,,0,3,Dépendance,,0,S,sols,,,1170,5.211397,46.218534
2023-80,2023-01-03,000004,Vente,2300000,453,,RTE DE PARIS,0190,01440,01451,Viriat,01,,,01451000BL0007,,,,,,,,,,,,,0,3,Dépendance,,0,S,sols,,,1170,5.211397,46.218534
2023-80,2023-01-03,000004,Vente,2300000,453,,RTE DE PARIS,0190,01440,01451,Viriat,01,,,01451000BL0007,,,,,,,,,,,,,0,1,Maison,130,5,S,sols,,,1170,5.211397,46.218534
2023-80,2023-01-03,000004,Vente,2300000,453,,RTE DE PARIS,0190,01440,01451,Viriat,01,,,01451000BL0007,,,,,,,,,,,,,0,3,Dépendance,,0,P,prés,,,1972,5.211397,46.218534
2023-80,2023-01-03,000004,Vente,2300000,495,B,RTE DE PARIS,0190,01440,01451,Viriat,01,,,01451000BL0189,,,,,,,,,,,,,0,4,Local industriel. commercial ou assimilé,2334,0,S,sols,,,1602,5.210193,46.218629
2023-80,2023-01-03,000004,Vente,2300000,,,LA NEUVE OUEST,B283,01440,01451,Viriat,01,,,01451000BL0190,,,,,,,,,,,,,0,,,,,S,sols,,,370,5.210582,46.218863
2023-80,2023-01-03,000004,Vente,2300000,,,LA NEUVE OUEST,B283,01440,01451,Viriat,01,,,01451000BL0191,,,,,,,,,,,,,0,,,,,S,sols,,,884,5.210896,46.218989
2023-80,2023-01-03,000004,Vente,2300000,495,,RTE DE PARIS,0190,01440,01451,Viriat,01,,,01451000BL0192,,,,,,,,,,,,,0,4,Local industriel. commercial ou assimilé,1140,0,S,sols,,,1536,5.211073,46.218892
2023-81,2023-01-09,000001,Vente,1067200,936,,AV DU MONT MUSSY,0530,01220,01143,Divonne-les-Bains,01,,,01143000AS0728,,,,,,,,,,,,,0,1,Maison,148,4,S,sols,,,1069,6.131063,46.350385
2023-82,2023-01-09,000001,Vente,210000,,,GRAND PRE FEIGERES,B260,01630,01288,Péron,01,,,012880000B1435,,,,,,,,,,,,,0,,,,,AB,terrains a bâtir,,,339,5.931928,46.207718
2023-83,2023-01-09,000001,Vente,180000,9,D,RUE PIERRE BERNIN,0610,01800,01244,Meximieux,01,,,012440000G2899,,,66,,,,,,,,,,1,3,Dépendance,,0,,,,,,5.189916,45.902723
2023-83,2023-01-09,000001,Vente,180000,9,D,RUE PIERRE BERNIN,0610,01800,01244,Meximieux,01,,,012440000G2899,,,74,,,,,,,,,,1,3,Dépendance,,0,,,,,,5.189916,45.902723
2023-83,2023-01-09,000001,Vente,180000,9,D,RUE PIERRE BERNIN,0610,01800,01244,Meximieux,01,,,012440000G2899,,,24,82.16,,,,,,,,,1,2,Appartement,80,4,,,,,,5.189916,45.902723
2023-84,2023-01-09,000001,Vente,300000,,,LA PIECE,B106,01710,01419,Thoiry,01,,,01419000BX0002,,,,,,,,,,,,,0,,,,,AB,terrains a bâtir,,,865,5.983443,46.248303
2023-85,2023-01-05,000001,Vente,202000,5141,,CHEM DU STADE,0060,01480,01157,Fareins,01,,,01157000AK0097,,,,,,,,,,,,,0,1,Maison,111,4,S,sols,,,423,4.764792,46.021382
2023-85,2023-01-05,000001,Vente,202000,5141,,CHEM DU STADE,0060,01480,01157,Fareins,01,,,01157000AK0097,,,,,,,,,,,,,0,3,Dépendance,,0,S,sols,,,423,4.764792,46.021382
2023-86,2023-01-10,000001,Vente,14000,41,B,BD DE BROU,0620,01000,01053,Bourg-en-Bresse,01,,,01053000BC0317,,,62,,,,,,,,,,1,3,Dépendance,,0,,,,,,5.231115,46.203297
2023-87,2023-01-10,000001,Vente,15000,27,,RUE JOSEPH BERTOLA,0300,01200,01033,Valserhône,01,,,01033000AI0289,,,37,,,,,,,,,,1,3,Dépendance,,0,,,,,,5.824264,46.109048
2023-88,2023-01-11,000001,Vente,144000,,,OCHIAZ,B264,01200,01033,Valserhône,01,,,01033278AA0022,,,,,,,,,,,,,0,,,,,S,sols,,,12,5.780004,46.109182
2023-88,2023-01-11,000001,Vente,144000,,,SUR LA VIE,B281,01200,01033,Valserhône,01,,,01033278AA0283,,,,,,,,,,,,,0,,,,,S,sols,,,128,5.780049,46.109341
2023-88,2023-01-11,000001,Vente,144000,,,SUR LA VIE,B281,01200,01033,Valserhône,01,,,01033278AA0284,,,,,,,,,,,,,0,,,,,S,sols,,,36,5.780028,46.10927
2023-88,2023-01-11,000001,Vente,144000,,,OCHIAZ,B264,01200,01033,Valserhône,01,,,01033278AA0288,,,,,,,,,,,,,0,,,,,AB,terrains a bâtir,,,804,5.779602,46.109802
2023-88,2023-01-11,000001,Vente,144000,,,OCHIAZ,B264,01200,01033,Valserhône,01,,,01033278AA0289,,,,,,,,,,,,,0,,,,,T,terres,,,450,5.779801,46.109398
2023-88,2023-01-11,000001,Vente,144000,,,OCHIAZ,B264,01200,01033,Valserhône,01,,,01033278AA0290,,,,,,,,,,,,,0,,,,,T,terres,,,142,5.77999,46.109375
2023-89,2023-01-06,000001,Vente,27000,,,CURTIL SIMON,B059,01190,01352,Saint-Étienne-sur-Reyssouze,01,,,013520000B0579,,,,,,,,,,,,,0,,,,,T,terres,,,2024,5.008048,46.405736
2023-90,2023-01-10,000001,Vente,1479500,,,AUX EPINETTES,B308,01200,01033,Valserhône,01,,,01033458ZB0427,,,,,,,,,,,,,0,,,,,T,terres,,,14795,,
2023-91,2023-01-13,000001,Vente,225000,7,,RTE DES ARTISANS,0010,01660,01096,Chaveyriat,01,,,010960000A1300,,,,,,,,,,,,,0,4,Local industriel. commercial ou assimilé,343,0,S,sols,,,3964,5.056938,46.193933
2023-92,2023-01-10,000001,Vente,270000,,,SUR LE GOLET,B103,01410,01104,Chézery-Forens,01,,,01104000AC0006,,,,,,,,,,,,,0,,,,,P,prés,,,1496,5.880371,46.235531
2023-92,2023-01-10,000001,Vente,270000,253,,CHE DU GOLET,0300,01410,01104,Chézery-Forens,01,,,01104000AC0007,,,,,,,,,,,,,0,1,Maison,77,3,S,sols,,,404,5.880676,46.235492
2023-92,2023-01-10,000001,Vente,270000,,,SUR LE GOLET,B103,01410,01104,Chézery-Forens,01,,,01104000AC0008,,,,,,,,,,,,,0,,,,,S,sols,,,146,5.880732,46.235508
2023-92,2023-01-10,000001,Vente,270000,,,SUR LE GOLET,B103,01410,01104,Chézery-Forens,01,,,01104000AC0009,,,,,,,,,,,,,0,,,,,L,landes,,,727,5.881152,46.235513
2023-92,2023-01-10,000001,Vente,270000,,,SUR LE GOLET,B103,01410,01104,Chézery-Forens,01,,,01104000AC0010,,,,,,,,,,,,,0,,,,,L,landes,,,383,5.880804,46.235674
2023-92,2023-01-10,000001,Vente,270000,,,NOIRE COMBE,B138,01410,01104,Chézery-Forens,01,,,01104000AC0020,,,,,,,,,,,,,0,,,,,S,sols,,,252,5.879033,46.236952
2023-92,2023-01-10,000001,Vente,270000,,,NOIRE COMBE,B138,01410,01104,Chézery-Forens,01,,,01104000AC0054,,,,,,,,,,,,,0,,,,,P,prés,,,168,5.879905,46.235786
2023-92,2023-01-10,000001,Vente,270000,,,SUR LE GOLET,B103,01410,01104,Chézery-Forens,01,,,011040000B0393,,,,,,,,,,,,,0,,,,,PA,pâtures,,,286,5.880773,46.235426
2023-93,2023-01-12,000001,Vente,450000,148,,RUE DU PERE ADAM,0109,01210,01281,Ornex,01,,,01281000AS0055,,,69,13.8,,,,,,,,,1,3,Dépendance,,0,,,,,,6.111707,46.264347
2023-93,2023-01-12,000001,Vente,450000,148,,RUE DU PERE ADAM,0109,01210,01281,Ornex,01,,,01281000AS0055,,,70,13.44,,,,,,,,,1,3,Dépendance,,0,,,,,,6.111707,46.264347
2023-93,2023-01-12,000001,Vente,450000,148,,RUE DU PERE ADAM,0109,01210,01281,Ornex,01,,,01281000AS0055,,,24,106.58,,,,,,,,,1,2,Appartement,110,5,,,,,,6.111707,46.264347
2023-94,2023-01-13,000001,Vente,520000,715,,RUE VOLTAIRE,0780,01220,01143,Divonne-les-Bains,01,,,01143000AO0004,,,33,115.8,5,,,,,,,,2,3,Dépendance,,0,,,,,,6.132762,46.350285
2023-94,2023-01-13,000001,Vente,520000,715,,RUE VOLTAIRE,0780,01220,01143,Divonne-les-Bains,01,,,01143000AO0004,,,16,,,,,,,,,,1,3,Dépendance,,0,,,,,,6.132762,46.350285
2023-94,2023-01-13,000001,Vente,520000,715,,RUE VOLTAIRE,0780,01220,01143,Divonne-les-Bains,01,,,01143000AO0004,,,33,115.8,5,,,,,,,,2,2,Appartement,118,4,,,,,,6.132762,46.350285
2023-94,2023-01-13,000001,Vente,520000,715,,RUE VOLTAIRE,0780,01220,01143,Divonne-les-Bains,01,,,01143000AO0004,,,33,115.8,5,,,,,,,,2,3,Dépendance,,0,,,,,,6.132762,46.350285
2023-95,2023-01-10,000001,Vente,350350,71,,IMP DE LA VENDEE,0113,01210,01435,Versonnex,01,,,01435000AA0192,,,18,62.61,,,,,,,,,1,2,Appartement,63,2,,,,,,6.098278,46.305587
2023-95,2023-01-10,000001,Vente,350350,71,,IMP DE LA VENDEE,0113,01210,01435,Versonnex,01,,,01435000AA0192,,,69,17.9,,,,,,,,,1,3,Dépendance,,0,,,,,,6.098278,46.305587
2023-95,2023-01-10,000001,Vente,350350,71,,IMP DE LA VENDEE,0113,01210,01435,Versonnex,01,,,01435000AA0192,,,70,17.9,,,,,,,,,1,3,Dépendance,,0,,,,,,6.098278,46.305587
2023-96,2023-01-12,000001,Vente,503100,20,,AV DE VESSY,0085,01210,01160,Ferney-Voltaire,01,,,01160000AK0161,,,221,109.57,49,,,,,,,,2,2,Appartement,110,2,,,,,,6.111252,46.261651
2023-96,2023-01-12,000001,Vente,503100,18,,AV DE VESSY,0085,01210,01160,Ferney-Voltaire,01,,,01160000AK0161,,,158,,,,,,,,,,1,3,Dépendance,,0,,,,,,6.111252,46.261651
2023-96,2023-01-12,000001,Vente,503100,20,,AV DE VESSY,0085,01210,01160,Ferney-Voltaire,01,,,01160000AK0161,,,221,109.57,49,,,,,,,,2,3,Dépendance,,0,,,,,,6.111252,46.261651
2023-97,2023-01-04,000001,Vente,1,,,LES VARENNES,B029,01600,01238,Massieux,01,,,01238000AB0128,,,,,,,,,,,,,0,,,,,P,prés,,,855,4.822171,45.911144
2023-98,2023-01-13,000002,Vente,259000,,,LES PRES NOIRS,B178,01560,01139,Curciat-Dongalon,01,,,01139000ZL0024,,,,,,,,,,,,,0,,,,,T,terres,,,9205,5.140204,46.481988
2023-98,2023-01-13,000002,Vente,259000,,,LES PRES NOIRS,B178,01560,01139,Curciat-Dongalon,01,,,01139000ZL0024,,,,,,,,,,,,,0,,,,,L,landes,,,815,5.140204,46.481988
2023-98,2023-01-13,000002,Vente,259000,1312,,RTE DE LA VARNA,0170,01560,01139,Curciat-Dongalon,01,,,01139000ZL0050,,,,,,,,,,,,,0,1,Maison,67,3,S,sols,,,2515,5.140141,46.482597
2023-98,2023-01-13,000002,Vente,259000,,,LES PRES NOIRS,B178,01560,01139,Curciat-Dongalon,01,,,01139000ZL0051,,,,,,,,,,,,,0,,,,,T,terres,,,1670,5.139443,46.482213
2023-99,2023-01-13,000001,Vente,92500,5,,RUE DE L EST,1430,01000,01053,Bourg-en-Bresse,01,,,01053000AX0258,,,11,,,,,,,,,,1,3,Dépendance,,0,,,,,,5.241335,46.19368
2023-99,2023-01-13,000001,Vente,92500,5,,RUE DE L EST,1430,01000,01053,Bourg-en-Bresse,01,,,01053000AX0258,,,16,71.24,,,,,,,,,1,2,Appartement,69,3,,,,,,5.241335,46.19368
2023-99,2023-01-13,000001,Vente,92500,5,,RUE DE L EST,1430,01000,01053,Bourg-en-Bresse,01,,,01053000AX0258,,,16,71.24,,,,,,,,,1,3,Dépendance,,0,,,,,,5.241335,46.19368
2023-100,2023-01-14,000001,Vente,206500,294,,RTE DE MONTREVEL,0022,01340,01024,Attignat,01,,,01024000AA0093,,,,,,,,,,,,,0,3,Dépendance,,0,S,sols,,,1154,5.155628,46.294436
2023-100,2023-01-14,000001,Vente,206500,294,,RTE DE MONTREVEL,0022,01340,01024,Attignat,01,,,01024000AA0093,,,,,,,,,,,,,0,3,Dépendance,,0,S,sols,,,1154,5.155628,46.294436
2023-100,2023-01-14,000001,Vente,206500,294,,RTE DE MONTREVEL,0022,01340,01024,Attignat,01,,,01024000AA0093,,,,,,,,,,,,,0,1,Maison,144,5,S,sols,,,1154,5.155628,46.294436
2023-101,2023-01-14,000001,Vente,500,,,LES ANSSIERES,B004,01570,01159,Feillens,01,,,011590000D1008,,,,,,,,,,,,,0,,,,,T,terres,,,540,4.896605,46.325069
2023-102,2023-01-06,000001,Vente,215000,250,,RTE DU COLOMBIER,0170,01380,01025,Bâgé-Dommartin,01,,,010250000F1442,,,,,,,,,,,,,0,1,Maison,85,3,S,sols,,,1110,4.949853,46.316462
2023-102,2023-01-06,000001,Vente,215000,250,,RTE DU COLOMBIER,0170,01380,01025,Bâgé-Dommartin,01,,,010250000F1442,,,,,,,,,,,,,0,3,Dépendance,,0,S,sols,,,1110,4.949853,46.316462
2023-102,2023-01-06,000001,Vente,215000,,,AU COLOMBIER,B066,01380,01025,Bâgé-Dommartin,01,,,010250000F1445,,,,,,,,,,,,,0,,,,,J,jardins,,,712,4.949739,46.316293
2023-103,2023-01-16,000001,Vente,165000,560,,QUAI BOUCHACOURT,0060,01750,01370,Saint-Laurent-sur-Saône,01,,,013700000A0626,,,39,,,,,,,,,,1,3,Dépendance,,0,,,,,,4.841766,46.309876
2023-103,2023-01-16,000001,Vente,165000,575,,QUAI BOUCHACOURT,0060,01750,01370,Saint-Laurent-sur-Saône,01,,,013700000A0626,,,14,,,,,,,,,,1,3,Dépendance,,0,,,,,,4.841766,46.309876
2023-103,2023-01-16,000001,Vente,165000,575,,QUAI BOUCHACOURT,0060,01750,01370,Saint-Laurent-sur-Saône,01,,,013700000A0626,,,28,,,,,,,,,,1,2,Appartement,65,3,,,,,,4.841766,46.309876
2023-104,2023-01-05,000001,Vente,75000,,,GRAND CHEMIN,B131,01450,01303,Poncin,01,,,01303000AD0282,,,,,,,,,,,,,0,,,,,S,sols,,,58,5.406576,46.083906
2023-104,2023-01-05,000001,Vente,75000,,,GRAND CHEMIN,B131,01450,01303,Poncin,01,,,01303000AD0284,,,,,,,,,,,,,0,,,,,J,jardins,,,957,5.406395,46.083793
2023-104,2023-01-05,000001,Vente,75000,,,GRAND CHEMIN,B131,01450,01303,Poncin,01,,,01303000AD0285,,,,,,,,,,,,,0,,,,,J,jardins,,,471,5.406165,46.083855
2023-105,2023-01-06,000001,Vente,80000,83,,RUE CHARLES ROBIN,0820,01000,01053,Bourg-en-Bresse,01,,,01053000BK0039,,,24,,3,,,,,,,,2,4,Local industriel. commercial ou assimilé,180,0,,,,,,5.23444,46.206155
2023-105,2023-01-06,000001,Vente,80000,81,,RUE CHARLES ROBIN,0820,01000,01053,Bourg-en-Bresse,01,,,01053000BK0040,,,1,83.49,,,,,,,,,1,4,Local industriel. commercial ou assimilé,180,0,,,,,,5.234327,46.206183
2023-106,2023-01-11,000001,Vente,3100,,,LES GUIGNATONS,B100,01270,01108,Coligny,01,,,01108000ZM0029,,,,,,,,,,,,,0,,,,,P,prés,,,12320,5.312316,46.384501
2023-106,2023-01-11,000001,Vente,3100,,,ORGENT,B124,01270,01108,Coligny,01,,,01108000ZM0107,,,,,,,,,,,,,0,,,,,BT,taillis simples,,,1610,5.31257,46.385255
2023-106,2023-01-11,000001,Vente,3100,,,ORGENT,B124,01270,01108,Coligny,01,,,01108000ZM0109,,,,,,,,,,,,,0,,,,,BT,taillis simples,,,814,5.312252,46.385152
2023-107,2023-01-11,000001,Vente,500,,,EN CHATAIGNERAT,B043,01270,01108,Coligny,01,,,01108000ZB0030,,,,,,,,,,,,,0,,,,,BT,taillis simples,,,720,5.347381,46.39706
2023-108,2023-01-05,000001,Vente,40000,,,LA COMBE,B038,01150,01411,Souclin,01,,,014110000B1797,,,,,,,,,,,,,0,,,,,S,sols,,,175,5.42072,45.877195
2023-108,2023-01-05,000001,Vente,40000,,,LA LITTE,B103,01150,01411,Souclin,01,,,014110000B1837,,,,,,,,,,,,,0,,,,,P,prés,,,437,5.420603,45.877775
2023-108,2023-01-05,000001,Vente,40000,,,LA LITTE,B103,01150,01411,Souclin,01,,,014110000B1838,,,,,,,,,,,,,0,,,,,P,prés,,,111,5.420393,45.877707
2023-109,2023-01-10,000001,Vente,1500,,,TERRES DE L HOPITAL,B388,01370,01426,Val-Revermont,01,,,01426137ZD0128,,,,,,,,,,,,,0,,,,,T,terres,,,490,5.383149,46.296858
2023-110,2023-01-05,000001,Vente,219000,3,,ALL PR ALEXANDRE LACASSAGNE,0520,01700,01043,Beynost,01,,,01043000AK0805,,,100,,,,,,,,,,1,3,Dépendance,,0,,,,,,4.999014,45.834841
2023-110,2023-01-05,000001,Vente,219000,4,,ALL PR ALEXANDRE LACASSAGNE,0520,01700,01043,Beynost,01,,,01043000AK0805,,,23,57.53,,,,,,,,,1,2,Appartement,57,3,,,,,,4.999014,45.834841
2023-110,2023-01-05,000001,Vente,219000,3,,ALL PR ALEXANDRE LACASSAGNE,0520,01700,01043,Beynost,01,,,01043000AK0805,,,92,,,,,,,,,,1,3,Dépendance,,0,,,,,,4.999014,45.834841
2023-111,2023-01-04,000001,Vente,274000,2823,,RTE DE BEAUPONT,0014,01340,01163,Foissiat,01,,,01163000WC0209,,,,,,,,,,,,,0,1,Maison,112,6,S,sols,,,2403,5.198414,46.405317
2023-111,2023-01-04,000001,Vente,274000,2823,,RTE DE BEAUPONT,0014,01340,01163,Foissiat,01,,,01163000WC0209,,,,,,,,,,,,,0,1,Maison,112,6,AG,terrains d'agrément,JARD,Jardin d'agrément,1485,5.198414,46.405317
2023-111,2023-01-04,000001,Vente,274000,2823,,RTE DE BEAUPONT,0014,01340,01163,Foissiat,01,,,01163000WC0209,,,,,,,,,,,,,0,3,Dépendance,,0,AG,terrains d'agrément,JARD,Jardin d'agrément,1485,5.198414,46.405317
2023-111,2023-01-04,000001,Vente,274000,2823,,RTE DE BEAUPONT,0014,01340,01163,Foissiat,01,,,01163000WC0209,,,,,,,,,,,,,0,3,Dépendance,,0,S,sols,,,2403,5.198414,46.405317
2023-112,2023-01-10,000001,Vente,328450,387,,VC DU BAS DE CHAMERANDE,0007,01190,01337,Saint-Bénigne,01,,,01337000AC0006,,,,,,,,,,,,,0,3,Dépendance,,0,S,sols,,,2429,4.949217,46.460102
2023-112,2023-01-10,000001,Vente,328450,387,,VC DU BAS DE CHAMERANDE,0007,01190,01337,Saint-Bénigne,01,,,01337000AC0006,,,,,,,,,,,,,0,3,Dépendance,,0,S,sols,,,2429,4.949217,46.460102
2023-112,2023-01-10,000001,Vente,328450,387,,VC DU BAS DE CHAMERANDE,0007,01190,01337,Saint-Bénigne,01,,,01337000AC0006,,,,,,,,,,,,,0,1,Maison,213,7,S,sols,,,2429,4.949217,46.460102
2023-112,2023-01-10,000001,Vente,328450,387,,VC DU BAS DE CHAMERANDE,0007,01190,01337,Saint-Bénigne,01,,,01337000AC0006,,,,,,,,,,,,,0,3,Dépendance,,0,J,jardins,,,1325,4.949217,46.460102
2023-112,2023-01-10,000001,Vente,328450,387,,VC DU BAS DE CHAMERANDE,0007,01190,01337,Saint-Bénigne,01,,,01337000AC0006,,,,,,,,,,,,,0,1,Maison,213,7,J,jardins,,,1325,4.949217,46.460102
2023-112,2023-01-10,000001,Vente,328450,387,,VC DU BAS DE CHAMERANDE,0007,01190,01337,Saint-Bénigne,01,,,01337000AC0006,,,,,,,,,,,,,0,3,Dépendance,,0,J,jardins,,,1325,4.949217,46.460102
2023-113,2023-01-06,000001,Vente,330000,,,AUX MEURIERS,B187,01380,01025,Bâgé-Dommartin,01,,,010250000G0506,,,,,,,,,,,,,0,,,,,S,sols,,,77,4.979374,46.298826
2023-113,2023-01-06,000001,Vente,330000,1536,,RTE DE SAINT CYR,0480,01380,01025,Bâgé-Dommartin,01,,,010250000G0508,,,,,,,,,,,,,0,1,Maison,147,5,AG,terrains d'agrément,,,1499,4.979769,46.29906
2023-113,2023-01-06,000001,Vente,330000,1536,,RTE DE SAINT CYR,0480,01380,01025,Bâgé-Dommartin,01,,,010250000G0508,,,,,,,,,,,,,0,1,Maison,147,5,S,sols,,,500,4.979769,46.29906
2023-113,2023-01-06,000001,Vente,330000,,,AUX MEURIERS,B187,01380,01025,Bâgé-Dommartin,01,,,010250000G0512,,,,,,,,,,,,,0,,,,,S,sols,,,347,4.97965,46.298823
2023-113,2023-01-06,000001,Vente,330000,,,AUX MEURIERS,B187,01380,01025,Bâgé-Dommartin,01,,,010250000G0514,,,,,,,,,,,,,0,,,,,S,sols,,,205,4.979741,46.299187
2023-114,2023-01-06,000001,Vente,625000,5,,RUE DES PRIMEVERES,0300,01710,01419,Thoiry,01,,,01419000BO0363,,,,,,,,,,,,,0,1,Maison,156,4,S,sols,,,811,5.976087,46.233583
2023-115,2023-01-10,000001,Vente,225000,10,,AV VOLTAIRE,0030,01210,01160,Ferney-Voltaire,01,,,01160000AI0621,,,27,52.8,,,,,,,,,1,3,Dépendance,,0,,,,,,6.110841,46.256959
2023-115,2023-01-10,000001,Vente,225000,10,,AV VOLTAIRE,0030,01210,01160,Ferney-Voltaire,01,,,01160000AI0621,,,27,52.8,,,,,,,,,1,3,Dépendance,,0,,,,,,6.110841,46.256959
2023-115,2023-01-10,000001,Vente,225000,10,,AV VOLTAIRE,0030,01210,01160,Ferney-Voltaire,01,,,01160000AI0621,,,27,52.8,,,,,,,,,1,2,Appartement,40,1,,,,,,6.110841,46.256959
2023-116,2023-01-06,000001,Vente en l'état futur d'achèvement,45000,4,A,ALL CHOISEUL,0049,01210,01160,Ferney-Voltaire,01,,,01160000AC0127,,,102,,,,,,,,,,1,3,Dépendance,,0,,,,,,6.098136,46.248926
2023-116,2023-01-06,000001,Vente en l'état futur d'achèvement,45000,,,LA FIN,B012,01210,01160,Ferney-Voltaire,01,,,01160000AC0127,,,139,,,,,,,,,,1,3,Dépendance,,0,,,,,,6.098136,46.248926
2023-117,2023-01-06,000001,Vente,900000,76,,GR GRANDE RUE,0660,01220,01143,Divonne-les-Bains,01,,,01143000AK0551,,,101,204.3,145,,146,,292,,,,4,2,Appartement,210,7,,,,,,6.140385,46.355313
2023-117,2023-01-06,000001,Vente,900000,76,,GR GRANDE RUE,0660,01220,01143,Divonne-les-Bains,01,,,01143000AK0551,,,101,204.3,145,,146,,292,,,,4,3,Dépendance,,0,,,,,,6.140385,46.355313
2023-117,2023-01-06,000001,Vente,900000,76,,GR GRANDE RUE,0660,01220,01143,Divonne-les-Bains,01,,,01143000AK0551,,,101,204.3,145,,146,,292,,,,4,3,Dépendance,,0,,,,,,6.140385,46.355313
2023-117,2023-01-06,000001,Vente,900000,76,,GR GRANDE RUE,0660,01220,01143,Divonne-les-Bains,01,,,01143000AK0551,,,101,204.3,145,,146,,292,,,,4,3,Dépendance,,0,,,,,,6.140385,46.355313
2023-117,2023-01-06,000001,Vente,900000,76,,GR GRANDE RUE,0660,01220,01143,Divonne-les-Bains,01,,,01143000AK0551,,,101,204.3,145,,146,,292,,,,4,3,Dépendance,,0,,,,,,6.140385,46.355313
2023-118,2023-01-06,000001,Vente,325000,,,ALLEMOGNE,B003,01710,01419,Thoiry,01,,,01419000BV0159,,,,,,,,,,,,,0,,,,,AB,terrains a bâtir,,,726,5.98222,46.240689
2023-119,2023-01-13,000001,Vente,150,,,LES PETITS BOIS,B047,01560,01367,Saint-Julien-sur-Reyssouze,01,,,013670000B0249,,,,,,,,,,,,,0,,,,,P,prés,,,350,5.089124,46.404944
2023-120,2023-01-10,000001,Vente,182000,190,,CHE DU MOULIN NEUF,0150,01340,01196,Jayat,01,,,011960000D0004,,,,,,,,,,,,,0,3,Dépendance,,0,S,sols,,,850,5.112125,46.393228
2023-120,2023-01-10,000001,Vente,182000,190,,CHE DU MOULIN NEUF,0150,01340,01196,Jayat,01,,,011960000D0004,,,,,,,,,,,,,0,1,Maison,119,5,S,sols,,,850,5.112125,46.393228
2023-120,2023-01-10,000001,Vente,182000,190,,CHE DU MOULIN NEUF,0150,01340,01196,Jayat,01,,,011960000D0004,,,,,,,,,,,,,0,3,Dépendance,,0,S,sols,,,850,5.112125,46.393228
2023-120,2023-01-10,000001,Vente,182000,,,MOULIN BOURCET,B060,01340,01196,Jayat,01,,,011960000D0476,,,,,,,,,,,,,0,,,,,S,sols,,,229,5.112139,46.393443
2023-120,2023-01-10,000001,Vente,182000,,,MOULIN BOURCET,B060,01340,01196,Jayat,01,,,011960000D0477,,,,,,,,,,,,,0,,,,,AG,terrains d'agrément,JARD,Jardin d'agrément,697,5.112437,46.393331
2023-120,2023-01-10,000001,Vente,182000,,,LES GRANDS SILLONS,B046,01340,01196,Jayat,01,,,011960000D0480,,,,,,,,,,,,,0,,,,,S,sols,,,209,5.112265,46.393077
2023-121,2023-01-13,000001,Vente,150,,,LES PETITS BOIS,B047,01560,01367,Saint-Julien-sur-Reyssouze,01,,,013670000B0482,,,,,,,,,,,,,0,,,,,BT,taillis simples,,,990,5.088527,46.406813
2023-122,2023-01-05,000001,Vente terrain à bâtir,111420,,,SOUS LE VERGER,B086,01200,01044,Billiat,01,,,010440000C1022,,,,,,,,,,,,,0,,,,,P,prés,,,619,5.781281,46.078009
2023-123,2023-01-10,000001,Vente,200000,381,,RUE DU PREMONIN,0535,01500,01004,Ambérieu-en-Bugey,01,,,01004000AH0283,,,,,,,,,,,,,0,1,Maison,57,2,S,sols,,,728,5.329937,45.959523
2023-124,2023-01-06,000002,Vente,157000,,,MERPUIS,B097,01450,01404,Serrières-sur-Ain,01,,,014040000D1146,,,,,,,,,,,,,0,,,,,S,sols,,,9,5.435787,46.133213
2023-124,2023-01-06,000002,Vente,157000,,,MERPUIS,B097,01450,01404,Serrières-sur-Ain,01,,,014040000D1147,,,,,,,,,,,,,0,,,,,S,sols,,,21,5.435786,46.133246
2023-124,2023-01-06,000002,Vente,157000,,,GRAND PRE,B076,01450,01404,Serrières-sur-Ain,01,,,014040000D2299,,,,,,,,,,,,,0,,,,,P,prés,,,358,5.43543,46.13384
2023-124,2023-01-06,000002,Vente,157000,,,GRAND PRE,B076,01450,01404,Serrières-sur-Ain,01,,,014040000D2355,,,,,,,,,,,,,0,,,,,S,sols,,,1779,5.435143,46.13425
2023-124,2023-01-06,000002,Vente,157000,,,GRAND PRE,B076,01450,01404,Serrières-sur-Ain,01,,,014040000D2357,,,,,,,,,,,,,0,,,,,P,prés,,,448,5.435242,46.133902
2023-124,2023-01-06,000002,Vente,157000,,,GRAND PRE,B076,01450,01404,Serrières-sur-Ain,01,,,014040000D2360,,,,,,,,,,,,,0,,,,,P,prés,,,16,5.435211,46.134034
2023-124,2023-01-06,000002,Vente,157000,,,MERPUIS,B097,01450,01404,Serrières-sur-Ain,01,,,014040000D2381,,,,,,,,,,,,,0,,,,,S,sols,,,3014,5.435445,46.133449
2023-125,2023-01-06,000001,Vente en l'état futur d'achèvement,244549.77,,,EN CHESSENIN,B036,01250,01422,Tossiat,01,,,01422000ZD0364,,,,,,,,,,,,,0,,,,,AB,terrains a bâtir,,,421,5.320188,46.143363
2023-126,2023-01-09,000002,Vente,96000,,,CRANGEAT,B050,01340,01024,Attignat,01,,,01024000AM0163,,,,,,,,,,,,,0,,,,,AG,terrains d'agrément,,,1200,5.198617,46.289491
2023-127,2023-01-10,000001,Vente,140000,,,LES VALETTES,B163,01160,01314,Priay,01,,,013140000D2773,,,,,,,,,,,,,0,,,,,S,sols,,,15,5.293878,46.026533
2023-127,2023-01-10,000001,Vente,140000,,,LES VALETTES,B163,01160,01314,Priay,01,,,013140000D2779,,,,,,,,,,,,,0,,,,,S,sols,,,109,5.293828,46.026576
2023-127,2023-01-10,000001,Vente,140000,,,LES VALETTES,B163,01160,01314,Priay,01,,,013140000D2782,,,,,,,,,,,,,0,,,,,S,sols,,,77,5.293588,46.026653
2023-127,2023-01-10,000001,Vente,140000,,,LES VALETTES,B163,01160,01314,Priay,01,,,013140000D2785,,,,,,,,,,,,,0,,,,,S,sols,,,220,5.293588,46.026552
2023-127,2023-01-10,000001,Vente,140000,,,LES VALETTES,B163,01160,01314,Priay,01,,,013140000D2790,,,,,,,,,,,,,0,,,,,S,sols,,,17,5.2934,46.026719
2023-127,2023-01-10,000001,Vente,140000,,,LES VALETTES,B163,01160,01314,Priay,01,,,013140000D2795,,,,,,,,,,,,,0,,,,,AG,terrains d'agrément,,,204,5.293493,46.026746
2023-127,2023-01-10,000001,Vente,140000,,,LES VALETTES,B163,01160,01314,Priay,01,,,013140000D2797,,,,,,,,,,,,,0,,,,,AG,terrains d'agrément,,,8,5.293732,46.02651
2023-127,2023-01-10,000001,Vente,140000,,,LES VALETTES,B163,01160,01314,Priay,01,,,013140000D2798,,,,,,,,,,,,,0,,,,,AG,terrains d'agrément,,,10,5.293825,46.02652
2023-128,2023-01-12,000001,Vente,50400,185,,AV DU MONT BLANC,0234,01710,01419,Thoiry,01,,,01419000AE0066,,,85,22.03,,,,,,,,,1,4,Local industriel. commercial ou assimilé,21,0,,,,,,6.010126,46.237455
2023-129,2023-01-06,000001,Vente,135000,230,,RTE DES FONTANETTES,0074,01340,01163,Foissiat,01,,,01163000AB0050,,,,,,,,,,,,,0,3,Dépendance,,0,S,sols,,,1260,5.1733,46.369788
2023-129,2023-01-06,000001,Vente,135000,230,,RTE DES FONTANETTES,0074,01340,01163,Foissiat,01,,,01163000AB0050,,,,,,,,,,,,,0,1,Maison,102,5,S,sols,,,1260,5.1733,46.369788
2023-129,2023-01-06,000001,Vente,135000,230,,RTE DES FONTANETTES,0074,01340,01163,Foissiat,01,,,01163000AB0050,,,,,,,,,,,,,0,1,Maison,71,2,S,sols,,,1260,5.1733,46.369788
2023-130,2023-01-09,000001,Vente,1000,,,EN MIRANDE,B087,01250,01422,Tossiat,01,,,014220000C0120,,,,,,,,,,,,,0,,,,,VI,vignes,,,340,5.327686,46.138057
2023-130,2023-01-09,000001,Vente,1000,,,EN MIRANDE,B087,01250,01422,Tossiat,01,,,014220000C0156,,,,,,,,,,,,,0,,,,,VI,vignes,,,714,5.326188,46.138457
2023-130,2023-01-09,000001,Vente,1000,,,LA COMBE,B045,01250,01422,Tossiat,01,,,014220000C0818,,,,,,,,,,,,,0,,,,,BT,taillis simples,,,660,5.329859,46.130781
2023-130,2023-01-09,000001,Vente,1000,,,LA COMBE,B045,01250,01422,Tossiat,01,,,014220000C0820,,,,,,,,,,,,,0,,,,,BT,taillis simples,,,595,5.329887,46.131143
2023-130,2023-01-09,000001,Vente,1000,,,LA COMBE,B045,01250,01422,Tossiat,01,,,014220000C0821,,,,,,,,,,,,,0,,,,,BT,taillis simples,,,80,5.33024,46.131708
2023-130,2023-01-09,000001,Vente,1000,,,LA CHANAZ,B029,01250,01422,Tossiat,01,,,014220000C0922,,,,,,,,,,,,,0,,,,,P,prés,,,320,5.322572,46.136466
2023-130,2023-01-09,000001,Vente,1000,,,LA PESSAMMANDIERE,B100,01250,01422,Tossiat,01,,,014220000C1167,,,,,,,,,,,,,0,,,,,BT,taillis simples,,,620,5.329707,46.134997
2023-130,2023-01-09,000001,Vente,1000,,,CHANTE MERLE,B032,01250,01422,Tossiat,01,,,014220000C1183,,,,,,,,,,,,,0,,,,,BT,taillis simples,,,265,5.328401,46.134513
2023-130,2023-01-09,000001,Vente,1000,,,CHANTE MERLE,B032,01250,01422,Tossiat,01,,,014220000C1193,,,,,,,,,,,,,0,,,,,BT,taillis simples,,,250,5.328552,46.134382
2023-130,2023-01-09,000001,Vente,1000,,,CHANTE MERLE,B032,01250,01422,Tossiat,01,,,014220000C1194,,,,,,,,,,,,,0,,,,,BT,taillis simples,,,110,5.328946,46.134335
2023-130,2023-01-09,000001,Vente,1000,,,CHANTE MERLE,B032,01250,01422,Tossiat,01,,,014220000C1200,,,,,,,,,,,,,0,,,,,BT,taillis simples,,,640,5.329677,46.134334
2023-130,2023-01-09,000001,Vente,1000,,,SOUS CHEZ PERROD,B116,01640,01002,L'Abergement-de-Varey,01,,,01002000AC0490,,,,,,,,,,,,,0,,,,,P,prés,,,2950,5.422401,46.00997
2023-131,2023-01-13,000001,Vente,235000,,,FEIGERES,B082,01630,01288,Péron,01,,,012880000B1396,,,,,,,,,,,,,0,,,,,AB,terrains a bâtir,,,248,5.930564,46.207628
2023-131,2023-01-13,000001,Vente,235000,,,FEIGERES,B082,01630,01288,Péron,01,,,012880000B1418,,,,,,,,,,,,,0,,,,,AB,terrains a bâtir,,,35,5.930528,46.207707
2023-131,2023-01-13,000001,Vente,235000,,,FEIGERES,B082,01630,01288,Péron,01,,,012880000B1433,,,,,,,,,,,,,0,,,,,AB,terrains a bâtir,,,117,5.930448,46.207616
2023-132,2023-01-12,000001,Vente,3712.7,,,LE GEX,B035,01130,01087,Charix,01,,,010870000A0012,,,,,,,,,,,,,0,,,,,BM,futaies mixtes,,,2360,5.680617,46.206912
2023-132,2023-01-12,000001,Vente,3712.7,,,AU BAYON,B003,01130,01087,Charix,01,,,010870000A0424,,,,,,,,,,,,,0,,,,,T,terres,,,940,5.68023,46.19069
2023-132,2023-01-12,000001,Vente,3712.7,,,SONGEY,B072,01130,01087,Charix,01,,,010870000A0441,,,,,,,,,,,,,0,,,,,P,prés,,,579,5.679816,46.189955
2023-132,2023-01-12,000001,Vente,3712.7,,,SONGEY,B072,01130,01087,Charix,01,,,010870000A0444,,,,,,,,,,,,,0,,,,,P,prés,,,2038,5.679578,46.190199
2023-132,2023-01-12,000001,Vente,3712.7,,,SONGEY,B072,01130,01087,Charix,01,,,010870000A0445,,,,,,,,,,,,,0,,,,,P,prés,,,797,5.679663,46.190264
2023-132,2023-01-12,000001,Vente,3712.7,,,SONGEY,B072,01130,01087,Charix,01,,,010870000A0453,,,,,,,,,,,,,0,,,,,T,terres,,,1648,5.678831,46.191318
2023-132,2023-01-12,000001,Vente,3712.7,,,SONGEY,B072,01130,01087,Charix,01,,,010870000A0454,,,,,,,,,,,,,0,,,,,T,terres,,,1879,5.679225,46.191397
2023-132,2023-01-12,000001,Vente,3712.7,,,SONGEY,B072,01130,01087,Charix,01,,,010870000A0455,,,,,,,,,,,,,0,,,,,T,terres,,,1432,5.679507,46.191408
2023-132,2023-01-12,000001,Vente,3712.7,,,SONGEY,B072,01130,01087,Charix,01,,,010870000A0456,,,,,,,,,,,,,0,,,,,T,terres,,,1201,5.67938,46.191517
2023-132,2023-01-12,000001,Vente,3712.7,,,SONGEY,B072,01130,01087,Charix,01,,,010870000A0675,,,,,,,,,,,,,0,,,,,P,prés,,,883,5.679356,46.189864
2023-132,2023-01-12,000001,Vente,3712.7,,,LES SAUGES,B069,01130,01087,Charix,01,,,010870000A0847,,,,,,,,,,,,,0,,,,,P,prés,,,21,5.676713,46.189534
2023-133,2023-01-12,000001,Vente,80000,,,LE VILLAGE,B209,01580,01410,Sonthonnax-la-Montagne,01,,,01410000AB0128,,,,,,,,,,,,,0,,,,,S,sols,,,24,5.52447,46.234041
2023-133,2023-01-12,000001,Vente,80000,96,,RUE DES TISSERANDS,0180,01580,01410,Sonthonnax-la-Montagne,01,,,01410000AB0155,,,,,,,,,,,,,0,1,Maison,120,3,S,sols,,,154,5.524471,46.234092
2023-134,2023-01-09,000001,Vente,10000,,,AU CARRE,B018,01190,01016,Arbigny,01,,,01016000ZK0021,,,,,,,,,,,,,0,,,,,T,terres,,,1880,4.96216,46.466142
2023-135,2023-01-04,000001,Vente,3300,,,LE SABLON,B259,01380,01025,Bâgé-Dommartin,01,,,010250000A1007,,,,,,,,,,,,,0,,,,,BT,taillis simples,,,792,4.922737,46.332151
2023-135,2023-01-04,000001,Vente,3300,,,LA MALADIERE,B191,01570,01159,Feillens,01,,,01159000AL0206,,,,,,,,,,,,,0,,,,,T,terres,,,674,4.888147,46.328535
2023-135,2023-01-04,000001,Vente,3300,,,LES NIVRES,B216,01570,01159,Feillens,01,,,01159000ZK0006,,,,,,,,,,,,,0,,,,,P,prés,,,1650,4.855527,46.326527
2023-135,2023-01-04,000001,Vente,3300,,,LES BREDATS,B019,01570,01231,Manziat,01,,,01231000ZH0276,,,,,,,,,,,,,0,,,,,BT,taillis simples,,,572,4.911668,46.347602
2023-136,2023-01-04,000001,Vente,608.57,,,LE SABLON,B262,01570,01159,Feillens,01,,,011590000D0221,,,,,,,,,,,,,0,,,,,BT,taillis simples,,,1420,4.918802,46.329176
2023-137,2023-01-04,000001,Vente,220,,,BAS DES GOURDS,B010,01570,01159,Feillens,01,,,01159000ZA0126,,,,,,,,,,,,,0,,,,,P,prés,,,720,4.875816,46.357399
2023-137,2023-01-04,000001,Vente,220,,,BAS DES GOURDS,B010,01570,01159,Feillens,01,,,01159000ZA0127,,,,,,,,,,,,,0,,,,,P,prés,,,1010,4.875293,46.357571
2023-137,2023-01-04,000001,Vente,220,,,GOURS,B070,01570,01231,Manziat,01,,,01231000ZA0498,,,,,,,,,,,,,0,,,,,P,prés,,,80,4.87611,46.35727
2023-138,2023-01-04,000001,Vente,591.43,,,ETANG MORTOT,B121,01570,01159,Feillens,01,,,011590000C0761,,,,,,,,,,,,,0,,,,,BT,taillis simples,,,1380,4.912381,46.341014
2023-139,2023-01-04,000001,Vente,100,,,VIGNE BLANCHE,B341,01570,01159,Feillens,01,,,011590000D0657,,,,,,,,,,,,,0,,,,,T,terres,,,400,4.90395,46.322095
2023-140,2023-01-04,000001,Vente,80,,,VERCHERE D ADILLON,B313,01570,01159,Feillens,01,,,01159000AI0175,,,,,,,,,,,,,0,,,,,T,terres,,,427,4.904089,46.329373
2023-141,2023-01-05,000001,Vente,93000,,,LE BOURG,B020,01540,01457,Vonnas,01,,,014570000A1581,,,10,50.09,,,,,,,,,1,2,Appartement,60,3,,,,,,4.990333,46.219205
2023-141,2023-01-05,000001,Vente,93000,,,LE BOURG,B020,01540,01457,Vonnas,01,,,014570000A1581,,,4,,,,,,,,,,1,3,Dépendance,,0,,,,,,4.990333,46.219205
2023-142,2023-01-13,000001,Vente,245000,62,,RUE VOLTAIRE,0780,01220,01143,Divonne-les-Bains,01,,,01143000AN0176,,,10,,21,52.71,,,,,,,2,2,Appartement,54,2,,,,,,6.137504,46.355354
2023-142,2023-01-13,000001,Vente,245000,62,,RUE VOLTAIRE,0780,01220,01143,Divonne-les-Bains,01,,,01143000AN0176,,,10,,21,52.71,,,,,,,2,3,Dépendance,,0,,,,,,6.137504,46.355354
2023-143,2023-01-06,000001,Vente,44500,,,LE BOURG,B020,01540,01457,Vonnas,01,,,014570000A1581,,,7,25.85,,,,,,,,,1,2,Appartement,23,1,,,,,,4.990333,46.219205
2023-143,2023-01-06,000001,Vente,44500,,,LE BOURG,B020,01540,01457,Vonnas,01,,,014570000A1581,,,3,,,,,,,,,,1,3,Dépendance,,0,,,,,,4.990333,46.219205
2023-144,2023-01-11,000001,Vente,312000,,,TERRE GUILLET,B049,01500,01345,Saint-Denis-en-Bugey,01,,,01345000AK0394,,,,,,,,,,,,,0,,,,,T,terres,,,35,5.322259,45.948085
2023-144,2023-01-11,000001,Vente,312000,,,TERRE GUILLET,B049,01500,01345,Saint-Denis-en-Bugey,01,,,01345000AK0396,,,,,,,,,,,,,0,,,,,T,terres,,,341,5.321906,45.94783
2023-144,2023-01-11,000001,Vente,312000,1,,TERRE GUILLET,B049,01500,01345,Saint-Denis-en-Bugey,01,,,01345000AK0618,,,,,,,,,,,,,0,1,Maison,109,5,S,sols,,,800,5.321499,45.9478
2023-145,2023-01-12,000001,Vente,158000,26,,AV ROGER SALENGRO,0570,01500,01004,Ambérieu-en-Bugey,01,,,01004000BS0492,,,70,,86,76.58,,,,,,,2,2,Appartement,76,3,,,,,,5.346728,45.956628
2023-145,2023-01-12,000001,Vente,158000,26,,AV ROGER SALENGRO,0570,01500,01004,Ambérieu-en-Bugey,01,,,01004000BS0492,,,54,,,,,,,,,,1,3,Dépendance,,0,,,,,,5.346728,45.956628
2023-145,2023-01-12,000001,Vente,158000,26,,AV ROGER SALENGRO,0570,01500,01004,Ambérieu-en-Bugey,01,,,01004000BS0492,,,70,,86,76.58,,,,,,,2,3,Dépendance,,0,,,,,,5.346728,45.956628
2023-145,2023-01-12,000001,Vente,158000,26,,AV ROGER SALENGRO,0570,01500,01004,Ambérieu-en-Bugey,01,,,01004000BS0492,,,70,,86,76.58,,,,,,,2,3,Dépendance,,0,,,,,,5.346728,45.956628
2023-146,2023-01-11,000001,Vente,3400,,,LA LONGUE RAIE,B076,01500,01149,Douvres,01,,,011490000A0274,,,,,,,,,,,,,0,,,,,T,terres,,,9938,5.35375,45.988064
2023-147,2023-01-05,000001,Vente,175000,,,VILLAGE DE CHARNOZ,B036,01800,01088,Charnoz-sur-Ain,01,,,010880000B1164,,,,,,,,,,,,,0,,,,,AB,terrains a bâtir,,,775,5.221539,45.870827
2023-148,2023-01-03,000001,Vente,118000,30,,RUE JOSEPH LEGER,0120,01170,01071,Cessy,01,,,01071000AV0080,,,107,58.5,115,,,,,,,,2,2,Appartement,45,1,,,,,,6.06941,46.319541
2023-149,2023-01-09,000001,Vente,146500,5284,,PL DAVINET,0060,01160,01304,Pont-d'Ain,01,,,01304000AE0046,,,,,,,,,,,,,0,1,Maison,46,2,S,sols,,,25,5.346339,46.052669
2023-150,2023-01-12,000001,Vente,120000,41,,AV DU GEN DE GAULLE,0315,01500,01004,Ambérieu-en-Bugey,01,,,01004000AW1170,,,57,,,,,,,,,,1,4,Local industriel. commercial ou assimilé,58,0,,,,,,5.35653,45.964252
2023-151,2023-01-18,000001,Vente,250000,1771,,ALL DE ROMANS,0600,01400,01113,Condeissiat,01,,,011130000C0046,,,,,,,,,,,,,0,1,Maison,128,5,S,sols,,,230,5.060308,46.145461
2023-151,2023-01-18,000001,Vente,250000,,,CHAMP DE L ALLEE,B025,01400,01113,Condeissiat,01,,,011130000C0047,,,,,,,,,,,,,0,,,,,S,sols,,,500,5.060589,46.145564
2023-151,2023-01-18,000001,Vente,250000,,,CHAMP DE L ALLEE,B025,01400,01113,Condeissiat,01,,,011130000C0047,,,,,,,,,,,,,0,,,,,AG,terrains d'agrément,,,1370,5.060589,46.145564
2023-152,2023-01-16,000003,Echange,4225,,,CHAMERLANT,B048,01380,01025,Bâgé-Dommartin,01,,,010250000F2832,,,,,,,,,,,,,0,,,,,S,sols,,,208,4.943277,46.318216
2023-152,2023-01-16,000003,Echange,4225,,,GRAND MONTEPIN,B130,01380,01025,Bâgé-Dommartin,01,,,010250000F2837,,,,,,,,,,,,,0,,,,,S,sols,,,130,4.942877,46.318996
2023-153,2023-01-16,000004,Echange,25862.5,,,CHAMERLANT,B048,01380,01025,Bâgé-Dommartin,01,,,010250000F2834,,,,,,,,,,,,,0,,,,,S,sols,,,123,4.943183,46.318025
2023-153,2023-01-16,000004,Echange,25862.5,,,CHAMERLANT,B048,01380,01025,Bâgé-Dommartin,01,,,010250000F2835,,,,,,,,,,,,,0,,,,,S,sols,,,297,4.943252,46.318995
2023-153,2023-01-16,000004,Echange,25862.5,,,CHAMERLANT,B048,01380,01025,Bâgé-Dommartin,01,,,010250000F2838,,,,,,,,,,,,,0,,,,,S,sols,,,160,4.943114,46.318072
2023-153,2023-01-16,000004,Echange,25862.5,,,CHAMERLANT,B048,01380,01025,Bâgé-Dommartin,01,,,010250000F2839,,,,,,,,,,,,,0,,,,,S,sols,,,811,4.943051,46.318964
2023-154,2023-01-03,000001,Vente,146000,6,,RUE GEORGES MARIN,0227,01200,01033,Valserhône,01,,,01033000AL0740,,,38,68.71,,,,,,,,,1,2,Appartement,69,3,,,,,,5.824245,46.105573
2023-154,2023-01-03,000001,Vente,146000,6,,RUE GEORGES MARIN,0227,01200,01033,Valserhône,01,,,01033000AL0740,,,167,,,,,,,,,,1,3,Dépendance,,0,,,,,,5.824245,46.105573
2023-155,2023-01-05,000001,Vente,460000,,,CHAMP DU MUNAZ,B018,01700,01043,Beynost,01,,,01043000ZB0177,,,,,,,,,,,,,0,,,,,S,sols,,,129,4.999589,45.825913
2023-155,2023-01-05,000001,Vente,460000,687,,CHE DU SERMORAZ,1270,01700,01043,Beynost,01,,,01043000ZB0178,,,,,,,,,,,,,0,4,Local industriel. commercial ou assimilé,200,0,S,sols,,,639,4.999615,45.825821
2023-155,2023-01-05,000001,Vente,460000,,,CHAMP DU MUNAZ,B018,01700,01043,Beynost,01,,,01043000ZB0179,,,,,,,,,,,,,0,,,,,S,sols,,,459,4.999842,45.825886
2023-156,2023-01-10,000001,Vente,174000,90,,LOT DE CHAMP JACOB,A009,01340,01163,Foissiat,01,,,01163000AB0581,,,,,,,,,,,,,0,1,Maison,90,4,J,jardins,,,1106,5.172377,46.366522
2023-156,2023-01-10,000001,Vente,174000,90,,LOT DE CHAMP JACOB,A009,01340,01163,Foissiat,01,,,01163000AB0581,,,,,,,,,,,,,0,1,Maison,90,4,S,sols,,,633,5.172377,46.366522
2023-156,2023-01-10,000001,Vente,174000,,,CHAMP JACOB,B090,01340,01163,Foissiat,01,,,01163000AB0584,,,,,,,,,,,,,0,,,,,S,sols,,,632,5.171912,46.366308
2023-157,2023-01-11,000001,Vente,739000,164,,RUE ARISTIDE VUAILLET,0233,01630,01354,Saint-Genis-Pouilly,01,,,01354000BH0005,,,12,140.59,,,,,,,,,1,1,Maison,134,5,,,,,,6.018318,46.239423
2023-158,2023-01-04,000001,Vente,680000,137,,AV DE LA GRANDE SEIGLIERE,0170,01600,01339,Saint-Bernard,01,,,01339000AL0125,,,,,,,,,,,,,0,3,Dépendance,,0,AG,terrains d'agrément,,,1126,4.739463,45.944759
2023-158,2023-01-04,000001,Vente,680000,137,,AV DE LA GRANDE SEIGLIERE,0170,01600,01339,Saint-Bernard,01,,,01339000AL0125,,,,,,,,,,,,,0,1,Maison,180,4,AG,terrains d'agrément,,,1126,4.739463,45.944759
2023-158,2023-01-04,000001,Vente,680000,137,,AV DE LA GRANDE SEIGLIERE,0170,01600,01339,Saint-Bernard,01,,,01339000AL0125,,,,,,,,,,,,,0,1,Maison,180,4,S,sols,,,500,4.739463,45.944759
2023-158,2023-01-04,000001,Vente,680000,137,,AV DE LA GRANDE SEIGLIERE,0170,01600,01339,Saint-Bernard,01,,,01339000AL0125,,,,,,,,,,,,,0,3,Dépendance,,0,S,sols,,,500,4.739463,45.944759
2023-159,2023-01-13,000001,Vente,76000,237,,AV DES THERMES,0712,01220,01143,Divonne-les-Bains,01,,,01143000AM0055,,,45,22.52,,,,,,,,,1,4,Local industriel. commercial ou assimilé,22,0,,,,,,6.134794,46.360255
2023-160,2023-01-09,000001,Vente,1500,,,BOIS DE BIZ,B003,01480,01194,Jassans-Riottier,01,,,01194000AV0015,,,,,,,,,,,,,0,,,,,BT,taillis simples,,,9069,4.753677,45.964373
2023-160,2023-01-09,000001,Vente,1500,,,CHAMP DE RIOTTIER,B012,01480,01194,Jassans-Riottier,01,,,01194000AV0030,,,,,,,,,,,,,0,,,,,BT,taillis simples,,,4438,4.75542,45.963944
2023-161,2023-01-12,000001,Vente,340000,50,,ALL DU PUITS MINOZ,0130,01110,01012,Aranc,01,,,010120000E0185,,,,,,,,,,,,,0,3,Dépendance,,0,S,sols,,,540,5.525464,46.000881
2023-161,2023-01-12,000001,Vente,340000,50,,ALL DU PUITS MINOZ,0130,01110,01012,Aranc,01,,,010120000E0185,,,,,,,,,,,,,0,1,Maison,80,4,S,sols,,,540,5.525464,46.000881
2023-161,2023-01-12,000001,Vente,340000,,,CARRE GOYET,B023,01110,01012,Aranc,01,,,010120000E0579,,,,,,,,,,,,,0,,,,,P,prés,,,3006,5.52515,46.000764
2023-161,2023-01-12,000001,Vente,340000,,,CARRE GOYET,B023,01110,01012,Aranc,01,,,010120000E0580,,,,,,,,,,,,,0,,,,,P,prés,,,923,5.525697,46.00119
2023-162,2023-01-12,000001,Vente,2000,,,CHERPINET,B095,01160,01374,Saint-Martin-du-Mont,01,,,013740000B0608,,,,,,,,,,,,,0,,,,,VI,vignes,,,840,5.325985,46.124033
2023-163,2023-01-11,000001,Vente,112500,7,,RUE DES MARRONNIERS,2610,01000,01053,Bourg-en-Bresse,01,,,01053000AD0739,,,38,31.67,,,,,,,,,1,2,Appartement,31,1,,,,,,5.221309,46.205203
2023-164,2023-01-16,000001,Vente,605000,47,,AV DU SALEVE,0680,01220,01143,Divonne-les-Bains,01,,,01143000AP0450,,,90,,,,,,,,,,1,3,Dépendance,,0,,,,,,6.141718,46.351137
2023-164,2023-01-16,000001,Vente,605000,47,,AV DU SALEVE,0680,01220,01143,Divonne-les-Bains,01,,,01143000AP0450,,,43,84.64,,,,,,,,,1,2,Appartement,83,3,,,,,,6.141718,46.351137
2023-164,2023-01-16,000001,Vente,605000,47,,AV DU SALEVE,0680,01220,01143,Divonne-les-Bains,01,,,01143000AP0450,,,91,,,,,,,,,,1,3,Dépendance,,0,,,,,,6.141718,46.351137
2023-165,2023-01-16,000001,Vente,397300,17,B,ALL DU MOULIN DE BROU,2738,01000,01053,Bourg-en-Bresse,01,,,01053000BD0357,,,,,,,,,,,,,0,1,Maison,149,5,S,sols,,,631,5.240889,46.202078
2023-166,2023-01-03,000001,Vente,74000,275,,CHE DU BIEF DE L ETANG NEUF,0013,01960,01289,Péronnas,01,,,01289000AD0251,,,1,,19,43.72,,,,,,,2,3,Dépendance,,0,,,,,,5.206339,46.188723
2023-166,2023-01-03,000001,Vente,74000,275,,CHE DU BIEF DE L ETANG NEUF,0013,01960,01289,Péronnas,01,,,01289000AD0251,,,1,,19,43.72,,,,,,,2,2,Appartement,44,2,,,,,,5.206339,46.188723
2023-166,2023-01-03,000001,Vente,74000,275,,CHE DU BIEF DE L ETANG NEUF,0013,01960,01289,Péronnas,01,,,01289000AD0251,,,427,,,,,,,,,,1,3,Dépendance,,0,,,,,,5.206339,46.188723
2023-167,2023-01-04,000001,Vente,412600,130,,CHEM DU VILLAGE,0840,01120,01262,Montluel,01,,,012621200B0326,,,,,,,,,,,,,0,1,Maison,90,5,S,sols,,,1157,5.034223,45.915097
2023-168,2023-01-03,000001,Vente,189000,5114,,BONS,B015,01300,01098,Chazey-Bons,01,,,01098000AE0202,,,,,,,,,,,,,0,1,Maison,82,5,S,sols,,,767,5.682061,45.805371
2023-168,2023-01-03,000001,Vente,189000,,,BONS,B015,01300,01098,Chazey-Bons,01,,,01098000AE0203,,,,,,,,,,,,,0,,,,,J,jardins,,,157,5.682302,45.805209
2023-169,2023-01-13,000001,Vente,100000,1,,RUE JULES FERRY,0075,01640,01199,Jujurieux,01,,,01199000AE0070,,,,,,,,,,,,,0,2,Appartement,34,2,S,sols,,,55,5.409788,46.03927
2023-169,2023-01-13,000001,Vente,100000,1,,RUE JULES FERRY,0075,01640,01199,Jujurieux,01,,,01199000AE0070,,,,,,,,,,,,,0,3,Dépendance,,0,S,sols,,,55,5.409788,46.03927
2023-169,2023-01-13,000001,Vente,100000,9002,,IMP MARECHAL FERRAND,0089,01640,01199,Jujurieux,01,,,01199000AE0071,,,1,,10,,2,,3,,4,,10,3,Dépendance,,0,,,,,,5.40983,46.039345
2023-169,2023-01-13,000001,Vente,100000,9002,,IMP MARECHAL FERRAND,0089,01640,01199,Jujurieux,01,,,01199000AE0071,,,1,,10,,2,,3,,4,,10,3,Dépendance,,0,,,,,,5.40983,46.039345
2023-169,2023-01-13,000001,Vente,100000,9002,,IMP MARECHAL FERRAND,0089,01640,01199,Jujurieux,01,,,01199000AE0071,,,1,,10,,2,,3,,4,,10,3,Dépendance,,0,,,,,,5.40983,46.039345
2023-169,2023-01-13,000001,Vente,100000,9002,,IMP MARECHAL FERRAND,0089,01640,01199,Jujurieux,01,,,01199000AE0071,,,1,,10,,2,,3,,4,,10,3,Dépendance,,0,,,,,,5.40983,46.039345
2023-170,2023-01-17,000002,Vente,7765,,,EPARMET,B029,01170,01173,Gex,01,,,01173000AX0205,,,,,,,,,,,,,0,,,,,T,terres,,,3106,6.084272,46.329544
2023-171,2023-01-05,000002,Vente,10000,5117,,RUE FRATEL,0060,01250,01195,Jasseron,01,,,01195000AD0209,,,1,,,,,,,,,,1,3,Dépendance,,0,,,,,,5.328706,46.213322
2023-172,2023-01-11,000001,Vente,138000,7,,RUE DES MARRONNIERS,2610,01000,01053,Bourg-en-Bresse,01,,,01053000AD0739,,,120,,,,,,,,,,1,3,Dépendance,,0,,,,,,5.221309,46.205203
2023-172,2023-01-11,000001,Vente,138000,7,,RUE DES MARRONNIERS,2610,01000,01053,Bourg-en-Bresse,01,,,01053000AD0739,,,33,,,,,,,,,,1,2,Appartement,31,1,,,,,,5.221309,46.205203
2023-173,2023-01-13,000001,Vente,4549,,,BOIS DES ARDILIERES,B012,01320,01381,Saint-Nizier-le-Désert,01,,,013810000C0370,,,,,,,,,,,,,0,,,,,BS,taillis sous futaie,,,16850,5.132507,46.025927
2023-173,2023-01-13,000001,Vente,4549,,,BOIS DES ARDILIERES,B012,01320,01381,Saint-Nizier-le-Désert,01,,,013810000C0372,,,,,,,,,,,,,0,,,,,T,terres,,,8665,5.132064,46.023464
2023-174,2023-01-06,000001,Vente,224000,49,,RUE SANPELE,0127,01250,01195,Jasseron,01,,,01195000AD0109,,,,,,,,,,,,,0,1,Maison,106,3,S,sols,,,305,5.326001,46.211587
2023-174,2023-01-06,000001,Vente,224000,49,,RUE SANPELE,0127,01250,01195,Jasseron,01,,,01195000AD0109,,,,,,,,,,,,,0,3,Dépendance,,0,S,sols,,,305,5.326001,46.211587
2023-174,2023-01-06,000001,Vente,224000,49,,RUE SANPELE,0127,01250,01195,Jasseron,01,,,01195000AD0109,,,,,,,,,,,,,0,3,Dépendance,,0,S,sols,,,305,5.326001,46.211587
2023-174,2023-01-06,000001,Vente,224000,,,LE VILLAGE,B156,01250,01195,Jasseron,01,,,01195000AD0579,,,,,,,,,,,,,0,,,,,S,sols,,,137,5.326071,46.211674
2023-174,2023-01-06,000001,Vente,224000,,,LE VILLAGE,B156,01250,01195,Jasseron,01,,,01195000AD0580,,,,,,,,,,,,,0,,,,,S,sols,,,52,5.325931,46.211685
2023-174,2023-01-06,000001,Vente,224000,,,LE VILLAGE,B156,01250,01195,Jasseron,01,,,01195000AD0590,,,,,,,,,,,,,0,,,,,S,sols,,,40,5.32606,46.211725
2023-175,2023-01-17,000001,Vente,210000,,,LA NICOLLIERE,B063,01270,01029,Beaupont,01,,,01029000ZK0106,,,,,,,,,,,,,0,,,,,S,sols,,,850,5.262922,46.405688
2023-175,2023-01-17,000001,Vente,210000,121,,IMP DE LA SABLIERE,0195,01270,01029,Beaupont,01,,,01029000ZK0107,,,,,,,,,,,,,0,1,Maison,70,2,S,sols,,,715,5.262767,46.405576
2023-176,2023-01-05,000001,Vente,100000,4,,CHE DES RUETTES,0850,01360,01032,Béligneux,01,,,010320000A1196,,,,,,,,,,,,,0,1,Maison,30,2,S,sols,,,29,5.126793,45.867951
2023-177,2023-01-13,000001,Vente,196000,10,,RUE DE LYON,0510,01800,01244,Meximieux,01,,,012440000G0939,,,5,70.75,,,,,,,,,1,2,Appartement,73,2,,,,,,5.19118,45.902946
2023-178,2023-01-12,000001,Vente,58000,,,AUX BROSSES,B013,01660,01429,Vandeins,01,,,014290000A0637,,,,,,,,,,,,,0,,,,,AB,terrains a bâtir,,,537,5.077087,46.21327
2023-179,2023-01-11,000001,Vente,300000,,,LE PERRAT,B039,01480,01157,Fareins,01,,,01157000AI0093,,,,,,,,,,,,,0,,,,,AG,terrains d'agrément,,,17,4.766199,46.025226
2023-179,2023-01-11,000001,Vente,300000,446,,CHE DU PERRAT,0127,01480,01157,Fareins,01,,,01157000AI0096,,,,,,,,,,,,,0,1,Maison,97,4,AG,terrains d'agrément,,,589,4.765895,46.025183
2023-179,2023-01-11,000001,Vente,300000,446,,CHE DU PERRAT,0127,01480,01157,Fareins,01,,,01157000AI0096,,,,,,,,,,,,,0,1,Maison,97,4,S,sols,,,500,4.765895,46.025183
2023-179,2023-01-11,000001,Vente,300000,446,,CHE DU PERRAT,0127,01480,01157,Fareins,01,,,01157000AI0096,,,,,,,,,,,,,0,3,Dépendance,,0,AG,terrains d'agrément,,,589,4.765895,46.025183
2023-179,2023-01-11,000001,Vente,300000,446,,CHE DU PERRAT,0127,01480,01157,Fareins,01,,,01157000AI0096,,,,,,,,,,,,,0,3,Dépendance,,0,S,sols,,,500,4.765895,46.025183
2023-180,2023-01-12,000001,Vente,580900,,,GRANGE NEUVE,B067,01400,01093,Châtillon-sur-Chalaronne,01,,,010930000B1764,,,,,,,,,,,,,0,,,,,AG,terrains d'agrément,,,2716,4.958866,46.137429
2023-180,2023-01-12,000001,Vente,580900,,,GRANGE NEUVE,B067,01400,01093,Châtillon-sur-Chalaronne,01,,,010930000B1764,,,,,,,,,,,,,0,,,,,S,sols,,,500,4.958866,46.137429
2023-180,2023-01-12,000001,Vente,580900,6058,,GRANGE NEUVE,B067,01400,01093,Châtillon-sur-Chalaronne,01,,,010930000B1766,,,,,,,,,,,,,0,3,Dépendance,,0,AG,terrains d'agrément,,,700,4.958467,46.137463
2023-180,2023-01-12,000001,Vente,580900,6058,,GRANGE NEUVE,B067,01400,01093,Châtillon-sur-Chalaronne,01,,,010930000B1766,,,,,,,,,,,,,0,3,Dépendance,,0,AG,terrains d'agrément,,,700,4.958467,46.137463
2023-180,2023-01-12,000001,Vente,580900,6058,,GRANGE NEUVE,B067,01400,01093,Châtillon-sur-Chalaronne,01,,,010930000B1766,,,,,,,,,,,,,0,1,Maison,170,6,AG,terrains d'agrément,,,700,4.958467,46.137463
2023-180,2023-01-12,000001,Vente,580900,6058,,GRANGE NEUVE,B067,01400,01093,Châtillon-sur-Chalaronne,01,,,010930000B1766,,,,,,,,,,,,,0,3,Dépendance,,0,S,sols,,,1277,4.958467,46.137463
2023-180,2023-01-12,000001,Vente,580900,6058,,GRANGE NEUVE,B067,01400,01093,Châtillon-sur-Chalaronne,01,,,010930000B1766,,,,,,,,,,,,,0,3,Dépendance,,0,S,sols,,,1277,4.958467,46.137463
2023-180,2023-01-12,000001,Vente,580900,6058,,GRANGE NEUVE,B067,01400,01093,Châtillon-sur-Chalaronne,01,,,010930000B1766,,,,,,,,,,,,,0,1,Maison,170,6,S,sols,,,1277,4.958467,46.137463
2023-181,2023-01-04,000001,Vente en l'état futur d'achèvement,190000,,,,,,01033,Valserhône,01,,,01033000AB0483,,,46,,,,,,,,,,1,,,,,,,,,,5.815694,46.12158
2023-181,2023-01-04,000001,Vente en l'état futur d'achèvement,190000,,,,,,01033,Valserhône,01,,,01033000AB0483,,,15,,,,,,,,,,1,,,,,,,,,,5.815694,46.12158
2023-181,2023-01-04,000001,Vente en l'état futur d'achèvement,190000,,,,,,01033,Valserhône,01,,,01033000AB0483,,,80,,,,,,,,,,1,,,,,,,,,,5.815694,46.12158
2023-182,2023-01-14,000001,Vente,185000,25,,RUE JEAN DONIER,0740,01100,01283,Oyonnax,01,,,01283000AL0006,,,,,,,,,,,,,0,1,Maison,72,4,S,sols,,,252,5.644712,46.255901
2023-182,2023-01-14,000001,Vente,185000,,,RUE JEAN DONIER,0740,01100,01283,Oyonnax,01,,,01283000AL0230,,,,,,,,,,,,,0,,,,,S,sols,,,53,5.644804,46.256029
2023-183,2023-01-04,000002,Vente,292000,14,,RUE DES BARONS,0040,01300,01034,Belley,01,,,01034000AK0327,,,,,,,,,,,,,0,3,Dépendance,,0,S,sols,,,236,5.686843,45.75791
2023-183,2023-01-04,000002,Vente,292000,14,,RUE DES BARONS,0040,01300,01034,Belley,01,,,01034000AK0327,,,,,,,,,,,,,0,2,Appartement,78,3,S,sols,,,236,5.686843,45.75791
2023-183,2023-01-04,000002,Vente,292000,14,,RUE DES BARONS,0040,01300,01034,Belley,01,,,01034000AK0327,,,,,,,,,,,,,0,2,Appartement,95,3,S,sols,,,236,5.686843,45.75791
2023-183,2023-01-04,000002,Vente,292000,14,,RUE DES BARONS,0040,01300,01034,Belley,01,,,01034000AK0327,,,,,,,,,,,,,0,3,Dépendance,,0,S,sols,,,236,5.686843,45.75791
2023-184,2023-01-03,000003,Vente,65000,169,,CHE DE LA TREDONNIERE,0470,01400,01093,Châtillon-sur-Chalaronne,01,,,010930000A1125,,,,,,,,,,,,,0,,,,,S,sols,,,29,4.950918,46.119971
2023-184,2023-01-03,000003,Vente,65000,153,,RTE DE LA TREDONNIERE,0471,01400,01093,Châtillon-sur-Chalaronne,01,,,010930000A1129,,,,,,,,,,,,,0,2,Appartement,72,3,S,sols,,,36,4.950989,46.119954
2023-184,2023-01-03,000003,Vente,65000,153,,RTE DE LA TREDONNIERE,0471,01400,01093,Châtillon-sur-Chalaronne,01,,,010930000A1129,,,,,,,,,,,,,0,2,Appartement,70,3,S,sols,,,36,4.950989,46.119954
2023-184,2023-01-03,000003,Vente,65000,169,,CHE DE LA TREDONNIERE,0470,01400,01093,Châtillon-sur-Chalaronne,01,,,010930000A1131,,,,,,,,,,,,,0,,,,,S,sols,,,5,4.951004,46.119922
2023-184,2023-01-03,000003,Vente,65000,,,LA TRIDONNIERE,B133,01400,01093,Châtillon-sur-Chalaronne,01,,,010930000A1132,,,,,,,,,,,,,0,,,,,AG,terrains d'agrément,,,110,4.951071,46.119894
2023-184,2023-01-03,000003,Vente,65000,,,LA TRIDONNIERE,B133,01400,01093,Châtillon-sur-Chalaronne,01,,,010930000A1135,,,,,,,,,,,,,0,,,,,AG,terrains d'agrément,,,35,4.951048,46.119942
2023-184,2023-01-03,000003,Vente,65000,,,LA TRIDONNIERE,B133,01400,01093,Châtillon-sur-Chalaronne,01,,,010930000A1137,,,,,,,,,,,,,0,,,,,S,sols,,,1,4.950992,46.119943
2023-184,2023-01-03,000003,Vente,65000,,,LA TRIDONNIERE,B133,01400,01093,Châtillon-sur-Chalaronne,01,,,010930000A1138,,,,,,,,,,,,,0,,,,,S,sols,,,132,4.950929,46.119906
2023-185,2023-01-04,000001,Vente,35000,50,,IMP DES MESANGES,0321,01190,01305,Pont-de-Vaux,01,,,01305000AH0273,,,,,,,,,,,,,0,3,Dépendance,,0,S,sols,,,1059,4.945539,46.430036
2023-185,2023-01-04,000001,Vente,35000,50,,IMP DES MESANGES,0321,01190,01305,Pont-de-Vaux,01,,,01305000AH0273,,,,,,,,,,,,,0,1,Maison,89,4,S,sols,,,1059,4.945539,46.430036
2023-186,2023-01-03,000001,Vente,350000,,,GRAND CHAMP,B035,01550,01308,Pougny,01,,,013080000A0591,,,,,,,,,,,,,0,,,,,T,terres,,,6920,5.957396,46.155417
2023-186,2023-01-03,000001,Vente,350000,1074,,RTE DE CHALLEX,0020,01550,01308,Pougny,01,,,013080000A0626,,,,,,,,,,,,,0,1,Maison,148,4,S,sols,,,1468,5.956817,46.155337
2023-187,2023-01-11,000001,Vente,129000,,,LA LAITERIE,B088,01480,01446,Villeneuve,01,,,01446000ZI0479,,,,,,,,,,,,,0,,,,,AB,terrains a bâtir,,,300,4.829319,46.017379
2023-188,2023-01-09,000001,Vente,110000,133,,RUE DES ALINIERES,0008,01470,01400,Seillonnaz,01,,,014000000A0488,,,,,,,,,,,,,0,1,Maison,126,6,S,sols,,,1002,5.49086,45.805822
2023-189,2023-01-13,000001,Vente,155000,8,,RUE JEAN JAURES,0390,01500,01004,Ambérieu-en-Bugey,01,,,01004000BS0210,,,,,,,,,,,,,0,1,Maison,45,3,S,sols,,,305,5.342503,45.954966
2023-190,2023-01-11,000001,Vente,208500,5254,,MONT ROCHON,B054,01160,01304,Pont-d'Ain,01,,,013040000A0815,,,,,,,,,,,,,0,1,Maison,116,4,S,sols,,,1366,5.339846,46.069395
2023-191,2023-01-05,000001,Vente,660000,,,EN BEUDET,B007,01550,01158,Farges,01,,,011580000B0764,,,,,,,,,,,,,0,,,,,P,prés,,,132,5.903368,46.170444
2023-191,2023-01-05,000001,Vente,660000,632,,RTE DU COL DU SAC,0030,01550,01158,Farges,01,,,011580000B0765,,,,,,,,,,,,,0,1,Maison,180,7,P,prés,,,1035,5.90347,46.170285
2023-191,2023-01-05,000001,Vente,660000,632,,RTE DU COL DU SAC,0030,01550,01158,Farges,01,,,011580000B0765,,,,,,,,,,,,,0,1,Maison,180,7,S,sols,,,430,5.90347,46.170285
2023-192,2023-01-05,000001,Vente en l'état futur d'achèvement,195285,,,COLLONGES,B044,01550,01109,Collonges,01,,,011090000F0129,,,52,,,,,,,,,,1,,,,,,,,,,5.905016,46.13927
2023-192,2023-01-05,000001,Vente en l'état futur d'achèvement,195285,,,COLLONGES,B044,01550,01109,Collonges,01,,,011090000F0129,,,80,,,,,,,,,,1,,,,,,,,,,5.905016,46.13927
2023-192,2023-01-05,000001,Vente en l'état futur d'achèvement,195285,,,COLLONGES,B044,01550,01109,Collonges,01,,,011090000F0129,,,34,,,,,,,,,,1,,,,,,,,,,5.905016,46.13927
2023-192,2023-01-05,000001,Vente en l'état futur d'achèvement,195285,,,COLLONGES,B044,01550,01109,Collonges,01,,,011090000F0129,,,110,,,,,,,,,,1,,,,,,,,,,5.905016,46.13927
2023-193,2023-01-04,000001,Vente en l'état futur d'achèvement,236000,,,RUE DE LA REPUBLIQUE,0490,01200,01033,Valserhône,01,,,01033000AL0260,,,31,,,,,,,,,,1,,,,,,,,,,5.826606,46.107352
2023-193,2023-01-04,000001,Vente en l'état futur d'achèvement,236000,,,RUE DE LA REPUBLIQUE,0490,01200,01033,Valserhône,01,,,01033000AL0260,,,66,,,,,,,,,,1,,,,,,,,,,5.826606,46.107352
2023-194,2023-01-18,000001,Vente,1000,,,BLETTERET,B004,01160,01304,Pont-d'Ain,01,,,013040000B0392,,,,,,,,,,,,,0,,,,,BT,taillis simples,,,1025,5.364793,46.055797
2023-194,2023-01-18,000001,Vente,1000,,,BLETTERET,B004,01160,01304,Pont-d'Ain,01,,,013040000B0394,,,,,,,,,,,,,0,,,,,BT,taillis simples,,,140,5.364459,46.055937
2023-194,2023-01-18,000001,Vente,1000,,,BLETTERET,B004,01160,01304,Pont-d'Ain,01,,,013040000B0395,,,,,,,,,,,,,0,,,,,T,terres,,,1659,5.364856,46.055284
2023-194,2023-01-18,000001,Vente,1000,,,BLETTERET,B004,01160,01304,Pont-d'Ain,01,,,013040000B0396,,,,,,,,,,,,,0,,,,,BT,taillis simples,,,226,5.365212,46.054717
2023-195,2023-01-05,000001,Vente,259550,43,,COUR DES MIRACLES,B192,01550,01109,Collonges,01,,,011090000F0877,,,3,,6,80.3,,,,,,,2,3,Dépendance,,0,,,,,,5.903034,46.137443
2023-195,2023-01-05,000001,Vente,259550,43,,COUR DES MIRACLES,B192,01550,01109,Collonges,01,,,011090000F0877,,,3,,6,80.3,,,,,,,2,2,Appartement,88,3,,,,,,5.903034,46.137443
2023-196,2023-01-06,000001,Vente,89000,15,,AV DE LYON,2390,01000,01053,Bourg-en-Bresse,01,,,01053000AK0082,,,11,,33,55.14,,,,,,,2,3,Dépendance,,0,,,,,,5.214866,46.194097
2023-196,2023-01-06,000001,Vente,89000,15,,AV DE LYON,2390,01000,01053,Bourg-en-Bresse,01,,,01053000AK0082,,,11,,33,55.14,,,,,,,2,2,Appartement,57,2,,,,,,5.214866,46.194097
2023-197,2023-01-19,000001,Vente,268000,42,,RUE BLAISE PASCAL,0188,01630,01354,Saint-Genis-Pouilly,01,,,01354000BH0184,,,30,,43,,98,,,,,,3,3,Dépendance,,0,,,,,,6.019591,46.241462
2023-197,2023-01-19,000001,Vente,268000,42,,RUE BLAISE PASCAL,0188,01630,01354,Saint-Genis-Pouilly,01,,,01354000BH0184,,,30,,43,,98,,,,,,3,2,Appartement,62,3,,,,,,6.019591,46.241462
2023-197,2023-01-19,000001,Vente,268000,42,,RUE BLAISE PASCAL,0188,01630,01354,Saint-Genis-Pouilly,01,,,01354000BH0184,,,30,,43,,98,,,,,,3,3,Dépendance,,0,,,,,,6.019591,46.241462
2023-198,2023-01-11,000001,Vente,121000,7,,RUE DES MARRONNIERS,2610,01000,01053,Bourg-en-Bresse,01,,,01053000AD0739,,,92,31.77,,,,,,,,,1,2,Appartement,31,1,,,,,,5.221309,46.205203
2023-199,2023-01-05,000001,Vente,682580,11,,RUE DES ETANGS,0348,01800,01244,Meximieux,01,,,012440000A0903,,,,,,,,,,,,,0,1,Maison,212,6,S,sols,,,1306,5.185605,45.913685
2023-199,2023-01-05,000001,Vente,682580,11,,RUE DES ETANGS,0348,01800,01244,Meximieux,01,,,012440000A0903,,,,,,,,,,,,,0,3,Dépendance,,0,S,sols,,,1306,5.185605,45.913685
2023-200,2023-01-12,000003,Vente,1620000,,,VERSONNEX,B034,01210,01435,Versonnex,01,,,01435000AE0530,,,,,,,,,,,,,0,,,,,S,sols,,,179,6.097736,46.302762
2023-200,2023-01-12,000003,Vente,1620000,,,VERSONNEX,B034,01210,01435,Versonnex,01,,,01435000AE0532,,,,,,,,,,,,,0,,,,,P,prés,,,220,6.097652,46.302702
2023-200,2023-01-12,000003,Vente,1620000,,,VERSONNEX,B034,01210,01435,Versonnex,01,,,01435000AE0533,,,,,,,,,,,,,0,,,,,P,prés,,,13,6.097607,46.302668
2023-200,2023-01-12,000003,Vente,1620000,,,VERSONNEX,B034,01210,01435,Versonnex,01,,,01435000AE0534,,,,,,,,,,,,,0,,,,,P,prés,,,13,6.097623,46.302694
2023-200,2023-01-12,000003,Vente,1620000,,,VERSONNEX,B034,01210,01435,Versonnex,01,,,01435000AE0535,,,,,,,,,,,,,0,,,,,P,prés,,,65,6.097604,46.302583
2023-200,2023-01-12,000003,Vente,1620000,,,VERSONNEX,B034,01210,01435,Versonnex,01,,,01435000AE0536,,,,,,,,,,,,,0,,,,,P,prés,,,90,6.097682,46.302566
2023-200,2023-01-12,000003,Vente,1620000,,,VERSONNEX,B034,01210,01435,Versonnex,01,,,01435000AE0537,,,,,,,,,,,,,0,,,,,P,prés,,,81,6.097694,46.302622
2023-200,2023-01-12,000003,Vente,1620000,,,VERSONNEX,B034,01210,01435,Versonnex,01,,,01435000AE0539,,,,,,,,,,,,,0,,,,,S,sols,,,389,6.097279,46.302501
2023-200,2023-01-12,000003,Vente,1620000,,,VERSONNEX,B034,01210,01435,Versonnex,01,,,01435000AE0540,,,,,,,,,,,,,0,,,,,S,sols,,,65,6.097181,46.302478
2023-200,2023-01-12,000003,Vente,1620000,,,VERSONNEX,B034,01210,01435,Versonnex,01,,,01435000AE0541,,,,,,,,,,,,,0,,,,,S,sols,,,2,6.097389,46.302409
2023-200,2023-01-12,000003,Vente,1620000,,,VERSONNEX,B034,01210,01435,Versonnex,01,,,01435000AE0542,,,,,,,,,,,,,0,,,,,S,sols,,,98,6.097548,46.302465
2023-200,2023-01-12,000003,Vente,1620000,,,VERSONNEX,B034,01210,01435,Versonnex,01,,,01435000AE0543,,,,,,,,,,,,,0,,,,,S,sols,,,1,6.097561,46.302454
2023-200,2023-01-12,000003,Vente,1620000,,,VERSONNEX,B034,01210,01435,Versonnex,01,,,01435000AE0544,,,,,,,,,,,,,0,,,,,S,sols,,,2,6.097585,46.302439
2023-200,2023-01-12,000003,Vente,1620000,,,VERSONNEX,B034,01210,01435,Versonnex,01,,,01435000AE0545,,,,,,,,,,,,,0,,,,,S,sols,,,3,6.097611,46.302424
2023-200,2023-01-12,000003,Vente,1620000,,,VERSONNEX,B034,01210,01435,Versonnex,01,,,01435000AE0546,,,,,,,,,,,,,0,,,,,S,sols,,,1,6.097418,46.30241
2023-200,2023-01-12,000003,Vente,1620000,,,VERSONNEX,B034,01210,01435,Versonnex,01,,,01435000AE0547,,,,,,,,,,,,,0,,,,,P,prés,,,3,6.097457,46.302416
2023-200,2023-01-12,000003,Vente,1620000,,,VERSONNEX,B034,01210,01435,Versonnex,01,,,01435000AE0548,,,,,,,,,,,,,0,,,,,P,prés,,,1069,6.097502,46.302215
2023-200,2023-01-12,000003,Vente,1620000,,,VERSONNEX,B034,01210,01435,Versonnex,01,,,01435000AE0549,,,,,,,,,,,,,0,,,,,P,prés,,,227,6.09775,46.302092
2023-200,2023-01-12,000003,Vente,1620000,,,VERSONNEX,B034,01210,01435,Versonnex,01,,,01435000AE0550,,,,,,,,,,,,,0,,,,,P,prés,,,16,6.09741,46.302394
2023-200,2023-01-12,000003,Vente,1620000,,,VERSONNEX,B034,01210,01435,Versonnex,01,,,01435000AE0551,,,,,,,,,,,,,0,,,,,P,prés,,,13,6.097436,46.302367
2023-200,2023-01-12,000003,Vente,1620000,,,VERSONNEX,B034,01210,01435,Versonnex,01,,,01435000AE0552,,,,,,,,,,,,,0,,,,,P,prés,,,13,6.097461,46.302352
2023-200,2023-01-12,000003,Vente,1620000,,,VERSONNEX,B034,01210,01435,Versonnex,01,,,01435000AE0553,,,,,,,,,,,,,0,,,,,P,prés,,,13,6.097485,46.302338
2023-200,2023-01-12,000003,Vente,1620000,,,VERSONNEX,B034,01210,01435,Versonnex,01,,,01435000AE0554,,,,,,,,,,,,,0,,,,,P,prés,,,13,6.097535,46.302308
2023-200,2023-01-12,000003,Vente,1620000,,,VERSONNEX,B034,01210,01435,Versonnex,01,,,01435000AE0555,,,,,,,,,,,,,0,,,,,P,prés,,,13,6.097564,46.30229
2023-200,2023-01-12,000003,Vente,1620000,,,VERSONNEX,B034,01210,01435,Versonnex,01,,,01435000AE0556,,,,,,,,,,,,,0,,,,,P,prés,,,13,6.097588,46.302275
2023-200,2023-01-12,000003,Vente,1620000,,,VERSONNEX,B034,01210,01435,Versonnex,01,,,01435000AE0557,,,,,,,,,,,,,0,,,,,P,prés,,,13,6.097613,46.302261
2023-200,2023-01-12,000003,Vente,1620000,,,VERSONNEX,B034,01210,01435,Versonnex,01,,,01435000AE0558,,,,,,,,,,,,,0,,,,,P,prés,,,13,6.097637,46.302246
2023-200,2023-01-12,000003,Vente,1620000,,,VERSONNEX,B034,01210,01435,Versonnex,01,,,01435000AE0559,,,,,,,,,,,,,0,,,,,P,prés,,,13,6.097662,46.302231
2023-200,2023-01-12,000003,Vente,1620000,,,VERSONNEX,B034,01210,01435,Versonnex,01,,,01435000AE0560,,,,,,,,,,,,,0,,,,,P,prés,,,13,6.097686,46.302216
2023-200,2023-01-12,000003,Vente,1620000,,,VERSONNEX,B034,01210,01435,Versonnex,01,,,01435000AE0561,,,,,,,,,,,,,0,,,,,P,prés,,,13,6.097711,46.302202
2023-200,2023-01-12,000003,Vente,1620000,,,VERSONNEX,B034,01210,01435,Versonnex,01,,,01435000AE0562,,,,,,,,,,,,,0,,,,,P,prés,,,4,6.097514,46.302446
2023-200,2023-01-12,000003,Vente,1620000,,,VERSONNEX,B034,01210,01435,Versonnex,01,,,01435000AE0563,,,,,,,,,,,,,0,,,,,P,prés,,,12,6.09754,46.302444
2023-200,2023-01-12,000003,Vente,1620000,,,VERSONNEX,B034,01210,01435,Versonnex,01,,,01435000AE0564,,,,,,,,,,,,,0,,,,,P,prés,,,11,6.097563,46.302428
2023-200,2023-01-12,000003,Vente,1620000,,,VERSONNEX,B034,01210,01435,Versonnex,01,,,01435000AE0565,,,,,,,,,,,,,0,,,,,P,prés,,,10,6.097587,46.302412
2023-200,2023-01-12,000003,Vente,1620000,,,VERSONNEX,B034,01210,01435,Versonnex,01,,,01435000AE0566,,,,,,,,,,,,,0,,,,,P,prés,,,13,6.097634,46.302391
2023-200,2023-01-12,000003,Vente,1620000,,,VERSONNEX,B034,01210,01435,Versonnex,01,,,01435000AE0567,,,,,,,,,,,,,0,,,,,P,prés,,,13,6.097659,46.302376
2023-200,2023-01-12,000003,Vente,1620000,,,VERSONNEX,B034,01210,01435,Versonnex,01,,,01435000AE0568,,,,,,,,,,,,,0,,,,,P,prés,,,13,6.097683,46.302361
2023-200,2023-01-12,000003,Vente,1620000,,,VERSONNEX,B034,01210,01435,Versonnex,01,,,01435000AE0569,,,,,,,,,,,,,0,,,,,P,prés,,,13,6.097713,46.302344
2023-200,2023-01-12,000003,Vente,1620000,,,VERSONNEX,B034,01210,01435,Versonnex,01,,,01435000AE0570,,,,,,,,,,,,,0,,,,,P,prés,,,1386,6.097832,46.302309
2023-200,2023-01-12,000003,Vente,1620000,,,VERSONNEX,B034,01210,01435,Versonnex,01,,,01435000AE0571,,,,,,,,,,,,,0,,,,,P,prés,,,13,6.097751,46.302321
2023-200,2023-01-12,000003,Vente,1620000,,,VERSONNEX,B034,01210,01435,Versonnex,01,,,01435000AE0572,,,,,,,,,,,,,0,,,,,P,prés,,,13,6.097775,46.302306
2023-200,2023-01-12,000003,Vente,1620000,,,VERSONNEX,B034,01210,01435,Versonnex,01,,,01435000AE0573,,,,,,,,,,,,,0,,,,,P,prés,,,13,6.0978,46.302291
2023-200,2023-01-12,000003,Vente,1620000,,,VERSONNEX,B034,01210,01435,Versonnex,01,,,01435000AE0574,,,,,,,,,,,,,0,,,,,P,prés,,,13,6.097829,46.302274
2023-200,2023-01-12,000003,Vente,1620000,,,VERSONNEX,B034,01210,01435,Versonnex,01,,,01435000AE0575,,,,,,,,,,,,,0,,,,,P,prés,,,13,6.097867,46.302251
2023-200,2023-01-12,000003,Vente,1620000,,,VERSONNEX,B034,01210,01435,Versonnex,01,,,01435000AE0576,,,,,,,,,,,,,0,,,,,P,prés,,,13,6.097891,46.302236
2023-200,2023-01-12,000003,Vente,1620000,,,VERSONNEX,B034,01210,01435,Versonnex,01,,,01435000AE0577,,,,,,,,,,,,,0,,,,,P,prés,,,13,6.097916,46.302221
2023-200,2023-01-12,000003,Vente,1620000,,,VERSONNEX,B034,01210,01435,Versonnex,01,,,01435000AE0578,,,,,,,,,,,,,0,,,,,P,prés,,,13,6.097945,46.302204
2023-200,2023-01-12,000003,Vente,1620000,,,VERSONNEX,B034,01210,01435,Versonnex,01,,,01435000AE0579,,,,,,,,,,,,,0,,,,,P,prés,,,13,6.097983,46.302181
2023-200,2023-01-12,000003,Vente,1620000,,,VERSONNEX,B034,01210,01435,Versonnex,01,,,01435000AE0580,,,,,,,,,,,,,0,,,,,P,prés,,,12,6.098007,46.302158
2023-200,2023-01-12,000003,Vente,1620000,,,VERSONNEX,B034,01210,01435,Versonnex,01,,,01435000AE0581,,,,,,,,,,,,,0,,,,,P,prés,,,1,6.098037,46.302163
2023-200,2023-01-12,000003,Vente,1620000,,,VERSONNEX,B034,01210,01435,Versonnex,01,,,01435000AE0582,,,,,,,,,,,,,0,,,,,P,prés,,,373,6.098141,46.302497
2023-200,2023-01-12,000003,Vente,1620000,,,VERSONNEX,B034,01210,01435,Versonnex,01,,,01435000AE0583,,,,,,,,,,,,,0,,,,,P,prés,,,356,6.097919,46.302697
2023-200,2023-01-12,000003,Vente,1620000,,,VERSONNEX,B034,01210,01435,Versonnex,01,,,01435000AE0584,,,,,,,,,,,,,0,,,,,P,prés,,,329,6.09812,46.302611
2023-200,2023-01-12,000003,Vente,1620000,,,VERSONNEX,B034,01210,01435,Versonnex,01,,,01435000AE0585,,,,,,,,,,,,,0,,,,,P,prés,,,317,6.098269,46.302554
2023-200,2023-01-12,000003,Vente,1620000,,,VERSONNEX,B034,01210,01435,Versonnex,01,,,01435000AE0586,,,,,,,,,,,,,0,,,,,P,prés,,,310,6.098466,46.302495
2023-200,2023-01-12,000003,Vente,1620000,,,VERSONNEX,B034,01210,01435,Versonnex,01,,,01435000AE0587,,,,,,,,,,,,,0,,,,,P,prés,,,154,6.098577,46.302447
2023-200,2023-01-12,000003,Vente,1620000,,,VERSONNEX,B034,01210,01435,Versonnex,01,,,01435000AE0588,,,,,,,,,,,,,0,,,,,P,prés,,,13,6.098197,46.302494
2023-200,2023-01-12,000003,Vente,1620000,,,VERSONNEX,B034,01210,01435,Versonnex,01,,,01435000AE0589,,,,,,,,,,,,,0,,,,,P,prés,,,13,6.098109,46.302527
2023-200,2023-01-12,000003,Vente,1620000,,,VERSONNEX,B034,01210,01435,Versonnex,01,,,01435000AE0590,,,,,,,,,,,,,0,,,,,P,prés,,,480,6.097097,46.302365
2023-200,2023-01-12,000003,Vente,1620000,,,VERSONNEX,B034,01210,01435,Versonnex,01,,,01435000AE0591,,,,,,,,,,,,,0,,,,,P,prés,,,296,6.097706,46.302285
2023-200,2023-01-12,000003,Vente,1620000,,,PRE BERNARD,B024,01210,01435,Versonnex,01,,,01435000AE0592,,,,,,,,,,,,,0,,,,,BT,taillis simples,,,20,6.098416,46.302638
2023-200,2023-01-12,000003,Vente,1620000,,,PRE BERNARD,B024,01210,01435,Versonnex,01,,,01435000AE0593,,,,,,,,,,,,,0,,,,,BT,taillis simples,,,57,6.098556,46.302584
2023-200,2023-01-12,000003,Vente,1620000,,,PRE BERNARD,B024,01210,01435,Versonnex,01,,,01435000AE0594,,,,,,,,,,,,,0,,,,,BT,taillis simples,,,115,6.098725,46.302521
2023-200,2023-01-12,000003,Vente,1620000,,,PRE BERNARD,B024,01210,01435,Versonnex,01,,,01435000AE0595,,,,,,,,,,,,,0,,,,,P,prés,,,191,6.098431,46.302268
2023-200,2023-01-12,000003,Vente,1620000,,,PRE BERNARD,B024,01210,01435,Versonnex,01,,,01435000AE0596,,,,,,,,,,,,,0,,,,,P,prés,,,78,6.0985,46.302316
2023-200,2023-01-12,000003,Vente,1620000,,,PRE BERNARD,B024,01210,01435,Versonnex,01,,,01435000AE0597,,,,,,,,,,,,,0,,,,,P,prés,,,13,6.098433,46.302304
2023-200,2023-01-12,000003,Vente,1620000,,,PRE BERNARD,B024,01210,01435,Versonnex,01,,,01435000AE0598,,,,,,,,,,,,,0,,,,,P,prés,,,13,6.098467,46.302291
2023-200,2023-01-12,000003,Vente,1620000,,,PRE BERNARD,B024,01210,01435,Versonnex,01,,,01435000AE0599,,,,,,,,,,,,,0,,,,,P,prés,,,13,6.098498,46.30228
2023-200,2023-01-12,000003,Vente,1620000,,,PRE BERNARD,B024,01210,01435,Versonnex,01,,,01435000AE0600,,,,,,,,,,,,,0,,,,,P,prés,,,140,6.098644,46.302395
2023-200,2023-01-12,000003,Vente,1620000,,,PRE BERNARD,B024,01210,01435,Versonnex,01,,,01435000AE0601,,,,,,,,,,,,,0,,,,,P,prés,,,123,6.098763,46.302408
2023-200,2023-01-12,000003,Vente,1620000,,,PRE BERNARD,B024,01210,01435,Versonnex,01,,,01435000AE0602,,,,,,,,,,,,,0,,,,,P,prés,,,46,6.098585,46.302272
2023-200,2023-01-12,000003,Vente,1620000,,,PRE BERNARD,B024,01210,01435,Versonnex,01,,,01435000AE0603,,,,,,,,,,,,,0,,,,,P,prés,,,60,6.098467,46.302184
2023-200,2023-01-12,000003,Vente,1620000,,,PRE BERNARD,B024,01210,01435,Versonnex,01,,,01435000AE0604,,,,,,,,,,,,,0,,,,,P,prés,,,87,6.098295,46.30206
2023-200,2023-01-12,000003,Vente,1620000,,,PRE BERNARD,B024,01210,01435,Versonnex,01,,,01435000AE0605,,,,,,,,,,,,,0,,,,,P,prés,,,44,6.098185,46.30197
2023-200,2023-01-12,000003,Vente,1620000,,,PRE BERNARD,B024,01210,01435,Versonnex,01,,,01435000AE0606,,,,,,,,,,,,,0,,,,,P,prés,,,119,6.097958,46.301816
2023-200,2023-01-12,000003,Vente,1620000,,,PRE BERNARD,B024,01210,01435,Versonnex,01,,,01435000AE0607,,,,,,,,,,,,,0,,,,,P,prés,,,833,6.09786,46.301916
2023-200,2023-01-12,000003,Vente,1620000,,,PRE BERNARD,B024,01210,01435,Versonnex,01,,,01435000AE0608,,,,,,,,,,,,,0,,,,,P,prés,,,194,6.098058,46.302064
2023-200,2023-01-12,000003,Vente,1620000,,,PRE BERNARD,B024,01210,01435,Versonnex,01,,,01435000AE0609,,,,,,,,,,,,,0,,,,,P,prés,,,326,6.098151,46.302114
2023-200,2023-01-12,000003,Vente,1620000,,,PRE BERNARD,B024,01210,01435,Versonnex,01,,,01435000AE0610,,,,,,,,,,,,,0,,,,,P,prés,,,1,6.097998,46.302142
2023-200,2023-01-12,000003,Vente,1620000,,,PRE BERNARD,B024,01210,01435,Versonnex,01,,,01435000AE0611,,,,,,,,,,,,,0,,,,,P,prés,,,12,6.098026,46.302147
2023-200,2023-01-12,000003,Vente,1620000,,,PRE BERNARD,B024,01210,01435,Versonnex,01,,,01435000AE0612,,,,,,,,,,,,,0,,,,,P,prés,,,13,6.098053,46.302127
2023-200,2023-01-12,000003,Vente,1620000,,,PRE BERNARD,B024,01210,01435,Versonnex,01,,,01435000AE0613,,,,,,,,,,,,,0,,,,,P,prés,,,13,6.098096,46.302101
2023-200,2023-01-12,000003,Vente,1620000,,,PRE BERNARD,B024,01210,01435,Versonnex,01,,,01435000AE0614,,,,,,,,,,,,,0,,,,,P,prés,,,13,6.09812,46.302086
2023-200,2023-01-12,000003,Vente,1620000,,,PRE BERNARD,B024,01210,01435,Versonnex,01,,,01435000AE0615,,,,,,,,,,,,,0,,,,,P,prés,,,13,6.098145,46.302072
2023-200,2023-01-12,000003,Vente,1620000,,,PRE BERNARD,B024,01210,01435,Versonnex,01,,,01435000AE0616,,,,,,,,,,,,,0,,,,,P,prés,,,13,6.098169,46.302057
2023-200,2023-01-12,000003,Vente,1620000,,,PRE BERNARD,B024,01210,01435,Versonnex,01,,,01435000AE0617,,,,,,,,,,,,,0,,,,,P,prés,,,17,6.098198,46.302039
2023-201,2023-01-18,000001,Vente,195898.95,52,,RUE DE SAVOIE,0570,01360,01224,Loyettes,01,,,012240000A3330,,,,,,,,,,,,,0,1,Maison,83,4,S,sols,,,224,5.202001,45.774937
2023-202,2023-01-10,000001,Vente,159000,10,,IMP AUGUSTE PERRODIN,0310,01000,01053,Bourg-en-Bresse,01,,,01053000AC0013,,,,,,,,,,,,,0,1,Maison,73,3,S,sols,,,616,5.225767,46.213853
2023-203,2023-01-09,000001,Vente,240000,60,,RUE MOZART,0260,01000,01344,Saint-Denis-lès-Bourg,01,,,01344000AI0078,,,,,,,,,,,,,0,1,Maison,96,5,S,sols,,,696,5.202482,46.1987
2023-204,2023-01-17,000001,Vente,1370000,4,,BD VOLTAIRE,3760,01000,01053,Bourg-en-Bresse,01,,,01053000AN0126,,,,,,,,,,,,,0,4,Local industriel. commercial ou assimilé,50,0,S,sols,,,1995,5.223698,46.200763
2023-204,2023-01-17,000001,Vente,1370000,11,,BD PAUL BERT,2930,01000,01053,Bourg-en-Bresse,01,,,01053000AN0127,,,,,,,,,,,,,0,,,,,S,sols,,,183,5.223085,46.20101
2023-204,2023-01-17,000001,Vente,1370000,6,,BD VOLTAIRE,3760,01000,01053,Bourg-en-Bresse,01,,,01053000AN0128,,,,,,,,,,,,,0,,,,,S,sols,,,418,5.222972,46.200826
2023-204,2023-01-17,000001,Vente,1370000,3,,RUE DE LA BASILIQUE,0360,01000,01053,Bourg-en-Bresse,01,,,01053000AN0130,,,,,,,,,,,,,0,,,,,AB,terrains a bâtir,,,834,,
2023-205,2023-01-17,000001,Vente,220000,16,,AV VOLTAIRE,0030,01210,01160,Ferney-Voltaire,01,,,01160000AI0619,,,78,,,,,,,,,,1,3,Dépendance,,0,,,,,,6.111164,46.257123
2023-205,2023-01-17,000001,Vente,220000,16,,AV VOLTAIRE,0030,01210,01160,Ferney-Voltaire,01,,,01160000AI0619,,,48,45.58,,,,,,,,,1,2,Appartement,56,2,,,,,,6.111164,46.257123
2023-205,2023-01-17,000001,Vente,220000,16,,AV VOLTAIRE,0030,01210,01160,Ferney-Voltaire,01,,,01160000AI0619,,,125,,,,,,,,,,1,3,Dépendance,,0,,,,,,6.111164,46.257123
2023-206,2023-01-11,000001,Vente,110241,71,,RUE DE LA PLAINE,0597,01120,01262,Montluel,01,,,01262000AC0182,,,28,,,,,,,,,,1,2,Appartement,88,4,,,,,,5.058861,45.850732
2023-206,2023-01-11,000001,Vente,110241,71,,RUE DE LA PLAINE,0597,01120,01262,Montluel,01,,,01262000AC0182,,,4,,,,,,,,,,1,3,Dépendance,,0,,,,,,5.058861,45.850732
2023-206,2023-01-11,000001,Vente,110241,71,,RUE DE LA PLAINE,0597,01120,01262,Montluel,01,,,01262000AC0182,,,50,,,,,,,,,,1,3,Dépendance,,0,,,,,,5.058861,45.850732
2023-207,2023-01-03,000001,Vente,55500,,,OZAN,B064,01190,01284,Ozan,01,,,012840000A1337,,,,,,,,,,,,,0,,,,,AB,terrains a bâtir,,,720,4.913807,46.389692
2023-208,2023-01-05,000002,Vente,21750,,,IRIAT,B029,01310,01264,Montracol,01,,,012640000B0352,,,,,,,,,,,,,0,,,,,T,terres,,,10710,5.108031,46.180272
2023-208,2023-01-05,000002,Vente,21750,,,IRIAT,B029,01310,01264,Montracol,01,,,012640000B0353,,,,,,,,,,,,,0,,,,,P,prés,,,7590,5.107865,46.1796
2023-208,2023-01-05,000002,Vente,21750,,,IRIAT,B029,01310,01264,Montracol,01,,,012640000B0354,,,,,,,,,,,,,0,,,,,P,prés,,,15490,5.105413,46.180212
2023-208,2023-01-05,000002,Vente,21750,,,IRIAT,B029,01310,01264,Montracol,01,,,012640000B0355,,,,,,,,,,,,,0,,,,,BS,taillis sous futaie,,,3000,5.105677,46.178445
2023-208,2023-01-05,000002,Vente,21750,,,IRIAT,B029,01310,01264,Montracol,01,,,012640000B1030,,,,,,,,,,,,,0,,,,,S,sols,,,3,5.105175,46.181354
2023-209,2023-01-13,000001,Vente,389500,633,,RUE DES PINS,0471,01390,01424,Tramoyes,01,,,014240000A1807,,,,,,,,,,,,,0,1,Maison,87,4,S,sols,,,246,4.963787,45.869407
2023-210,2023-01-17,000001,Vente,179000,,,VERNAYE,B103,01560,01212,Lescheroux,01,,,012120000E0166,,,,,,,,,,,,,0,,,,,T,terres,,,1620,5.129565,46.417521
2023-210,2023-01-17,000001,Vente,179000,,,VERNAYE,B103,01560,01212,Lescheroux,01,,,012120000E0638,,,,,,,,,,,,,0,,,,,S,sols,,,83,5.129087,46.417481
2023-210,2023-01-17,000001,Vente,179000,890,,RTE DE ST NIZIER,0210,01560,01212,Lescheroux,01,,,012120000E0990,,,,,,,,,,,,,0,1,Maison,123,5,S,sols,,,1937,5.129303,46.417389
2023-210,2023-01-17,000001,Vente,179000,,,VERNAYE,B103,01560,01212,Lescheroux,01,,,012120000E0998,,,,,,,,,,,,,0,,,,,S,sols,,,199,5.129439,46.417057
2023-211,2023-01-09,000001,Vente,60,,,LE GRAND ESSERT,B106,01410,01104,Chézery-Forens,01,,,011040000H0658,,,,,,,,,,,,,0,,,,,P,prés,,,219,5.862828,46.207089
2023-211,2023-01-09,000001,Vente,60,,,LE GRAND ESSERT,B106,01410,01104,Chézery-Forens,01,,,011040000H0659,,,,,,,,,,,,,0,,,,,T,terres,,,42,5.862811,46.207201
2023-212,2023-01-11,000001,Vente,230000,39,,RUE DE LA MAIRIE,0290,01330,01005,Ambérieux-en-Dombes,01,,,01005000AD0045,,,62,,,,,,,,,,1,3,Dépendance,,0,,,,,,4.903826,45.995667
2023-212,2023-01-11,000001,Vente,230000,39,,RUE DE LA MAIRIE,0290,01330,01005,Ambérieux-en-Dombes,01,,,01005000AD0045,,,104,97.7,,,,,,,,,1,2,Appartement,95,4,,,,,,4.903826,45.995667
2023-213,2023-01-09,000003,Vente,360000,626,,RTE DE SAINT TRIVIER,0500,01330,01005,Ambérieux-en-Dombes,01,,,01005000AA0110,,,,,,,,,,,,,0,1,Maison,66,2,,,,,,4.902654,46.003843
2023-213,2023-01-09,000003,Vente,360000,,,LES BROSSES,B016,01330,01005,Ambérieux-en-Dombes,01,,,01005000AA0114,,,,,,,,,,,,,0,,,,,J,jardins,,,48,4.902236,46.003743
2023-214,2023-01-03,000001,Vente,200000,158,,RUE ANATOLE FRANCE,0050,01100,01283,Oyonnax,01,,,01283000AH0672,,,,,,,,,,,,,0,3,Dépendance,,0,S,sols,,,152,5.654027,46.255732
2023-214,2023-01-03,000001,Vente,200000,158,,RUE ANATOLE FRANCE,0050,01100,01283,Oyonnax,01,,,01283000AH0672,,,,,,,,,,,,,0,2,Appartement,30,4,S,sols,,,152,5.654027,46.255732
2023-214,2023-01-03,000001,Vente,200000,158,,RUE ANATOLE FRANCE,0050,01100,01283,Oyonnax,01,,,01283000AH0672,,,,,,,,,,,,,0,2,Appartement,54,2,S,sols,,,152,5.654027,46.255732
2023-214,2023-01-03,000001,Vente,200000,158,,RUE ANATOLE FRANCE,0050,01100,01283,Oyonnax,01,,,01283000AH0672,,,,,,,,,,,,,0,2,Appartement,43,1,S,sols,,,152,5.654027,46.255732
2023-214,2023-01-03,000001,Vente,200000,158,,RUE ANATOLE FRANCE,0050,01100,01283,Oyonnax,01,,,01283000AH0672,,,,,,,,,,,,,0,4,Local industriel. commercial ou assimilé,49,0,S,sols,,,152,5.654027,46.255732
2023-214,2023-01-03,000001,Vente,200000,158,,RUE ANATOLE FRANCE,0050,01100,01283,Oyonnax,01,,,01283000AH0672,,,,,,,,,,,,,0,4,Local industriel. commercial ou assimilé,47,0,S,sols,,,152,5.654027,46.255732
2023-214,2023-01-03,000001,Vente,200000,158,,RUE ANATOLE FRANCE,0050,01100,01283,Oyonnax,01,,,01283000AH0672,,,,,,,,,,,,,0,4,Local industriel. commercial ou assimilé,50,0,S,sols,,,152,5.654027,46.255732
2023-214,2023-01-03,000001,Vente,200000,158,,RUE ANATOLE FRANCE,0050,01100,01283,Oyonnax,01,,,01283000AH0672,,,,,,,,,,,,,0,2,Appartement,22,0,S,sols,,,152,5.654027,46.255732
2023-214,2023-01-03,000001,Vente,200000,158,,RUE ANATOLE FRANCE,0050,01100,01283,Oyonnax,01,,,01283000AH0672,,,,,,,,,,,,,0,3,Dépendance,,0,S,sols,,,152,5.654027,46.255732
2023-214,2023-01-03,000001,Vente,200000,158,,RUE ANATOLE FRANCE,0050,01100,01283,Oyonnax,01,,,01283000AH0672,,,,,,,,,,,,,0,3,Dépendance,,0,S,sols,,,152,5.654027,46.255732
2023-214,2023-01-03,000001,Vente,200000,158,,RUE ANATOLE FRANCE,0050,01100,01283,Oyonnax,01,,,01283000AH0672,,,,,,,,,,,,,0,3,Dépendance,,0,S,sols,,,152,5.654027,46.255732
2023-214,2023-01-03,000001,Vente,200000,158,,RUE ANATOLE FRANCE,0050,01100,01283,Oyonnax,01,,,01283000AH0672,,,,,,,,,,,,,0,3,Dépendance,,0,S,sols,,,152,5.654027,46.255732
2023-214,2023-01-03,000001,Vente,200000,158,,RUE ANATOLE FRANCE,0050,01100,01283,Oyonnax,01,,,01283000AH0672,,,,,,,,,,,,,0,3,Dépendance,,0,S,sols,,,152,5.654027,46.255732
2023-215,2023-01-11,000001,Vente,420639,19,G,RUE DE LA FONT BENITE,0130,01600,01322,Reyrieux,01,,,01322000AM0780,,,,,,,,,,,,,0,1,Maison,98,4,S,sols,,,155,4.827227,45.936087
2023-215,2023-01-11,000001,Vente,420639,,,LES EAUX,B026,01600,01322,Reyrieux,01,,,01322000AM0789,,,,,,,,,,,,,0,,,,,S,sols,,,235,4.827197,45.936207
2023-215,2023-01-11,000001,Vente,420639,,,LES EAUX,B026,01600,01322,Reyrieux,01,,,01322000AM0798,,,,,,,,,,,,,0,,,,,S,sols,,,23,4.827116,45.936085
2023-216,2023-01-13,000001,Vente,340000,9,,LOT LES ALLOUETS,A020,01290,01046,Biziat,01,,,010460000C0902,,,,,,,,,,,,,0,3,Dépendance,,0,AG,terrains d'agrément,,,1013,4.952017,46.216699
2023-216,2023-01-13,000001,Vente,340000,9,,LOT LES ALLOUETS,A020,01290,01046,Biziat,01,,,010460000C0902,,,,,,,,,,,,,0,1,Maison,137,5,S,sols,,,600,4.952017,46.216699
2023-216,2023-01-13,000001,Vente,340000,9,,LOT LES ALLOUETS,A020,01290,01046,Biziat,01,,,010460000C0902,,,,,,,,,,,,,0,3,Dépendance,,0,S,sols,,,600,4.952017,46.216699
2023-216,2023-01-13,000001,Vente,340000,9,,LOT LES ALLOUETS,A020,01290,01046,Biziat,01,,,010460000C0902,,,,,,,,,,,,,0,3,Dépendance,,0,S,sols,,,600,4.952017,46.216699
2023-216,2023-01-13,000001,Vente,340000,9,,LOT LES ALLOUETS,A020,01290,01046,Biziat,01,,,010460000C0902,,,,,,,,,,,,,0,1,Maison,137,5,AG,terrains d'agrément,,,1013,4.952017,46.216699
2023-216,2023-01-13,000001,Vente,340000,9,,LOT LES ALLOUETS,A020,01290,01046,Biziat,01,,,010460000C0902,,,,,,,,,,,,,0,3,Dépendance,,0,AG,terrains d'agrément,,,1013,4.952017,46.216699
2023-216,2023-01-13,000001,Vente,340000,,,AUX ALLOUETS,B001,01290,01046,Biziat,01,,,010460000C0920,,,,,,,,,,,,,0,,,,,J,jardins,,,614,4.952508,46.216621
2023-217,2023-01-10,000001,Vente,246543,133,,RUE DE L EGLISE,0070,01210,01281,Ornex,01,,,01281000AO0017,,,49,49.94,9,,,,,,,,2,3,Dépendance,,0,,,,,,6.097215,46.272526
2023-217,2023-01-10,000001,Vente,246543,133,,RUE DE L EGLISE,0070,01210,01281,Ornex,01,,,01281000AO0017,,,80,,,,,,,,,,1,3,Dépendance,,0,,,,,,6.097215,46.272526
2023-217,2023-01-10,000001,Vente,246543,133,,RUE DE L EGLISE,0070,01210,01281,Ornex,01,,,01281000AO0017,,,49,49.94,9,,,,,,,,2,2,Appartement,51,2,,,,,,6.097215,46.272526
2023-218,2023-01-09,000001,Vente,165000,210,,RUE DES USINIERS,0745,01170,01173,Gex,01,,,01173000AC0057,,,18,,39,50.14,,,,,,,2,3,Dépendance,,0,,,,,,6.063602,46.339432
2023-218,2023-01-09,000001,Vente,165000,210,,RUE DES USINIERS,0745,01170,01173,Gex,01,,,01173000AC0057,,,18,,39,50.14,,,,,,,2,2,Appartement,50,2,,,,,,6.063602,46.339432
2023-218,2023-01-09,000001,Vente,165000,210,,RUE DES USINIERS,0745,01170,01173,Gex,01,,,01173000AC0057,,,114,,,,,,,,,,1,3,Dépendance,,0,,,,,,6.063602,46.339432
2023-219,2023-01-10,000001,Vente,516580,355,,RUE SIMONE VEIL,0229,01630,01354,Saint-Genis-Pouilly,01,,,01354000BA0011,,,99,,,,,,,,,,1,3,Dépendance,,0,,,,,,6.028269,46.239632
2023-219,2023-01-10,000001,Vente,516580,355,,RUE SIMONE VEIL,0229,01630,01354,Saint-Genis-Pouilly,01,,,01354000BA0011,,,22,99.7,61,,,,,,,,2,2,Appartement,100,4,,,,,,6.028269,46.239632
2023-219,2023-01-10,000001,Vente,516580,355,,RUE SIMONE VEIL,0229,01630,01354,Saint-Genis-Pouilly,01,,,01354000BA0011,,,22,99.7,61,,,,,,,,2,3,Dépendance,,0,,,,,,6.028269,46.239632
2023-220,2023-01-09,000001,Vente,262000,538,,MTE DES CANNES,0140,01800,01450,Villieu-Loyes-Mollon,01,,,014502230B0735,,,,,,,,,,,,,0,1,Maison,80,5,S,sols,,,995,5.228783,45.926389
2023-221,2023-01-10,000001,Vente,3000,10,,AV VOLTAIRE,0030,01210,01160,Ferney-Voltaire,01,,,01160000AI0621,,,37,,,,,,,,,,1,3,Dépendance,,0,,,,,,6.110841,46.256959
2023-221,2023-01-10,000001,Vente,3000,10,,AV VOLTAIRE,0030,01210,01160,Ferney-Voltaire,01,,,01160000AI0621,,,37,,,,,,,,,,1,2,Appartement,40,1,,,,,,6.110841,46.256959
2023-221,2023-01-10,000001,Vente,3000,10,,AV VOLTAIRE,0030,01210,01160,Ferney-Voltaire,01,,,01160000AI0621,,,37,,,,,,,,,,1,3,Dépendance,,0,,,,,,6.110841,46.256959
2023-222,2023-01-06,000001,Vente,76000,73,A,CRS DE VERDUN,1490,01100,01283,Oyonnax,01,,,01283000AN0149,,,188,99.07,206,,,,,,,,2,3,Dépendance,,0,,,,,,5.647035,46.258975
2023-222,2023-01-06,000001,Vente,76000,73,A,CRS DE VERDUN,1490,01100,01283,Oyonnax,01,,,01283000AN0149,,,188,99.07,206,,,,,,,,2,2,Appartement,102,5,,,,,,5.647035,46.258975
2023-223,2023-01-12,000001,Vente,555000,40,,RUE DES PRALETS,0112,01210,01281,Ornex,01,,,01281000AE0102,,,,,,,,,,,,,0,3,Dépendance,,0,S,sols,,,514,6.085279,46.286531
2023-223,2023-01-12,000001,Vente,555000,40,,RUE DES PRALETS,0112,01210,01281,Ornex,01,,,01281000AE0102,,,,,,,,,,,,,0,1,Maison,113,4,S,sols,,,514,6.085279,46.286531
2023-223,2023-01-12,000001,Vente,555000,40,,RUE DES PRALETS,0112,01210,01281,Ornex,01,,,01281000AE0102,,,,,,,,,,,,,0,3,Dépendance,,0,S,sols,,,514,6.085279,46.286531
2023-224,2023-01-11,000001,Vente,443946,,,LA CURE,B024,01170,01173,Gex,01,,,01173000AM0129,,,,,,,,,,,,,0,,,,,S,sols,,,11,6.057345,46.325018
2023-224,2023-01-11,000001,Vente,443946,,,LA CURE,B024,01170,01173,Gex,01,,,01173000AM0209,,,,,,,,,,,,,0,,,,,S,sols,,,60,6.058356,46.324081
2023-224,2023-01-11,000001,Vente,443946,,,LA CURE,B024,01170,01173,Gex,01,,,01173000AM0211,,,,,,,,,,,,,0,,,,,S,sols,,,25,6.057395,46.325016
2023-224,2023-01-11,000001,Vente,443946,80,,IMP DES BLEUETS,1100,01170,01173,Gex,01,,,01173000AM0242,,,,,,,,,,,,,0,1,Maison,81,4,S,sols,,,381,6.059437,46.324204
2023-224,2023-01-11,000001,Vente,443946,,,LA CURE,B024,01170,01173,Gex,01,,,01173000AM0250,,,,,,,,,,,,,0,,,,,S,sols,,,36,6.057803,46.324866
2023-224,2023-01-11,000001,Vente,443946,,,LA CURE,B024,01170,01173,Gex,01,,,01173000AM0251,,,,,,,,,,,,,0,,,,,S,sols,,,2650,6.058833,46.324571
2023-225,2023-01-10,000001,Vente,170000,,,LA BOTE BRENET,B013,01390,01362,Saint-Jean-de-Thurigneux,01,,,013620000D1010,,,,,,,,,,,,,0,,,,,AB,terrains a bâtir,,,440,4.886135,45.953126
2023-226,2023-01-11,000001,Vente en l'état futur d'achèvement,711000,,,,,,01160,Ferney-Voltaire,01,,,01160000AC0123,,,7,,,,,,,,,,1,,,,,,,,,,6.100124,46.250349
2023-226,2023-01-11,000001,Vente en l'état futur d'achèvement,711000,,,,,,01160,Ferney-Voltaire,01,,,01160000AC0123,,,8,,,,,,,,,,1,,,,,,,,,,6.100124,46.250349
2023-226,2023-01-11,000001,Vente en l'état futur d'achèvement,711000,,,,,,01160,Ferney-Voltaire,01,,,01160000AC0123,,,73,,,,,,,,,,1,,,,,,,,,,6.100124,46.250349
2023-227,2023-01-18,000001,Vente en l'état futur d'achèvement,305500,,,PETITE CHAMPAGNE,B129,01220,01143,Divonne-les-Bains,01,,,01143000AI0062,,,62,,,,,,,,,,1,,,,,,,,,,6.143757,46.35157
2023-227,2023-01-18,000001,Vente en l'état futur d'achèvement,305500,,,PETITE CHAMPAGNE,B129,01220,01143,Divonne-les-Bains,01,,,01143000AI0062,,,19,,,,,,,,,,1,,,,,,,,,,6.143757,46.35157
2023-228,2023-01-05,000001,Vente en l'état futur d'achèvement,145000,,,GR GRANDE RUE,0055,01340,01266,Montrevel-en-Bresse,01,,,01266000AC0170,,,66,,,,,,,,,,1,,,,,,,,,,5.128209,46.339272
2023-228,2023-01-05,000001,Vente en l'état futur d'achèvement,145000,,,GR GRANDE RUE,0055,01340,01266,Montrevel-en-Bresse,01,,,01266000AC0170,,,14,,,,,,,,,,1,,,,,,,,,,5.128209,46.339272
2023-229,2023-01-04,000001,Vente en l'état futur d'achèvement,152370,70,,RUE DE LOEZE,2324,01000,01053,Bourg-en-Bresse,01,,,01053000CK0173,,,225,,,,,,,,,,1,,,,,,,,,,5.249426,46.202879
2023-229,2023-01-04,000001,Vente en l'état futur d'achèvement,152370,70,,RUE DE LOEZE,2324,01000,01053,Bourg-en-Bresse,01,,,01053000CK0173,,,73,,,,,,,,,,1,,,,,,,,,,5.249426,46.202879
2023-230,2023-01-06,000001,Vente,186000,,,LA BOTE BRENET,B013,01390,01362,Saint-Jean-de-Thurigneux,01,,,013620000D1026,,,,,,,,,,,,,0,,,,,AB,terrains a bâtir,,,430,4.886744,45.95264
2023-231,2023-01-12,000001,Vente terrain à bâtir,131850,,,LE VILLAGE,B052,01240,01335,Saint-André-le-Bouchoux,01,,,013350000A0446,,,,,,,,,,,,,0,,,,,AB,terrains a bâtir,,,879,5.077125,46.118216
2023-232,2023-01-18,000001,Vente,215000,40,,RUE DE LA MAIRIE,0500,01600,01353,Sainte-Euphémie,01,,,013530000A0973,,,10,,12,61.67,,,,,,,2,3,Dépendance,,0,,,,,,4.798717,45.972515
2023-232,2023-01-18,000001,Vente,215000,40,,RUE DE LA MAIRIE,0500,01600,01353,Sainte-Euphémie,01,,,013530000A0973,,,7,,,,,,,,,,1,3,Dépendance,,0,,,,,,4.798717,45.972515
2023-232,2023-01-18,000001,Vente,215000,40,,RUE DE LA MAIRIE,0500,01600,01353,Sainte-Euphémie,01,,,013530000A0973,,,10,,12,61.67,,,,,,,2,2,Appartement,61,3,,,,,,4.798717,45.972515
2023-233,2023-01-12,000001,Vente,175000,,,LA BABILLIERE,B003,01500,01149,Douvres,01,,,011490000B0445,,,,,,,,,,,,,0,,,,,S,sols,,,203,5.373071,45.988797
2023-233,2023-01-12,000001,Vente,175000,,,LA BABILLIERE,B003,01500,01149,Douvres,01,,,011490000B0449,,,,,,,,,,,,,0,,,,,S,sols,,,136,5.373275,45.988671
2023-233,2023-01-12,000001,Vente,175000,,,LA BABILLIERE,B003,01500,01149,Douvres,01,,,011490000B2541,,,,,,,,,,,,,0,,,,,T,terres,,,184,5.373001,45.988614
2023-233,2023-01-12,000001,Vente,175000,26,B,CHE DE LA RUETTE,0070,01500,01149,Douvres,01,,,011490000B2544,,,,,,,,,,,,,0,1,Maison,165,7,S,sols,,,92,5.373101,45.988686
2023-233,2023-01-12,000001,Vente,175000,26,B,CHE DE LA RUETTE,0070,01500,01149,Douvres,01,,,011490000B2544,,,,,,,,,,,,,0,1,Maison,96,3,S,sols,,,92,5.373101,45.988686
2023-233,2023-01-12,000001,Vente,175000,,,CHE DE LA RUETTE,0070,01500,01149,Douvres,01,,,011490000B2547,,,,,,,,,,,,,0,,,,,S,sols,,,6,5.373134,45.988719
2023-233,2023-01-12,000001,Vente,175000,,,LA BABILLIERE,B003,01500,01149,Douvres,01,,,011490000B2548,,,,,,,,,,,,,0,,,,,T,terres,,,7,5.373013,45.988735
2023-233,2023-01-12,000001,Vente,175000,80,,RUE HENRI GENARD,0090,01540,01457,Vonnas,01,,,014570000A2631,,,18,,4,,,,,,,,2,2,Appartement,101,4,,,,,,4.992071,46.216761
2023-233,2023-01-12,000001,Vente,175000,80,,RUE HENRI GENARD,0090,01540,01457,Vonnas,01,,,014570000A2631,,,25,,,,,,,,,,1,3,Dépendance,,0,,,,,,4.992071,46.216761
2023-233,2023-01-12,000001,Vente,175000,80,,RUE HENRI GENARD,0090,01540,01457,Vonnas,01,,,014570000A2631,,,18,,4,,,,,,,,2,3,Dépendance,,0,,,,,,4.992071,46.216761
2023-234,2023-01-18,000001,Vente,28470,,,CHAMP BRESSON,B008,01500,01345,Saint-Denis-en-Bugey,01,,,01345000AC0216,,,,,,,,,,,,,0,,,,,T,terres,,,949,5.324399,45.952967
2023-235,2023-01-12,000001,Vente,130000,7,,RUE AMPERE,0020,01200,01033,Valserhône,01,,,01033000AL0682,,,304,,,,,,,,,,1,2,Appartement,73,3,,,,,,5.826263,46.106499
2023-235,2023-01-12,000001,Vente,130000,18,,RUE VIALA,0549,01200,01033,Valserhône,01,,,01033000AL0682,,,243,,,,,,,,,,1,3,Dépendance,,0,,,,,,5.826263,46.106499
2023-235,2023-01-12,000001,Vente,130000,7,,RUE AMPERE,0020,01200,01033,Valserhône,01,,,01033000AL0682,,,304,,,,,,,,,,1,3,Dépendance,,0,,,,,,5.826263,46.106499
2023-235,2023-01-12,000001,Vente,130000,7,,RUE AMPERE,0020,01200,01033,Valserhône,01,,,01033000AL0682,,,319,,,,,,,,,,1,3,Dépendance,,0,,,,,,5.826263,46.106499
2023-235,2023-01-12,000001,Vente,130000,7,,RUE AMPERE,0020,01200,01033,Valserhône,01,,,01033000AL0682,,,319,,,,,,,,,,1,2,Appartement,87,4,,,,,,5.826263,46.106499
2023-236,2023-01-13,000001,Vente,150000,87,,CHE DU BARVET,0160,01400,01146,Dompierre-sur-Chalaronne,01,,,01146000AA0158,,,,,,,,,,,,,0,1,Maison,90,4,S,sols,,,1092,4.905162,46.141603
2023-237,2023-01-14,000001,Vente,110000,,,SOUS TAMAS,B040,01100,01283,Oyonnax,01,,,01283000AS0422,,,,,,,,,,,,,0,,,,,AB,terrains a bâtir,,,1988,5.649687,46.269792
2023-237,2023-01-14,000001,Vente,110000,,,SOUS TAMAS,B040,01100,01283,Oyonnax,01,,,01283000AS0425,,,,,,,,,,,,,0,,,,,AB,terrains a bâtir,,,1202,5.649051,46.269751
2023-237,2023-01-14,000001,Vente,110000,,,SOUS TAMAS,B040,01100,01283,Oyonnax,01,,,01283000AS0426,,,,,,,,,,,,,0,,,,,AB,terrains a bâtir,,,231,5.649389,46.269502
2023-237,2023-01-14,000001,Vente,110000,,,SOUS TAMAS,B040,01100,01283,Oyonnax,01,,,01283000AS0431,,,,,,,,,,,,,0,,,,,AB,terrains a bâtir,,,326,5.649489,46.269283
2023-237,2023-01-14,000001,Vente,110000,,,SOUS TAMAS,B040,01100,01283,Oyonnax,01,,,01283000AS0437,,,,,,,,,,,,,0,,,,,AB,terrains a bâtir,,,866,5.649156,46.26932
2023-238,2023-01-11,000001,Vente,120000,,,SOUS TAMAS,B040,01100,01283,Oyonnax,01,,,01283000AS0422,,,,,,,,,,,,,0,,,,,AB,terrains a bâtir,,,1988,5.649687,46.269792
2023-238,2023-01-11,000001,Vente,120000,,,SOUS TAMAS,B040,01100,01283,Oyonnax,01,,,01283000AS0425,,,,,,,,,,,,,0,,,,,AB,terrains a bâtir,,,1202,5.649051,46.269751
2023-238,2023-01-11,000001,Vente,120000,,,SOUS TAMAS,B040,01100,01283,Oyonnax,01,,,01283000AS0426,,,,,,,,,,,,,0,,,,,AB,terrains a bâtir,,,231,5.649389,46.269502
2023-238,2023-01-11,000001,Vente,120000,,,SOUS TAMAS,B040,01100,01283,Oyonnax,01,,,01283000AS0433,,,,,,,,,,,,,0,,,,,AB,terrains a bâtir,,,274,5.649256,46.269588
2023-238,2023-01-11,000001,Vente,120000,,,SOUS TAMAS,B040,01100,01283,Oyonnax,01,,,01283000AS0437,,,,,,,,,,,,,0,,,,,AB,terrains a bâtir,,,866,5.649156,46.26932
2023-239,2023-01-16,000001,Vente,374000,,,SOUILLARD,B132,01400,01272,Neuville-les-Dames,01,,,012720000A0694,,,,,,,,,,,,,0,,,,,T,terres,,,7296,4.983844,46.163334
2023-239,2023-01-16,000001,Vente,374000,,,SOUILLARD,B132,01400,01272,Neuville-les-Dames,01,,,012720000A0783,,,,,,,,,,,,,0,,,,,S,sols,,,33,4.98518,46.163231
2023-239,2023-01-16,000001,Vente,374000,5022,,RTE DE THOISSEY,0700,01400,01272,Neuville-les-Dames,01,,,012720000A0784,,,,,,,,,,,,,0,1,Maison,150,4,S,sols,,,1384,4.985531,46.163321
2023-239,2023-01-16,000001,Vente,374000,5022,,RTE DE THOISSEY,0700,01400,01272,Neuville-les-Dames,01,,,012720000A0784,,,,,,,,,,,,,0,3,Dépendance,,0,S,sols,,,1384,4.985531,46.163321
2023-239,2023-01-16,000001,Vente,374000,,,SOUILLARD,B132,01400,01272,Neuville-les-Dames,01,,,012720000A0785,,,,,,,,,,,,,0,,,,,AG,terrains d'agrément,,,1094,4.985626,46.16338
2023-239,2023-01-16,000001,Vente,374000,,,SOUILLARD,B132,01400,01272,Neuville-les-Dames,01,,,012720000A0804,,,,,,,,,,,,,0,,,,,P,prés,,,1528,4.985444,46.163598
2023-239,2023-01-16,000001,Vente,374000,,,SOUILLARD,B132,01400,01272,Neuville-les-Dames,01,,,012720000A0804,,,,,,,,,,,,,0,,,,,P,prés,,,1528,4.985444,46.163598
2023-239,2023-01-16,000001,Vente,374000,,,SOUILLARD,B132,01400,01272,Neuville-les-Dames,01,,,012720000A0804,,,,,,,,,,,,,0,,,,,S,sols,,,100,4.985444,46.163598
2023-240,2023-01-06,000001,Vente,402000,,,BEL AIR,B009,01990,01389,Saint-Trivier-sur-Moignans,01,,,013890000A0064,,,,,,,,,,,,,0,,,,,T,terres,,,11775,4.909963,46.096632
2023-240,2023-01-06,000001,Vente,402000,,,BEL AIR,B009,01990,01389,Saint-Trivier-sur-Moignans,01,,,013890000A0065,,,,,,,,,,,,,0,,,,,P,prés,,,7456,4.909873,46.097429
2023-240,2023-01-06,000001,Vente,402000,5084,,BEL AIR,B009,01990,01389,Saint-Trivier-sur-Moignans,01,,,013890000A0066,,,,,,,,,,,,,0,1,Maison,90,5,S,sols,,,1480,4.909641,46.097656
2023-241,2023-01-17,000001,Vente,264000,105,,RTE DE ST JEAN LE VIEUX,0159,01500,01007,Ambronay,01,,,01007000ZD0102,,,,,,,,,,,,,0,1,Maison,102,5,S,sols,,,1013,5.362626,46.010895
2023-242,2023-01-05,000001,Vente,220000,5016,,MAILLARD,B076,01400,01093,Châtillon-sur-Chalaronne,01,,,010930000A0967,,,,,,,,,,,,,0,1,Maison,75,4,S,sols,,,800,4.947349,46.114463
2023-242,2023-01-05,000001,Vente,220000,5016,,MAILLARD,B076,01400,01093,Châtillon-sur-Chalaronne,01,,,010930000A0967,,,,,,,,,,,,,0,1,Maison,75,4,AG,terrains d'agrément,,,937,4.947349,46.114463
2023-242,2023-01-05,000001,Vente,220000,,,MAILLARD,B076,01400,01093,Châtillon-sur-Chalaronne,01,,,010930000A0968,,,,,,,,,,,,,0,,,,,S,sols,,,97,4.947134,46.11436
2023-243,2023-01-16,000001,Vente,3000,,,VIGNES DU CRUIX,B243,01160,01151,Druillat,01,,,011510000W0424,,,,,,,,,,,,,0,,,,,P,prés,,,280,5.321433,46.050998
2023-243,2023-01-16,000001,Vente,3000,,,VIGNES DU CRUIX,B243,01160,01151,Druillat,01,,,011510000W0429,,,,,,,,,,,,,0,,,,,P,prés,,,330,5.321509,46.051174
2023-244,2023-01-06,000001,Vente,169000,,,LA GRANGE MICHAUD,B149,01150,01202,Lagnieu,01,,,012020000B2777,,,,,,,,,,,,,0,,,,,AB,terrains a bâtir,,,840,5.330172,45.911641
2023-245,2023-01-10,000001,Vente,460000,16,,CHE DU BOIS ST PIERRE,0012,01800,01378,Saint-Maurice-de-Gourdans,01,,,013780000B1305,,,,,,,,,,,,,0,3,Dépendance,,0,AG,terrains d'agrément,,,532,5.206966,45.820522
2023-245,2023-01-10,000001,Vente,460000,16,,CHE DU BOIS ST PIERRE,0012,01800,01378,Saint-Maurice-de-Gourdans,01,,,013780000B1305,,,,,,,,,,,,,0,3,Dépendance,,0,S,sols,,,500,5.206966,45.820522
2023-245,2023-01-10,000001,Vente,460000,16,,CHE DU BOIS ST PIERRE,0012,01800,01378,Saint-Maurice-de-Gourdans,01,,,013780000B1305,,,,,,,,,,,,,0,1,Maison,160,6,S,sols,,,500,5.206966,45.820522
2023-245,2023-01-10,000001,Vente,460000,16,,CHE DU BOIS ST PIERRE,0012,01800,01378,Saint-Maurice-de-Gourdans,01,,,013780000B1305,,,,,,,,,,,,,0,1,Maison,160,6,AG,terrains d'agrément,,,532,5.206966,45.820522
2023-245,2023-01-10,000001,Vente,460000,,,GRAND CHANAY,B046,01800,01378,Saint-Maurice-de-Gourdans,01,,,013780000B1320,,,,,,,,,,,,,0,,,,,T,terres,,,250,5.207233,45.820614
2023-246,2023-01-17,000001,Vente,346666,5204,,LES SEIGLIERES,B159,01990,01389,Saint-Trivier-sur-Moignans,01,,,013890000F0270,,,,,,,,,,,,,0,3,Dépendance,,0,S,sols,,,1405,4.878018,46.054768
2023-246,2023-01-17,000001,Vente,346666,5204,,LES SEIGLIERES,B159,01990,01389,Saint-Trivier-sur-Moignans,01,,,013890000F0270,,,,,,,,,,,,,0,3,Dépendance,,0,S,sols,,,1405,4.878018,46.054768
2023-246,2023-01-17,000001,Vente,346666,5204,,LES SEIGLIERES,B159,01990,01389,Saint-Trivier-sur-Moignans,01,,,013890000F0270,,,,,,,,,,,,,0,1,Maison,140,5,S,sols,,,1405,4.878018,46.054768
2023-246,2023-01-17,000001,Vente,346666,,,LES SEIGLIERES,B159,01990,01389,Saint-Trivier-sur-Moignans,01,,,013890000F0695,,,,,,,,,,,,,0,,,,,P,prés,,,541,4.877991,46.054823
2023-246,2023-01-17,000001,Vente,346666,,,LES SEIGLIERES,B159,01990,01389,Saint-Trivier-sur-Moignans,01,,,013890000F0697,,,,,,,,,,,,,0,,,,,T,terres,,,1211,4.87762,46.054507
2023-247,2023-01-09,000001,Vente,260000,148,,RUE DES ACACIAS,0615,01000,01344,Saint-Denis-lès-Bourg,01,,,01344000AH0607,,,,,,,,,,,,,0,1,Maison,94,4,S,sols,,,322,5.20077,46.205091
2023-248,2023-01-06,000001,Vente,68500,,,LE GRAND CHAMP,B014,01380,01332,Saint-André-de-Bâgé,01,,,013320000A1979,,,,,,,,,,,,,0,,,,,AB,terrains a bâtir,,,731,4.915302,46.294534
2023-249,2023-01-16,000001,Vente,283000,659,,RTE D ARNANS,0015,01250,01125,Corveissiat,01,,,011250000E0376,,,,,,,,,,,,,0,1,Maison,139,5,S,sols,,,545,5.476091,46.250529
2023-249,2023-01-16,000001,Vente,283000,659,,RTE D ARNANS,0015,01250,01125,Corveissiat,01,,,011250000E0376,,,,,,,,,,,,,0,3,Dépendance,,0,S,sols,,,545,5.476091,46.250529
2023-249,2023-01-16,000001,Vente,283000,,,LA VUILLAT D EN HAUT,B328,01250,01125,Corveissiat,01,,,011250000E1593,,,,,,,,,,,,,0,,,,,AG,terrains d'agrément,JARD,Jardin d'agrément,421,5.47627,46.250377
2023-250,2023-01-03,000001,Vente,90000,,,LE STEIN,B199,01320,01092,Châtillon-la-Palud,01,,,010920000B2273,,,,,,,,,,,,,0,,,,,AB,terrains a bâtir,,,188,5.254055,45.974866
2023-250,2023-01-03,000001,Vente,90000,,,LE STEIN,B199,01320,01092,Châtillon-la-Palud,01,,,010920000B2278,,,,,,,,,,,,,0,,,,,AB,terrains a bâtir,,,95,5.254052,45.974758
2023-250,2023-01-03,000001,Vente,90000,,,LE STEIN,B199,01320,01092,Châtillon-la-Palud,01,,,010920000B2300,,,,,,,,,,,,,0,,,,,AB,terrains a bâtir,,,67,5.254031,45.974711
2023-251,2023-01-06,000001,Vente,355000,274,,CHE DU CHAMP,0200,01400,01146,Dompierre-sur-Chalaronne,01,,,01146000AA0153,,,,,,,,,,,,,0,1,Maison,107,5,S,sols,,,500,4.899635,46.142929
2023-251,2023-01-06,000001,Vente,355000,274,,CHE DU CHAMP,0200,01400,01146,Dompierre-sur-Chalaronne,01,,,01146000AA0153,,,,,,,,,,,,,0,1,Maison,107,5,AG,terrains d'agrément,,,746,4.899635,46.142929
2023-252,2023-01-05,000001,Vente,149000,,,AU PAVILLON,B016,01090,01169,Genouilleux,01,,,011690000B1059,,,,,,,,,,,,,0,,,,,AB,terrains a bâtir,,,641,4.78871,46.120995
2023-253,2023-01-06,000001,Vente,53320,,,HAMEAU DE VIEILLARD,B100,01640,01199,Jujurieux,01,,,011990000D0914,,,,,,,,,,,,,0,,,,,S,sols,,,250,5.439678,46.052941
2023-253,2023-01-06,000001,Vente,53320,,,HAMEAU DE VIEILLARD,B100,01640,01199,Jujurieux,01,,,011990000D0916,,,,,,,,,,,,,0,,,,,J,jardins,,,120,5.439964,46.053134
2023-253,2023-01-06,000001,Vente,53320,,,HAMEAU DE VIEILLARD,B100,01640,01199,Jujurieux,01,,,011990000D0917,,,,,,,,,,,,,0,,,,,P,prés,,,659,5.440136,46.053236
2023-253,2023-01-06,000001,Vente,53320,,,HAMEAU DE VIEILLARD,B100,01640,01199,Jujurieux,01,,,011990000D0918,,,,,,,,,,,,,0,,,,,J,jardins,,,54,5.440412,46.053116
2023-254,2023-01-05,000001,Vente,15000,,,LA VERPILLIERE,B058,01630,01401,Sergy,01,,,014010000B1592,,,,,,,,,,,,,0,,,,,P,prés,,,1139,5.993403,46.262285
2023-255,2023-01-05,000001,Vente,90000,5225,,GRAND' RUE,0046,01550,01109,Collonges,01,,,011090000F0117,,,,,,,,,,,,,0,1,Maison,74,3,S,sols,,,48,5.903931,46.139793
2023-256,2023-01-06,000001,Vente,1500,,,CHARMIEU,B038,01300,01338,Groslée-Saint-Benoit,01,,,013380000B0060,,,,,,,,,,,,,0,,,,,L,landes,,,1552,5.596538,45.687751
2023-257,2023-01-09,000001,Vente,1,,,SAINT ETIENNE DU BOIS,B107,01370,01350,Saint-Étienne-du-Bois,01,,,013500000B1557,,,,,,,,,,,,,0,,,,,AB,terrains a bâtir,,,1423,5.295618,46.286838
2023-257,2023-01-09,000001,Vente,1,,,SAINT ETIENNE DU BOIS,B107,01370,01350,Saint-Étienne-du-Bois,01,,,013500000B1558,,,,,,,,,,,,,0,,,,,AG,terrains d'agrément,,,661,5.29543,46.286642
2023-258,2023-01-16,000001,Vente,300000,,,AUX GONNIERES,B064,01190,01102,Chevroux,01,,,011020000A1061,,,,,,,,,,,,,0,,,,,P,prés,,,300,4.955262,46.384209
2023-258,2023-01-16,000001,Vente,300000,639,,RTE DES GONNIERES,0121,01190,01102,Chevroux,01,,,011020000A1373,,,,,,,,,,,,,0,1,Maison,161,6,S,sols,,,2285,4.955615,46.384107
2023-258,2023-01-16,000001,Vente,300000,639,,RTE DES GONNIERES,0121,01190,01102,Chevroux,01,,,011020000A1373,,,,,,,,,,,,,0,3,Dépendance,,0,S,sols,,,2285,4.955615,46.384107
2023-258,2023-01-16,000001,Vente,300000,639,,RTE DES GONNIERES,0121,01190,01102,Chevroux,01,,,011020000A1373,,,,,,,,,,,,,0,3,Dépendance,,0,S,sols,,,2285,4.955615,46.384107
2023-259,2023-01-14,000001,Vente,180000,,,GRAND CHANAY,B046,01800,01378,Saint-Maurice-de-Gourdans,01,,,013780000B1855,,,,,,,,,,,,,0,,,,,AB,terrains a bâtir,,,400,5.205943,45.820712
2023-260,2023-01-06,000001,Vente,250000,22,,RUE DU DAUPHINE,0060,01470,01403,Serrières-de-Briord,01,,,014030000B3123,,,,,,,,,,,,,0,1,Maison,110,6,S,sols,,,941,5.443783,45.808031
2023-261,2023-01-19,000001,Vente,7510.8,,,CHERINAL,B004,01310,01140,Curtafond,01,,,01140000AA0031,,,,,,,,,,,,,0,,,,,P,prés,,,11336,5.104218,46.255676
2023-261,2023-01-19,000001,Vente,7510.8,,,CHERINAL,B004,01310,01140,Curtafond,01,,,01140000AA0035,,,,,,,,,,,,,0,,,,,P,prés,,,17095,5.105171,46.254453
2023-261,2023-01-19,000001,Vente,7510.8,,,CHERINAL,B004,01310,01140,Curtafond,01,,,01140000AA0165,,,,,,,,,,,,,0,,,,,P,prés,,,7303,5.103532,46.25301
2023-261,2023-01-19,000001,Vente,7510.8,,,CHERINAL,B004,01310,01140,Curtafond,01,,,01140000AA0165,,,,,,,,,,,,,0,,,,,AB,terrains a bâtir,,,500,5.103532,46.25301
2023-261,2023-01-19,000001,Vente,7510.8,,,POLAIZE,B110,01310,01301,Polliat,01,,,01301000ZO0045,,,,,,,,,,,,,0,,,,,BS,taillis sous futaie,,,2638,5.105794,46.246027
2023-262,2023-01-11,000001,Vente,117500,7,,RUE DES MARRONNIERS,2610,01000,01053,Bourg-en-Bresse,01,,,01053000AD0739,,,63,31.46,,,,,,,,,1,2,Appartement,31,1,,,,,,5.221309,46.205203
2023-263,2023-01-13,000001,Vente,235000,599,,RUE VOLTAIRE,0780,01220,01143,Divonne-les-Bains,01,,,01143000AO0009,,,69,,,,,,,,,,1,3,Dépendance,,0,,,,,,6.133731,46.351207
2023-263,2023-01-13,000001,Vente,235000,599,,RUE VOLTAIRE,0780,01220,01143,Divonne-les-Bains,01,,,01143000AO0009,,,104,,,,,,,,,,1,3,Dépendance,,0,,,,,,6.133731,46.351207
2023-263,2023-01-13,000001,Vente,235000,599,,RUE VOLTAIRE,0780,01220,01143,Divonne-les-Bains,01,,,01143000AO0009,,,69,,,,,,,,,,1,2,Appartement,48,2,,,,,,6.133731,46.351207
2023-264,2023-01-05,000001,Vente,64400,10,,RUE A BAUDIN,0005,01100,01283,Oyonnax,01,,,01283000AC0427,,,10,,22,,32,,,,,,3,2,Appartement,37,2,,,,,,5.658179,46.264262
2023-264,2023-01-05,000001,Vente,64400,10,,RUE A BAUDIN,0005,01100,01283,Oyonnax,01,,,01283000AC0427,,,10,,22,,32,,,,,,3,3,Dépendance,,0,,,,,,5.658179,46.264262
2023-265,2023-01-17,000001,Vente,435000,64,,ALL DES BOULEAUX,0019,01630,01354,Saint-Genis-Pouilly,01,,,01354000BD0301,,,11,,,,,,,,,,1,2,Appartement,133,4,,,,,,6.021063,46.248265
2023-265,2023-01-17,000001,Vente,435000,64,,ALL DES BOULEAUX,0019,01630,01354,Saint-Genis-Pouilly,01,,,01354000BD0301,,,6,,,,,,,,,,1,3,Dépendance,,0,,,,,,6.021063,46.248265
2023-266,2023-01-10,000001,Vente,550000,,,RTE DE GOISIN,0088,01630,01360,Saint-Jean-de-Gonville,01,,,013600000D2607,,,,,,,,,,,,,0,1,Maison,105,5,S,sols,,,300,5.945819,46.211103
2023-267,2023-01-16,000001,Vente,600620,138,,BD DE BROU,0620,01000,01053,Bourg-en-Bresse,01,,,01053000AZ0111,,,1,109,,,,,,,,,1,2,Appartement,83,3,,,,,,5.233589,46.199185
2023-267,2023-01-16,000001,Vente,600620,138,,BD DE BROU,0620,01000,01053,Bourg-en-Bresse,01,,,01053000AZ0111,,,2,81.75,3,72.93,4,,,,,,3,3,Dépendance,,0,,,,,,5.233589,46.199185
2023-267,2023-01-16,000001,Vente,600620,138,,BD DE BROU,0620,01000,01053,Bourg-en-Bresse,01,,,01053000AZ0111,,,2,81.75,3,72.93,4,,,,,,3,3,Dépendance,,0,,,,,,5.233589,46.199185
2023-267,2023-01-16,000001,Vente,600620,138,,BD DE BROU,0620,01000,01053,Bourg-en-Bresse,01,,,01053000AZ0111,,,5,,,,,,,,,,1,3,Dépendance,,0,,,,,,5.233589,46.199185
2023-267,2023-01-16,000001,Vente,600620,138,,BD DE BROU,0620,01000,01053,Bourg-en-Bresse,01,,,01053000AZ0111,,,6,,,,,,,,,,1,3,Dépendance,,0,,,,,,5.233589,46.199185
2023-267,2023-01-16,000001,Vente,600620,138,,BD DE BROU,0620,01000,01053,Bourg-en-Bresse,01,,,01053000AZ0111,,,2,81.75,3,72.93,4,,,,,,3,2,Appartement,148,6,,,,,,5.233589,46.199185
2023-268,2023-01-17,000001,Vente,1000,,,PRE DU VIVIER,B052,01140,01351,Saint-Étienne-sur-Chalaronne,01,,,013510000D0404,,,,,,,,,,,,,0,,,,,T,terres,,,3865,4.854126,46.153618
2023-269,2023-01-04,000001,Vente,398000,,,LEYMIAT,B147,01450,01303,Poncin,01,,,01303000AE0178,,,,,,,,,,,,,0,,,,,J,jardins,,,565,5.427279,46.078372
2023-269,2023-01-04,000001,Vente,398000,26,,RUE DES FONTAINES - LEYMIAT,0046,01450,01303,Poncin,01,,,01303000AE0415,,,,,,,,,,,,,0,2,Appartement,48,1,S,sols,,,462,5.426946,46.078428
2023-269,2023-01-04,000001,Vente,398000,26,,RUE DES FONTAINES - LEYMIAT,0046,01450,01303,Poncin,01,,,01303000AE0415,,,,,,,,,,,,,0,2,Appartement,230,6,S,sols,,,462,5.426946,46.078428
2023-269,2023-01-04,000001,Vente,398000,,,LEYMIAT,B147,01450,01303,Poncin,01,,,01303000AE0417,,,,,,,,,,,,,0,,,,,J,jardins,,,144,5.427116,46.078339
2023-269,2023-01-04,000001,Vente,398000,26,,RUE DES FONTAINES - LEYMIAT,0046,01450,01303,Poncin,01,,,01303000AE0422,,,,,,,,,,,,,0,3,Dépendance,,0,S,sols,,,25,5.426768,46.078387
2023-270,2023-01-10,000002,Vente,200000,,,LES CALLEZES,B005,01170,01071,Cessy,01,,,01071000AD0182,,,,,,,,,,,,,0,,,,,S,sols,,,905,6.073981,46.313094
2023-271,2023-01-09,000001,Vente,97000,82,,AV AMEDEE MERCIER,0225,01000,01053,Bourg-en-Bresse,01,,,01053000CL0101,,,164,68.46,168,,,,,,,,2,3,Dépendance,,0,,,,,,5.246965,46.201656
2023-271,2023-01-09,000001,Vente,97000,82,,AV AMEDEE MERCIER,0225,01000,01053,Bourg-en-Bresse,01,,,01053000CL0101,,,164,68.46,168,,,,,,,,2,2,Appartement,69,3,,,,,,5.246965,46.201656
2023-271,2023-01-09,000001,Vente,97000,82,,AV AMEDEE MERCIER,0225,01000,01053,Bourg-en-Bresse,01,,,01053000CL0101,,,164,68.46,168,,,,,,,,2,3,Dépendance,,0,,,,,,5.246965,46.201656
2023-272,2023-01-11,000001,Vente,72200,,,EN RIGNION,B084,01500,01089,Château-Gaillard,01,,,01089000ZL0553,,,,,,,,,,,,,0,,,,,AB,terrains a bâtir,,,387,5.304702,45.97019
2023-273,2023-01-16,000001,Vente,220000,35,,RUE DES CYGNES,0249,01130,01269,Nantua,01,,,01269000AD0738,,,,,,,,,,,,,0,,,,,S,sols,,,36,5.606866,46.146828
2023-273,2023-01-16,000001,Vente,220000,35,,RUE DES CYGNES,0249,01130,01269,Nantua,01,,,01269000AD0745,,,,,,,,,,,,,0,1,Maison,100,5,S,sols,,,429,5.606921,46.146896
2023-273,2023-01-16,000001,Vente,220000,35,,RUE DES CYGNES,0249,01130,01269,Nantua,01,,,01269000AD0749,,,,,,,,,,,,,0,,,,,S,sols,,,207,5.606955,46.14697
2023-273,2023-01-16,000001,Vente,220000,35,,RUE DES CYGNES,0249,01130,01269,Nantua,01,,,01269000AD0803,,,,,,,,,,,,,0,,,,,S,sols,,,38,5.607123,46.14689
2023-274,2023-01-09,000001,Vente,510,,,LE BOIS BERTHOD,B016,01150,01202,Lagnieu,01,,,012020000B0517,,,,,,,,,,,,,0,,,,,T,terres,,,1769,5.330712,45.90089
2023-274,2023-01-09,000001,Vente,510,,,LE BOIS BERTHOD,B016,01150,01202,Lagnieu,01,,,012020000B0543,,,,,,,,,,,,,0,,,,,L,landes,,,416,5.331373,45.901136
2023-274,2023-01-09,000001,Vente,510,,,LE BOIS BERTHOD,B016,01150,01202,Lagnieu,01,,,012020000B0549,,,,,,,,,,,,,0,,,,,L,landes,,,386,5.33199,45.901378
2023-275,2023-01-03,000001,Vente terrain à bâtir,99000,,,EN RIGNION,B084,01500,01089,Château-Gaillard,01,,,01089000ZL0597,,,,,,,,,,,,,0,,,,,AB,terrains a bâtir,,,429,5.305392,45.969838
2023-276,2023-01-06,000001,Vente,1000,,,LES TERRES DU MOLLARD,B279,01150,01202,Lagnieu,01,,,012020000A0098,,,,,,,,,,,,,0,,,,,T,terres,,,2360,5.329793,45.919532
2023-276,2023-01-06,000001,Vente,1000,,,EN BOLLERIN,B033,01150,01202,Lagnieu,01,,,012020000C0172,,,,,,,,,,,,,0,,,,,BT,taillis simples,,,739,5.319199,45.895834
2023-277,2023-01-11,000001,Vente,462000,180,,CHE DE LA PLANCHE BRULEE,0055,01210,01160,Ferney-Voltaire,01,,,01160000AD0015,,,2,,,,,,,,,,1,1,Maison,101,5,,,,,,6.099172,46.253116
2023-278,2023-01-12,000001,Vente,285000,15,,RUE MARCEL ET IDA DEMIA,0455,01500,01004,Ambérieu-en-Bugey,01,,,01004000BR0681,,,,,,,,,,,,,0,1,Maison,92,4,S,sols,,,54,5.355299,45.955145
2023-278,2023-01-12,000001,Vente,285000,,,LONGE RAY NORD,B151,01500,01004,Ambérieu-en-Bugey,01,,,01004000BR0686,,,,,,,,,,,,,0,,,,,S,sols,,,23,5.355277,45.955013
2023-278,2023-01-12,000001,Vente,285000,,,LONGE RAY NORD,B151,01500,01004,Ambérieu-en-Bugey,01,,,01004000BR0693,,,,,,,,,,,,,0,,,,,S,sols,,,200,5.35526,45.955064
2023-279,2023-01-19,000001,Vente,195893.56,20,,RUE DE SAVOIE,0570,01360,01224,Loyettes,01,,,012240000A3328,,,,,,,,,,,,,0,1,Maison,83,4,S,sols,,,224,5.201597,45.774923
2023-280,2023-01-16,000001,Vente,536691,825,,RTE DE LA DOMBES,0150,01330,01005,Ambérieux-en-Dombes,01,,,01005000ZC0122,,,,,,,,,,,,,0,3,Dépendance,,0,T,terres,,,3000,4.910416,46.003899
2023-280,2023-01-16,000001,Vente,536691,825,,RTE DE LA DOMBES,0150,01330,01005,Ambérieux-en-Dombes,01,,,01005000ZC0122,,,,,,,,,,,,,0,1,Maison,114,5,S,sols,,,880,4.910416,46.003899
2023-280,2023-01-16,000001,Vente,536691,825,,RTE DE LA DOMBES,0150,01330,01005,Ambérieux-en-Dombes,01,,,01005000ZC0122,,,,,,,,,,,,,0,3,Dépendance,,0,S,sols,,,880,4.910416,46.003899
2023-280,2023-01-16,000001,Vente,536691,825,,RTE DE LA DOMBES,0150,01330,01005,Ambérieux-en-Dombes,01,,,01005000ZC0122,,,,,,,,,,,,,0,1,Maison,114,5,T,terres,,,3000,4.910416,46.003899
2023-281,2023-01-03,000001,Vente,1,,,LE COMBELLON,B194,01250,01095,Nivigne et Suran,01,,,01095172AB0004,,,,,,,,,,,,,0,,,,,P,prés,,,545,5.449134,46.310938
2023-282,2023-01-19,000001,Vente,6000,19,,RUE ST MARTIN,0710,01300,01034,Belley,01,,,01034000AS0463,,,35,,,,,,,,,,1,3,Dépendance,,0,,,,,,5.685727,45.759406
2023-283,2023-01-12,000001,Vente,1,,,LES GRANDES TERRES,B090,01270,01391,Salavre,01,,,01391000ZB0014,,,,,,,,,,,,,0,,,,,J,jardins,,,690,5.335809,46.372427
2023-284,2023-01-13,000001,Vente,1,,,LINGEAT,B148,01440,01451,Viriat,01,,,01451000AC0206,,,,,,,,,,,,,0,,,,,AB,terrains a bâtir,,,592,5.23438,46.265055
2023-284,2023-01-13,000001,Vente,1,,,LINGEAT,B148,01440,01451,Viriat,01,,,01451000AC0209,,,,,,,,,,,,,0,,,,,AB,terrains a bâtir,,,7,5.234597,46.265111
2023-285,2023-01-17,000001,Vente,19200.25,,,LES QUEMAINES,B089,01370,01038,Bény,01,,,010380000C0063,,,,,,,,,,,,,0,,,,,T,terres,,,9705,5.302767,46.311212
2023-285,2023-01-17,000001,Vente,19200.25,,,LES QUEMAINES,B089,01370,01038,Bény,01,,,010380000C0067,,,,,,,,,,,,,0,,,,,T,terres,,,5680,5.302139,46.310718
2023-285,2023-01-17,000001,Vente,19200.25,,,LE VERNAI,B109,01370,01038,Bény,01,,,010380000C0518,,,,,,,,,,,,,0,,,,,P,prés,,,2229,5.302846,46.309434
2023-285,2023-01-17,000001,Vente,19200.25,,,LA REISSE,B097,01370,01350,Saint-Étienne-du-Bois,01,,,013500000A0106,,,,,,,,,,,,,0,,,,,T,terres,,,739,5.303578,46.304566
2023-285,2023-01-17,000001,Vente,19200.25,,,LA REISSE,B097,01370,01350,Saint-Étienne-du-Bois,01,,,013500000A0117,,,,,,,,,,,,,0,,,,,T,terres,,,5960,5.301313,46.303497
2023-285,2023-01-17,000001,Vente,19200.25,,,LA REISSE,B097,01370,01350,Saint-Étienne-du-Bois,01,,,013500000A0119,,,,,,,,,,,,,0,,,,,T,terres,,,2928,5.301924,46.304429
2023-285,2023-01-17,000001,Vente,19200.25,,,LA REISSE,B097,01370,01350,Saint-Étienne-du-Bois,01,,,013500000A0122,,,,,,,,,,,,,0,,,,,T,terres,,,6212,5.301784,46.305498
2023-285,2023-01-17,000001,Vente,19200.25,,,LA REISSE,B097,01370,01350,Saint-Étienne-du-Bois,01,,,013500000A0123,,,,,,,,,,,,,0,,,,,T,terres,,,2076,5.302366,46.305782
2023-285,2023-01-17,000001,Vente,19200.25,,,LA REISSE,B097,01370,01350,Saint-Étienne-du-Bois,01,,,013500000A0137,,,,,,,,,,,,,0,,,,,P,prés,,,4850,5.302657,46.309138
2023-285,2023-01-17,000001,Vente,19200.25,,,LA REISSE,B097,01370,01350,Saint-Étienne-du-Bois,01,,,013500000A0138,,,,,,,,,,,,,0,,,,,T,terres,,,3633,5.30358,46.309081
2023-285,2023-01-17,000001,Vente,19200.25,,,LA REISSE,B097,01370,01350,Saint-Étienne-du-Bois,01,,,013500000A0140,,,,,,,,,,,,,0,,,,,P,prés,,,3451,5.303425,46.310223
2023-285,2023-01-17,000001,Vente,19200.25,,,LA REISSE,B097,01370,01350,Saint-Étienne-du-Bois,01,,,013500000A0141,,,,,,,,,,,,,0,,,,,P,prés,,,6482,5.303362,46.310878
2023-285,2023-01-17,000001,Vente,19200.25,,,LA REISSE,B097,01370,01350,Saint-Étienne-du-Bois,01,,,013500000A0441,,,,,,,,,,,,,0,,,,,P,prés,,,3193,5.303347,46.309659
2023-285,2023-01-17,000001,Vente,19200.25,,,LA REISSE,B097,01370,01350,Saint-Étienne-du-Bois,01,,,013500000A0449,,,,,,,,,,,,,0,,,,,T,terres,,,5540,5.302216,46.306257
2023-285,2023-01-17,000001,Vente,19200.25,,,LA REISSE,B097,01370,01350,Saint-Étienne-du-Bois,01,,,013500000A0450,,,,,,,,,,,,,0,,,,,T,terres,,,152,5.302106,46.305937
2023-285,2023-01-17,000001,Vente,19200.25,,,LA REISSE,B097,01370,01350,Saint-Étienne-du-Bois,01,,,013500000A0451,,,,,,,,,,,,,0,,,,,P,prés,,,1456,5.301222,46.30584
2023-285,2023-01-17,000001,Vente,19200.25,,,LA REISSE,B097,01370,01350,Saint-Étienne-du-Bois,01,,,013500000A0452,,,,,,,,,,,,,0,,,,,P,prés,,,4996,5.301252,46.306571
2023-285,2023-01-17,000001,Vente,19200.25,,,BOIS DU VERGER,B023,01370,01350,Saint-Étienne-du-Bois,01,,,013500000A0460,,,,,,,,,,,,,0,,,,,P,prés,,,3285,5.311511,46.311048
2023-285,2023-01-17,000001,Vente,19200.25,,,BOIS DU VERGER,B023,01370,01350,Saint-Étienne-du-Bois,01,,,013500000A0460,,,,,,,,,,,,,0,,,,,P,prés,,,3285,5.311511,46.311048
2023-285,2023-01-17,000001,Vente,19200.25,,,LA REISSE,B097,01370,01350,Saint-Étienne-du-Bois,01,,,013500000A0518,,,,,,,,,,,,,0,,,,,VI,vignes,,,949,5.303605,46.304498
2023-286,2023-01-19,000001,Vente,68000,,,SUR LE BIEF,B005,01250,01195,Jasseron,01,,,011950000D1065,,,,,,,,,,,,,0,,,,,AB,terrains a bâtir,,,740,5.324283,46.207415
2023-287,2023-01-11,000001,Vente,92500,2,,ALL DES CAVETS,0240,01370,01426,Val-Revermont,01,,,01426137AC0430,,,,,,,,,,,,,0,1,Maison,90,4,S,sols,,,491,5.385384,46.297683
2023-288,2023-01-03,000001,Vente,147500,24,,RUE DU BEAUJOLAIS,0056,01140,01420,Thoissey,01,,,01420000AB0082,,,1,103.8,,,,,,,,,1,2,Appartement,100,4,,,,,,4.799597,46.171855
2023-289,2023-01-06,000001,Vente,53000,5356,,LE VILLAGE,B109,01510,01452,Virieu-le-Grand,01,,,01452000AD0358,,,,,,,,,,,,,0,3,Dépendance,,0,S,sols,,,154,5.647987,45.847628
2023-289,2023-01-06,000001,Vente,53000,5356,,LE VILLAGE,B109,01510,01452,Virieu-le-Grand,01,,,01452000AD0358,,,,,,,,,,,,,0,3,Dépendance,,0,S,sols,,,154,5.647987,45.847628
2023-289,2023-01-06,000001,Vente,53000,5356,,LE VILLAGE,B109,01510,01452,Virieu-le-Grand,01,,,01452000AD0358,,,,,,,,,,,,,0,1,Maison,54,3,S,sols,,,154,5.647987,45.847628
2023-289,2023-01-06,000001,Vente,53000,,,LA REINE,B092,01510,01452,Virieu-le-Grand,01,,,014520000C1296,,,,,,,,,,,,,0,,,,,L,landes,,,420,5.640347,45.840835
2023-290,2023-01-12,000002,Vente,75000,5134,,CHE DE LA RUETTE,0070,01500,01149,Douvres,01,,,011490000B1828,,,,,,,,,,,,,0,1,Maison,77,2,S,sols,,,235,5.373309,45.988847
2023-290,2023-01-12,000002,Vente,75000,,,LA BABILLIEIRE,B002,01500,01149,Douvres,01,,,011490000B2439,,,,,,,,,,,,,0,,,,,AB,terrains a bâtir,,,30,5.373581,45.98871
2023-291,2023-01-05,000001,Vente,219000,,,IRIAT,B029,01310,01264,Montracol,01,,,012640000B0343,,,,,,,,,,,,,0,,,,,T,terres,,,1585,5.105553,46.181753
2023-291,2023-01-05,000001,Vente,219000,425,,RTE DE BICLOS,0015,01310,01264,Montracol,01,,,012640000B1029,,,,,,,,,,,,,0,1,Maison,50,2,S,sols,,,1517,5.105276,46.181467
2023-292,2023-01-12,000002,Vente,305000,,,BUYAT,B009,01800,01361,Saint-Jean-de-Niost,01,,,013610000B2568,,,,,,,,,,,,,0,,,,,T,terres,,,203,5.214267,45.845349
2023-292,2023-01-12,000002,Vente,305000,,,BUYAT,B009,01800,01361,Saint-Jean-de-Niost,01,,,013610000B2569,,,,,,,,,,,,,0,,,,,S,sols,,,865,5.214008,45.845413
2023-293,2023-01-05,000001,Vente,218000,196,,RUE BLAISE PASCAL,0188,01630,01354,Saint-Genis-Pouilly,01,,,01354000BH0217,,,133,,134,,68,44.01,,,,,3,2,Appartement,45,2,,,,,,6.021498,46.241589
2023-294,2023-01-04,000001,Vente,160000,23,,RUE BUFFON,0110,01200,01033,Valserhône,01,,,01033000AH0233,,,10,90.08,,,,,,,,,1,2,Appartement,92,4,,,,,,5.817913,46.115881
2023-295,2023-01-12,000002,Vente,224559.56,,,LES BOULEAUX,B016,01400,01093,Châtillon-sur-Chalaronne,01,,,010930000C0158,,,,,,,,,,,,,0,,,,,P,prés,,,18410,4.981688,46.113436
2023-295,2023-01-12,000002,Vente,224559.56,,,LES BOULEAUX,B016,01400,01093,Châtillon-sur-Chalaronne,01,,,010930000C4318,,,,,,,,,,,,,0,,,,,T,terres,,,2064,4.982651,46.113653
2023-295,2023-01-12,000002,Vente,224559.56,,,LES BOULEAUX,B016,01400,01093,Châtillon-sur-Chalaronne,01,,,010930000C4319,,,,,,,,,,,,,0,,,,,T,terres,,,38,4.982366,46.113399
2023-295,2023-01-12,000002,Vente,224559.56,,,LES BOULEAUX,B016,01400,01093,Châtillon-sur-Chalaronne,01,,,010930000C4321,,,,,,,,,,,,,0,,,,,T,terres,,,679,4.982587,46.11307
2023-295,2023-01-12,000002,Vente,224559.56,5203,,LES BOULEAUX,B016,01400,01093,Châtillon-sur-Chalaronne,01,,,010930000C4322,,,,,,,,,,,,,0,1,Maison,61,3,S,sols,,,1536,4.98217,46.113163
2023-295,2023-01-12,000002,Vente,224559.56,5203,,LES BOULEAUX,B016,01400,01093,Châtillon-sur-Chalaronne,01,,,010930000C4322,,,,,,,,,,,,,0,3,Dépendance,,0,S,sols,,,1536,4.98217,46.113163
2023-295,2023-01-12,000002,Vente,224559.56,5203,,LES BOULEAUX,B016,01400,01093,Châtillon-sur-Chalaronne,01,,,010930000C4322,,,,,,,,,,,,,0,1,Maison,69,1,S,sols,,,1536,4.98217,46.113163
2023-296,2023-01-09,000001,Vente,140000,,,PONT DE VEYLE,B010,01290,01306,Pont-de-Veyle,01,,,013060000A1516,,,,,,,,,,,,,0,,,,,J,jardins,,,65,4.889474,46.265311
2023-296,2023-01-09,000001,Vente,140000,11,,GR GRANDE RUE,0040,01290,01306,Pont-de-Veyle,01,,,013060000A1518,,,,,,,,,,,,,0,2,Appartement,40,1,S,sols,,,315,4.889315,46.26534
2023-296,2023-01-09,000001,Vente,140000,11,,GR GRANDE RUE,0040,01290,01306,Pont-de-Veyle,01,,,013060000A1518,,,,,,,,,,,,,0,2,Appartement,42,2,S,sols,,,315,4.889315,46.26534
2023-296,2023-01-09,000001,Vente,140000,11,,GR GRANDE RUE,0040,01290,01306,Pont-de-Veyle,01,,,013060000A1518,,,,,,,,,,,,,0,2,Appartement,56,3,S,sols,,,315,4.889315,46.26534
2023-296,2023-01-09,000001,Vente,140000,11,,GR GRANDE RUE,0040,01290,01306,Pont-de-Veyle,01,,,013060000A1518,,,,,,,,,,,,,0,2,Appartement,55,3,S,sols,,,315,4.889315,46.26534
2023-296,2023-01-09,000001,Vente,140000,11,,GR GRANDE RUE,0040,01290,01306,Pont-de-Veyle,01,,,013060000A1518,,,,,,,,,,,,,0,3,Dépendance,,0,S,sols,,,315,4.889315,46.26534
2023-296,2023-01-09,000001,Vente,140000,11,,GR GRANDE RUE,0040,01290,01306,Pont-de-Veyle,01,,,013060000A1518,,,,,,,,,,,,,0,3,Dépendance,,0,S,sols,,,315,4.889315,46.26534
2023-297,2023-01-20,000001,Vente,258550,11,,ALL DE LA CHEMINEE,0234,01500,01004,Ambérieu-en-Bugey,01,,,01004000AB0276,,,,,,,,,,,,,0,1,Maison,91,5,S,sols,,,222,5.351738,45.971109
2023-298,2023-01-19,000001,Vente,187000,34,,CHE DU LAVOIR,0095,01630,01401,Sergy,01,,,014010000B1642,,,,,,,,,,,,,0,1,Maison,78,4,S,sols,,,55,5.992146,46.257131
2023-299,2023-01-05,000002,Vente,500,,,LE BOURG,B014,01300,01110,Colomieu,01,,,011100000B0674,,,,,,,,,,,,,0,,,,,S,sols,,,9,5.62295,45.732769
2023-300,2023-01-20,000001,Vente,78500,5243,,LA BISSAUDE,B005,01410,01247,Mijoux,01,,,012470000B1584,,,93,,98,,,,,,,,2,2,Appartement,44,2,,,,,,5.998787,46.367271
2023-300,2023-01-20,000001,Vente,78500,5243,,LA BISSAUDE,B005,01410,01247,Mijoux,01,,,012470000B1584,,,2,,,,,,,,,,1,3,Dépendance,,0,,,,,,5.998787,46.367271
2023-301,2023-01-24,000001,Vente,149000,,,LE BOURG,B011,01560,01437,Vescours,01,,,014370000C0099,,,,,,,,,,,,,0,,,,,P,prés,,,1940,5.025065,46.471536
2023-301,2023-01-24,000001,Vente,149000,46,,PL DE L EGLISE,0085,01560,01437,Vescours,01,,,014370000C0121,,,,,,,,,,,,,0,1,Maison,70,3,S,sols,,,820,5.024913,46.472236
2023-302,2023-01-17,000001,Vente,11300,,,AU RIRET,B120,01410,01081,Champfromier,01,,,010810000C0528,,,,,,,,,,,,,0,,,,,BT,taillis simples,,,30260,5.83777,46.212449
2023-302,2023-01-17,000001,Vente,11300,,,AU RIRET,B120,01410,01081,Champfromier,01,,,010810000C0552,,,,,,,,,,,,,0,,,,,PA,pâtures,PATUR,Pâture plantée,2555,5.83588,46.211638
2023-302,2023-01-17,000001,Vente,11300,,,AU RIRET,B120,01410,01081,Champfromier,01,,,010810000C0554,,,,,,,,,,,,,0,,,,,PA,pâtures,PATUR,Pâture plantée,1570,5.836774,46.211976
2023-302,2023-01-17,000001,Vente,11300,,,AU RIRET,B120,01410,01081,Champfromier,01,,,010810000C0566,,,,,,,,,,,,,0,,,,,L,landes,,,4210,5.833358,46.211682
2023-303,2023-01-03,000001,Vente,250000,5144,,EN SPERT,B031,01310,01385,Saint-Rémy,01,,,013850000A0497,,,,,,,,,,,,,0,1,Maison,108,4,J,jardins,,,1206,5.15855,46.188366
2023-303,2023-01-03,000001,Vente,250000,5144,,EN SPERT,B031,01310,01385,Saint-Rémy,01,,,013850000A0497,,,,,,,,,,,,,0,1,Maison,108,4,S,sols,,,1139,5.15855,46.188366
2023-304,2023-01-05,000001,Vente,6000,,,AU PONTHET,B139,01190,01016,Arbigny,01,,,01016000ZL0171,,,,,,,,,,,,,0,,,,,P,prés,,,448,4.967812,46.466816
2023-305,2023-01-04,000001,Vente,211144.97,38,,ALL LUCIE AUBRAC,0920,01000,01344,Saint-Denis-lès-Bourg,01,,,01344000AH0686,,,,,,,,,,,,,0,1,Maison,91,4,S,sols,,,324,5.199783,46.203708
2023-305,2023-01-04,000001,Vente,211144.97,,,LES CADALLES,B003,01000,01344,Saint-Denis-lès-Bourg,01,,,01344000AH0722,,,,,,,,,,,,,0,,,,,AB,terrains a bâtir,,,1,5.199664,46.203805
2023-306,2023-01-16,000001,Vente,1,,,LES CLAPIERS,B008,01000,01344,Saint-Denis-lès-Bourg,01,,,01344000AK0481,,,,,,,,,,,,,0,,,,,S,sols,,,477,5.206438,46.195077
2023-306,2023-01-16,000001,Vente,1,,,ALL DES GLYCINES,0154,01000,01344,Saint-Denis-lès-Bourg,01,,,01344000AO0033,,,,,,,,,,,,,0,,,,,S,sols,,,269,5.195004,46.202585
2023-307,2023-01-11,000001,Vente,210000,,,LE VILLAGE,B069,01100,01171,Géovreisset,01,,,011710000A0023,,,,,,,,,,,,,0,,,,,J,jardins,,,196,5.61666,46.255075
2023-307,2023-01-11,000001,Vente,210000,4,B,RUE DE LA FONTAINE,0040,01100,01171,Géovreisset,01,,,011710000A0024,,,,,,,,,,,,,0,3,Dépendance,,0,S,sols,,,102,5.616775,46.255203
2023-307,2023-01-11,000001,Vente,210000,,,LE VILLAGE,B069,01100,01171,Géovreisset,01,,,011710000A0041,,,,,,,,,,,,,0,,,,,J,jardins,,,625,5.616675,46.255484
2023-307,2023-01-11,000001,Vente,210000,4,,RUE DE LA FONTAINE,0040,01100,01171,Géovreisset,01,,,011710000A0042,,,,,,,,,,,,,0,1,Maison,114,3,S,sols,,,553,5.616883,46.255427
2023-308,2023-01-17,000001,Vente,440000,,,EN VERNET,B190,01550,01158,Farges,01,,,011580000A0473,,,,,,,,,,,,,0,,,,,P,prés,,,220,5.908932,46.173709
2023-309,2023-01-12,000001,Vente,370000,148,,RUE DU PERE ADAM,0109,01210,01281,Ornex,01,,,01281000AS0055,,,22,92.16,,,,,,,,,1,2,Appartement,91,4,,,,,,6.111707,46.264347
2023-309,2023-01-12,000001,Vente,370000,148,,RUE DU PERE ADAM,0109,01210,01281,Ornex,01,,,01281000AS0055,,,64,,,,,,,,,,1,3,Dépendance,,0,,,,,,6.111707,46.264347
2023-310,2023-01-16,000001,Vente,509800,5319,,RTE DE MEXIMIEUX,0540,01390,01333,Saint-André-de-Corcy,01,,,01333000AO0011,,,,,,,,,,,,,0,1,Maison,103,3,S,sols,,,561,4.96401,45.92668
2023-310,2023-01-16,000001,Vente,509800,5319,,RTE DE MEXIMIEUX,0540,01390,01333,Saint-André-de-Corcy,01,,,01333000AO0011,,,,,,,,,,,,,0,3,Dépendance,,0,S,sols,,,561,4.96401,45.92668
2023-310,2023-01-16,000001,Vente,509800,5319,,RTE DE MEXIMIEUX,0540,01390,01333,Saint-André-de-Corcy,01,,,01333000AO0011,,,,,,,,,,,,,0,1,Maison,103,3,AG,terrains d'agrément,,,1019,4.96401,45.92668
2023-310,2023-01-16,000001,Vente,509800,5319,,RTE DE MEXIMIEUX,0540,01390,01333,Saint-André-de-Corcy,01,,,01333000AO0011,,,,,,,,,,,,,0,3,Dépendance,,0,AG,terrains d'agrément,,,1019,4.96401,45.92668
2023-311,2023-01-16,000001,Vente,570000,15,,HAMEAU DES CHENES,0190,01710,01419,Thoiry,01,,,01419000BR0126,,,23,,,,,,,,,,1,3,Dépendance,,0,,,,,,5.971779,46.242982
2023-311,2023-01-16,000001,Vente,570000,15,,HAMEAU DES CHENES,0190,01710,01419,Thoiry,01,,,01419000BR0126,,,23,,,,,,,,,,1,1,Maison,140,7,,,,,,5.971779,46.242982
2023-312,2023-01-16,000001,Vente,170000,16,B,RUE DIDEROT,0430,01100,01283,Oyonnax,01,,,01283000AI0223,,,,,,,,,,,,,0,1,Maison,70,3,S,sols,,,219,5.659153,46.253709
2023-312,2023-01-16,000001,Vente,170000,16,B,RUE DIDEROT,0430,01100,01283,Oyonnax,01,,,01283000AI0577,,,,,,,,,,,,,0,,,,,S,sols,,,24,5.659202,46.253741
2023-313,2023-01-23,000001,Vente,234000,102,,CHE DU PALAIS ROYAL,0170,01340,01196,Jayat,01,,,011960000C0202,,,,,,,,,,,,,0,1,Maison,100,6,J,jardins,,,1341,5.123628,46.351921
2023-313,2023-01-23,000001,Vente,234000,102,,CHE DU PALAIS ROYAL,0170,01340,01196,Jayat,01,,,011960000C0202,,,,,,,,,,,,,0,1,Maison,100,6,S,sols,,,1253,5.123628,46.351921
2023-314,2023-01-10,000001,Vente,120000,,,AUX BROSSES,B002,01090,01263,Montmerle-sur-Saône,01,,,01263000AC1202,,,,,,,,,,,,,0,,,,,AB,terrains a bâtir,,,156,4.766425,46.086973
2023-314,2023-01-10,000001,Vente,120000,,,AUX BROSSES,B002,01090,01263,Montmerle-sur-Saône,01,,,01263000AC1207,,,,,,,,,,,,,0,,,,,AB,terrains a bâtir,,,274,4.766566,46.087
2023-315,2023-01-19,000001,Vente,319000,21,A,RUE DOC NODET,1240,01000,01053,Bourg-en-Bresse,01,,,01053000AL0178,,,6,,,,,,,,,,1,3,Dépendance,,0,,,,,,5.222339,46.194557
2023-315,2023-01-19,000001,Vente,319000,21,A,RUE DOC NODET,1240,01000,01053,Bourg-en-Bresse,01,,,01053000AL0178,,,5,,,,,,,,,,1,3,Dépendance,,0,,,,,,5.222339,46.194557
2023-315,2023-01-19,000001,Vente,319000,21,A,RUE DOC NODET,1240,01000,01053,Bourg-en-Bresse,01,,,01053000AL0178,,,39,,59,,,,,,,,2,3,Dépendance,,0,,,,,,5.222339,46.194557
2023-315,2023-01-19,000001,Vente,319000,21,A,RUE DOC NODET,1240,01000,01053,Bourg-en-Bresse,01,,,01053000AL0178,,,39,,59,,,,,,,,2,2,Appartement,102,3,,,,,,5.222339,46.194557
2023-316,2023-01-13,000001,Vente,432000,103,,RUE DE LA MEULE,0378,01120,01049,La Boisse,01,,,01049000AE0613,,,,,,,,,,,,,0,1,Maison,101,5,S,sols,,,800,5.044454,45.846164
2023-316,2023-01-13,000001,Vente,432000,103,,RUE DE LA MEULE,0378,01120,01049,La Boisse,01,,,01049000AE0613,,,,,,,,,,,,,0,3,Dépendance,,0,S,sols,,,800,5.044454,45.846164
2023-316,2023-01-13,000001,Vente,432000,103,,RUE DE LA MEULE,0378,01120,01049,La Boisse,01,,,01049000AE0613,,,,,,,,,,,,,0,3,Dépendance,,0,S,sols,,,800,5.044454,45.846164
2023-317,2023-01-11,000001,Vente,135000,,,RUILLAT,B088,01380,01343,Saint-Cyr-sur-Menthon,01,,,01343000ZS0033,,,,,,,,,,,,,0,,,,,P,prés,,,1965,4.95312,46.270306
2023-317,2023-01-11,000001,Vente,135000,,,RUILLAT,B088,01380,01343,Saint-Cyr-sur-Menthon,01,,,01343000ZS0061,,,,,,,,,,,,,0,,,,,P,prés,,,5244,4.953687,46.270191
2023-317,2023-01-11,000001,Vente,135000,,,LE PELOU,B069,01380,01343,Saint-Cyr-sur-Menthon,01,,,01343000ZS0285,,,,,,,,,,,,,0,,,,,T,terres,,,126,4.95369,46.270422
2023-318,2023-01-18,000001,Vente,120000,13,,RUE DES VOITURONS,1530,01100,01283,Oyonnax,01,,,01283000AD0354,,,125,63.12,160,,,,,,,,2,3,Dépendance,,0,,,,,,5.664003,46.259752
2023-318,2023-01-18,000001,Vente,120000,13,,RUE DES VOITURONS,1530,01100,01283,Oyonnax,01,,,01283000AD0354,,,125,63.12,160,,,,,,,,2,2,Appartement,60,2,,,,,,5.664003,46.259752
2023-319,2023-01-16,000001,Vente,308000,15,,RUE AUX QUATRE VENTS,0080,01500,01008,Ambutrix,01,,,010080000B1391,,,,,,,,,,,,,0,1,Maison,91,4,S,sols,,,559,5.330022,45.938349
2023-320,2023-01-18,000001,Vente,160000,1,,RUE ST GEORGES,0585,01500,01004,Ambérieu-en-Bugey,01,,,01004000AL0541,,,14,,32,58.09,,,,,,,2,2,Appartement,57,2,,,,,,5.338192,45.959149
2023-320,2023-01-18,000001,Vente,160000,1,,RUE ST GEORGES,0585,01500,01004,Ambérieu-en-Bugey,01,,,01004000AL0541,,,14,,32,58.09,,,,,,,2,3,Dépendance,,0,,,,,,5.338192,45.959149
2023-321,2023-01-16,000001,Vente,245000,508,,RUE D ALLEMOGNE,0003,01710,01419,Thoiry,01,,,01419000AB0103,,,2,69.31,,,,,,,,,1,2,Appartement,49,2,,,,,,5.987152,46.248909
2023-321,2023-01-16,000001,Vente,245000,508,,RUE D ALLEMOGNE,0003,01710,01419,Thoiry,01,,,01419000AB0103,,,2,69.31,,,,,,,,,1,3,Dépendance,,0,,,,,,5.987152,46.248909
2023-322,2023-01-20,000001,Vente,177422,1371,,RTE DE BOURG,0040,01250,01447,Villereversure,01,,,01447000AH0153,,,,,,,,,,,,,0,1,Maison,89,4,S,sols,,,795,5.384569,46.185174
2023-323,2023-01-05,000001,Vente,1185000,97,,CHE DE LA PLANCHE BRULEE,0055,01210,01160,Ferney-Voltaire,01,,,01160000AD0078,,,40,205.38,47,,,,,,,,2,2,Appartement,180,7,,,,,,6.098117,46.254567
2023-323,2023-01-05,000001,Vente,1185000,97,,CHE DE LA PLANCHE BRULEE,0055,01210,01160,Ferney-Voltaire,01,,,01160000AD0078,,,40,205.38,47,,,,,,,,2,3,Dépendance,,0,,,,,,6.098117,46.254567
2023-324,2023-01-19,000001,Vente,80500,,,LE BARONNIER,B005,01320,01092,Châtillon-la-Palud,01,,,010920000D0676,,,,,,,,,,,,,0,,,,,J,jardins,,,89,5.247575,45.964808
2023-324,2023-01-19,000001,Vente,80500,,,LE BARONNIER,B005,01320,01092,Châtillon-la-Palud,01,,,010920000D1595,,,,,,,,,,,,,0,,,,,S,sols,,,53,5.247586,45.964859
2023-324,2023-01-19,000001,Vente,80500,172,,RUE DU BARONNIER,0110,01320,01092,Châtillon-la-Palud,01,,,010920000D1685,,,,,,,,,,,,,0,1,Maison,60,2,S,sols,,,438,5.247317,45.964881
2023-325,2023-01-16,000001,Vente,2500,,,MONTANET,B023,01540,01291,Perrex,01,,,012910000B0069,,,,,,,,,,,,,0,,,,,T,terres,,,1855,4.97568,46.240798
2023-325,2023-01-16,000001,Vente,2500,,,MONTANET,B023,01540,01291,Perrex,01,,,012910000B0076,,,,,,,,,,,,,0,,,,,P,prés,,,4540,4.976092,46.241668
2023-325,2023-01-16,000001,Vente,2500,,,MONTANET,B023,01540,01291,Perrex,01,,,012910000B0077,,,,,,,,,,,,,0,,,,,T,terres,,,2680,4.975539,46.241623
2023-325,2023-01-16,000001,Vente,2500,,,MONTANET,B023,01540,01291,Perrex,01,,,012910000B0078,,,,,,,,,,,,,0,,,,,T,terres,,,940,4.975461,46.24132
2023-326,2023-01-16,000001,Vente,2250,,,LA PLATIERE,B031,01540,01291,Perrex,01,,,012910000A0249,,,,,,,,,,,,,0,,,,,T,terres,,,900,4.961365,46.251349
2023-326,2023-01-16,000001,Vente,2250,,,LA PLATIERE,B031,01540,01291,Perrex,01,,,012910000A0250,,,,,,,,,,,,,0,,,,,T,terres,,,920,4.961399,46.251228
2023-326,2023-01-16,000001,Vente,2250,,,LA PLATIERE,B031,01540,01291,Perrex,01,,,012910000A0252,,,,,,,,,,,,,0,,,,,T,terres,,,3315,4.961301,46.250708
2023-326,2023-01-16,000001,Vente,2250,,,MONTANET,B023,01540,01291,Perrex,01,,,012910000B0060,,,,,,,,,,,,,0,,,,,T,terres,,,3785,4.971335,46.23724
2023-327,2023-01-11,000001,Vente,9900,25,,CHE DE PRE DE PLANCHE,0088,01280,01313,Prévessin-Moëns,01,,,01313000AN0070,,,47,,,,,,,,,,1,3,Dépendance,,0,,,,,,6.079734,46.247711
2023-328,2023-01-18,000001,Vente,3000,,,LE BATTOIR,B003,01640,01363,Saint-Jean-le-Vieux,01,,,013630000D0937,,,,,,,,,,,,,0,,,,,P,prés,,,382,5.401491,46.026008
2023-329,2023-01-09,000001,Vente,155000,4,,RUE DE GEX,0125,01630,01354,Saint-Genis-Pouilly,01,,,01354000BC0070,,,14,,26,,32,41.82,,,,,3,2,Appartement,42,2,,,,,,6.021274,46.243505
2023-329,2023-01-09,000001,Vente,155000,4,,RUE DE GEX,0125,01630,01354,Saint-Genis-Pouilly,01,,,01354000BC0070,,,14,,26,,32,41.82,,,,,3,3,Dépendance,,0,,,,,,6.021274,46.243505
2023-329,2023-01-09,000001,Vente,155000,4,,RUE DE GEX,0125,01630,01354,Saint-Genis-Pouilly,01,,,01354000BC0070,,,14,,26,,32,41.82,,,,,3,3,Dépendance,,0,,,,,,6.021274,46.243505
2023-330,2023-01-19,000001,Vente,2000,,,BOUIS,B015,01150,01444,Villebois,01,,,01444000AB0170,,,,,,,,,,,,,0,,,,,J,jardins,,,144,5.431875,45.857708
2023-331,2023-01-18,000001,Vente,6500,,,LE BATTOIR,B003,01640,01363,Saint-Jean-le-Vieux,01,,,013630000D0938,,,,,,,,,,,,,0,,,,,P,prés,,,258,5.4016,46.026014
2023-331,2023-01-18,000001,Vente,6500,,,LE BATTOIR,B003,01640,01363,Saint-Jean-le-Vieux,01,,,013630000D0939,,,,,,,,,,,,,0,,,,,P,prés,,,246,5.401661,46.025987
2023-332,2023-01-17,000001,Vente,45000,185,,RUE ALEXANDRE BERARD,0040,01500,01004,Ambérieu-en-Bugey,01,,,01004000AP0014,,,32,,,,,,,,,,1,3,Dépendance,,0,,,,,,5.353103,45.969254
2023-332,2023-01-17,000001,Vente,45000,185,,RUE ALEXANDRE BERARD,0040,01500,01004,Ambérieu-en-Bugey,01,,,01004000AP0014,,,27,,,,,,,,,,1,3,Dépendance,,0,,,,,,5.353103,45.969254
2023-333,2023-01-13,000001,Vente,570000,16,,RUE COTEAUX CHALLEX BAS,0053,01630,01078,Challex,01,,,010780000B0720,,,15,112.62,,,,,,,,,1,1,Maison,125,5,,,,,,5.97819,46.182564
2023-334,2023-01-11,000001,Vente,214000,262,,AV DE BELLE FERME,0041,01170,01173,Gex,01,,,01173000AH0194,,,105,42.09,,,,,,,,,1,2,Appartement,42,2,,,,,,6.065041,46.332887
2023-334,2023-01-11,000001,Vente,214000,262,,AV DE BELLE FERME,0041,01170,01173,Gex,01,,,01173000AH0194,,,141,,,,,,,,,,1,3,Dépendance,,0,,,,,,6.065041,46.332887
2023-334,2023-01-11,000001,Vente,214000,,,AV DE BELLE FERME,0041,01170,01173,Gex,01,,,01173000AH0194,,,326,,,,,,,,,,1,3,Dépendance,,0,,,,,,6.065041,46.332887
2023-335,2023-01-11,000001,Vente,115000,20,,RUE LAMARTINE,0340,01200,01033,Valserhône,01,,,01033000AL0069,,,24,,33,,5,50.05,,,,,3,2,Appartement,50,3,,,,,,5.824324,46.107939
2023-335,2023-01-11,000001,Vente,115000,20,,RUE LAMARTINE,0340,01200,01033,Valserhône,01,,,01033000AL0069,,,24,,33,,5,50.05,,,,,3,3,Dépendance,,0,,,,,,5.824324,46.107939
2023-335,2023-01-11,000001,Vente,115000,20,,RUE LAMARTINE,0340,01200,01033,Valserhône,01,,,01033000AL0069,,,24,,33,,5,50.05,,,,,3,3,Dépendance,,0,,,,,,5.824324,46.107939
2023-336,2023-01-12,000002,Vente,118000,,,DOMAINE D EMBAS,B021,01290,01046,Biziat,01,,,010460000C1035,,,,,,,,,,,,,0,,,,,S,sols,,,3252,4.956843,46.221211
2023-337,2023-01-12,000001,Vente en l'état futur d'achèvement,204000,,,,,,01033,Valserhône,01,,,01033000AB0483,,,28,,,,,,,,,,1,,,,,,,,,,5.815694,46.12158
2023-337,2023-01-12,000001,Vente en l'état futur d'achèvement,204000,,,,,,01033,Valserhône,01,,,01033000AB0483,,,85,,,,,,,,,,1,,,,,,,,,,5.815694,46.12158
2023-337,2023-01-12,000001,Vente en l'état futur d'achèvement,204000,,,,,,01033,Valserhône,01,,,01033000AB0483,,,49,,,,,,,,,,1,,,,,,,,,,5.815694,46.12158
2023-338,2023-01-17,000001,Vente,144800,205,,CHE DE BELLE FERME,0039,01170,01173,Gex,01,,,01173000AH0142,,,264,,,,,,,,,,1,3,Dépendance,,0,,,,,,6.061883,46.330288
2023-338,2023-01-17,000001,Vente,144800,205,,CHE DE BELLE FERME,0039,01170,01173,Gex,01,,,01173000AH0142,,,133,77.86,242,,,,,,,,2,3,Dépendance,,0,,,,,,6.061883,46.330288
2023-338,2023-01-17,000001,Vente,144800,205,,CHE DE BELLE FERME,0039,01170,01173,Gex,01,,,01173000AH0142,,,133,77.86,242,,,,,,,,2,2,Appartement,80,3,,,,,,6.061883,46.330288
2023-339,2023-01-25,000001,Vente,95000,380,,RTE DE LA VULPILLERE,0180,01560,01139,Curciat-Dongalon,01,,,011390000C0001,,,,,,,,,,,,,0,3,Dépendance,,0,S,sols,,,1423,5.188544,46.499211
2023-339,2023-01-25,000001,Vente,95000,380,,RTE DE LA VULPILLERE,0180,01560,01139,Curciat-Dongalon,01,,,011390000C0001,,,,,,,,,,,,,0,1,Maison,82,1,S,sols,,,1423,5.188544,46.499211
2023-339,2023-01-25,000001,Vente,95000,,,LES ROUSSETS,B192,01560,01139,Curciat-Dongalon,01,,,011390000C0198,,,,,,,,,,,,,0,,,,,P,prés,,,3612,5.188793,46.49965
2023-339,2023-01-25,000001,Vente,95000,,,LES ROUSSETS,B192,01560,01139,Curciat-Dongalon,01,,,011390000C0199,,,,,,,,,,,,,0,,,,,T,terres,,,13270,5.188409,46.499892
2023-339,2023-01-25,000001,Vente,95000,,,LES ROUSSETS,B192,01560,01139,Curciat-Dongalon,01,,,011390000C0397,,,,,,,,,,,,,0,,,,,S,sols,,,128,5.188874,46.499398
2023-340,2023-01-23,000001,Vente,195871.98,,,VERS LES BONNES,B090,01360,01224,Loyettes,01,,,012240000A3329,,,,,,,,,,,,,0,,,,,AB,terrains a bâtir,,,224,5.201816,45.774908
2023-341,2023-01-17,000001,Vente,,,,LE VILLAGE,B101,01310,01065,Buellas,01,,,010650000B1733,,,,,,,,,,,,,0,,,,,AB,terrains a bâtir,,,33,5.133706,46.208922
2023-341,2023-01-17,000001,Vente,,,,LE VILLAGE,B101,01310,01065,Buellas,01,,,010650000B1734,,,,,,,,,,,,,0,,,,,AB,terrains a bâtir,,,52,5.133824,46.208653
2023-341,2023-01-17,000001,Vente,,,,LE VILLAGE,B101,01310,01065,Buellas,01,,,010650000B1742,,,,,,,,,,,,,0,,,,,AB,terrains a bâtir,,,1587,5.133522,46.208771
2023-342,2023-01-16,000003,Echange,95040,,,RUE BRAZZA,0090,01200,01033,Valserhône,01,,,01033000AL0900,,,,,,,,,,,,,0,,,,,S,sols,,,1188,5.824804,46.105816
2023-343,2023-01-16,000004,Echange,71120,9005,,RUE AMPERE,0020,01200,01033,Valserhône,01,,,01033000AL0897,,,,,,,,,,,,,0,,,,,S,sols,,,723,5.825362,46.1057
2023-344,2023-01-04,000001,Vente,190000,,,TRAIVE BENOIT,B151,01140,01348,Saint-Didier-sur-Chalaronne,01,,,01348000ZK0055,,,,,,,,,,,,,0,,,,,T,terres,,,2370,4.821358,46.204904
2023-344,2023-01-04,000001,Vente,190000,5395,,BOURCHANIN,B021,01140,01348,Saint-Didier-sur-Chalaronne,01,,,01348000ZK0145,,,,,,,,,,,,,0,1,Maison,56,2,S,sols,,,600,4.820997,46.204174
2023-344,2023-01-04,000001,Vente,190000,5395,,BOURCHANIN,B021,01140,01348,Saint-Didier-sur-Chalaronne,01,,,01348000ZK0145,,,,,,,,,,,,,0,1,Maison,26,2,S,sols,,,600,4.820997,46.204174
2023-345,2023-01-12,000001,Vente,,,,PRE BENOZ,B023,01600,01238,Massieux,01,,,01238000AI0073,,,,,,,,,,,,,0,,,,,S,sols,,,2040,4.816465,45.903206
2023-345,2023-01-12,000001,Vente,,,,CHAMP BOLAS,B001,01600,01238,Massieux,01,,,01238000ZA0295,,,,,,,,,,,,,0,,,,,S,sols,,,2485,4.81616,45.902855
2023-345,2023-01-12,000001,Vente,,,,CHAMP BOLAS,B001,01600,01238,Massieux,01,,,01238000ZA0296,,,,,,,,,,,,,0,,,,,S,sols,,,773,4.816401,45.901606
2023-346,2023-01-12,000002,Vente,28000,,,SUR LA COTE,B016,01300,01268,Murs-et-Gélignieux,01,,,012680000B1448,,,,,,,,,,,,,0,,,,,P,prés,,,24,5.640056,45.631896
2023-347,2023-01-20,000001,Vente,182000,371,,RUE DE GEX LA VILLE,0362,01170,01173,Gex,01,,,01173000AI0278,,,245,,,,,,,,,,1,2,Appartement,44,2,,,,,,6.06311,46.336435
2023-347,2023-01-20,000001,Vente,182000,321,,RUE DE GEX LA VILLE,0362,01170,01173,Gex,01,,,01173000AI0278,,,428,,,,,,,,,,1,3,Dépendance,,0,,,,,,6.06311,46.336435
2023-348,2023-01-16,000001,Vente,50000,,,CONTREVOZ,B049,01300,01116,Contrevoz,01,,,01116000AD0127,,,,,,,,,,,,,0,,,,,S,sols,,,12,5.629751,45.805745
2023-348,2023-01-16,000001,Vente,50000,,,CONTREVOZ,B049,01300,01116,Contrevoz,01,,,01116000AD0129,,,,,,,,,,,,,0,,,,,P,prés,,,1063,5.629489,45.805652
2023-349,2023-01-20,000001,Vente,20000,1,,AU PAVILLON,B016,01090,01169,Genouilleux,01,,,011690000B1075,,,,,,,,,,,,,0,,,,,S,sols,,,20,4.78797,46.120705
2023-349,2023-01-20,000001,Vente,20000,,,AU PAVILLON,B016,01090,01169,Genouilleux,01,,,011690000B1083,,,,,,,,,,,,,0,,,,,AB,terrains a bâtir,,,280,4.78803,46.120758
2023-350,2023-01-12,000001,Vente en l'état futur d'achèvement,310000,,,COLLONGES,B044,01550,01109,Collonges,01,,,011090000F1935,,,8,,,,,,,,,,1,,,,,,,,,,5.902206,46.137335
2023-350,2023-01-12,000001,Vente en l'état futur d'achèvement,310000,,,COLLONGES,B044,01550,01109,Collonges,01,,,011090000F1935,,,20,,,,,,,,,,1,,,,,,,,,,5.902206,46.137335
2023-350,2023-01-12,000001,Vente en l'état futur d'achèvement,310000,,,COLLONGES,B044,01550,01109,Collonges,01,,,011090000F1935,,,13,,,,,,,,,,1,,,,,,,,,,5.902206,46.137335
2023-351,2023-01-17,000001,Vente,305000,2264,A,RTE DE MONTMERLE,0115,01090,01258,Montceaux,01,,,012580000E0915,,,,,,,,,,,,,0,1,Maison,89,5,S,sols,,,895,4.770447,46.088014
2023-351,2023-01-17,000001,Vente,305000,2264,A,RTE DE MONTMERLE,0115,01090,01258,Montceaux,01,,,012580000E0915,,,,,,,,,,,,,0,3,Dépendance,,0,S,sols,,,895,4.770447,46.088014
2023-352,2023-01-09,000001,Vente,245000,39,,RUE DE LA MAIRIE,0290,01330,01005,Ambérieux-en-Dombes,01,,,01005000AD0045,,,96,,,,,,,,,,1,3,Dépendance,,0,,,,,,4.903826,45.995667
2023-352,2023-01-09,000001,Vente,245000,39,,RUE DE LA MAIRIE,0290,01330,01005,Ambérieux-en-Dombes,01,,,01005000AD0045,,,112,94.79,68,,,,,,,,2,3,Dépendance,,0,,,,,,4.903826,45.995667
2023-352,2023-01-09,000001,Vente,245000,39,,RUE DE LA MAIRIE,0290,01330,01005,Ambérieux-en-Dombes,01,,,01005000AD0045,,,112,94.79,68,,,,,,,,2,2,Appartement,95,4,,,,,,4.903826,45.995667
2023-353,2023-01-19,000002,Vente,4300,,,GRILLET OUEST,B115,01090,01165,Francheleins,01,,,01165070ZC0072,,,,,,,,,,,,,0,,,,,T,terres,,,4137,4.848797,46.068404
2023-354,2023-01-19,000001,Vente,270000,64,,IMP DES ACACIAS,0005,01400,01001,L'Abergement-Clémenciat,01,,,01001000ZH0095,,,,,,,,,,,,,0,3,Dépendance,,0,S,sols,,,500,4.924574,46.147293
2023-354,2023-01-19,000001,Vente,270000,64,,IMP DES ACACIAS,0005,01400,01001,L'Abergement-Clémenciat,01,,,01001000ZH0095,,,,,,,,,,,,,0,1,Maison,117,5,S,sols,,,500,4.924574,46.147293
2023-354,2023-01-19,000001,Vente,270000,64,,IMP DES ACACIAS,0005,01400,01001,L'Abergement-Clémenciat,01,,,01001000ZH0095,,,,,,,,,,,,,0,3,Dépendance,,0,AG,terrains d'agrément,,,939,4.924574,46.147293
2023-354,2023-01-19,000001,Vente,270000,64,,IMP DES ACACIAS,0005,01400,01001,L'Abergement-Clémenciat,01,,,01001000ZH0095,,,,,,,,,,,,,0,1,Maison,117,5,AG,terrains d'agrément,,,939,4.924574,46.147293
2023-355,2023-01-17,000001,Vente,3000,,,LES PAYES,B092,01400,01093,Châtillon-sur-Chalaronne,01,,,010930000A0085,,,,,,,,,,,,,0,,,,,P,prés,,,8380,4.945847,46.125988
2023-356,2023-01-24,000001,Vente,894000,10,C,CHE FLEURY,0100,01630,01354,Saint-Genis-Pouilly,01,,,01354000AB0243,,,,,,,,,,,,,0,1,Maison,202,6,S,sols,,,1301,6.028723,46.275236
2023-356,2023-01-24,000001,Vente,894000,10,C,CHE FLEURY,0100,01630,01354,Saint-Genis-Pouilly,01,,,01354000AB0243,,,,,,,,,,,,,0,3,Dépendance,,0,S,sols,,,1301,6.028723,46.275236
2023-356,2023-01-24,000001,Vente,894000,10,C,CHE FLEURY,0100,01630,01354,Saint-Genis-Pouilly,01,,,01354000AB0243,,,,,,,,,,,,,0,3,Dépendance,,0,S,sols,,,1301,6.028723,46.275236
2023-357,2023-01-05,000001,Vente,219000,459,,RUE DES GRILLERES,0038,01580,01240,Matafelon-Granges,01,,,012400000F0109,,,,,,,,,,,,,0,3,Dépendance,,0,S,sols,,,1487,5.549928,46.253788
2023-357,2023-01-05,000001,Vente,219000,459,,RUE DES GRILLERES,0038,01580,01240,Matafelon-Granges,01,,,012400000F0109,,,,,,,,,,,,,0,1,Maison,82,4,S,sols,,,1487,5.549928,46.253788
2023-357,2023-01-05,000001,Vente,219000,459,,RUE DES GRILLERES,0038,01580,01240,Matafelon-Granges,01,,,012400000F0109,,,,,,,,,,,,,0,3,Dépendance,,0,S,sols,,,1487,5.549928,46.253788
2023-358,2023-01-25,000001,Vente,105000,,,SAINT TRIVIER,B136,01560,01388,Saint-Trivier-de-Courtes,01,,,013880000C0517,,,1,,,,,,,,,,1,2,Appartement,70,2,,,,,,5.083258,46.458528
2023-358,2023-01-25,000001,Vente,105000,,,SAINT TRIVIER,B136,01560,01388,Saint-Trivier-de-Courtes,01,,,013880000C0517,,,1,,,,,,,,,,1,3,Dépendance,,0,,,,,,5.083258,46.458528
2023-359,2023-01-24,000001,Vente,362000,76,,GR GRANDE RUE,0660,01220,01143,Divonne-les-Bains,01,,,01143000AK0551,,,275,,3,62.18,,,,,,,2,3,Dépendance,,0,,,,,,6.140385,46.355313
2023-359,2023-01-24,000001,Vente,362000,76,,GR GRANDE RUE,0660,01220,01143,Divonne-les-Bains,01,,,01143000AK0551,,,203,,,,,,,,,,1,3,Dépendance,,0,,,,,,6.140385,46.355313
2023-359,2023-01-24,000001,Vente,362000,76,,GR GRANDE RUE,0660,01220,01143,Divonne-les-Bains,01,,,01143000AK0551,,,275,,3,62.18,,,,,,,2,2,Appartement,62,2,,,,,,6.140385,46.355313
2023-360,2023-01-24,000001,Vente,64880,225,,RUE DES MONTS JURA,0075,01410,01210,Lélex,01,,,012100000D0730,,,17,,43,,85,34.13,,,,,3,2,Appartement,37,1,,,,,,5.945462,46.305546
2023-360,2023-01-24,000001,Vente,64880,225,,RUE DES MONTS JURA,0075,01410,01210,Lélex,01,,,012100000D0730,,,17,,43,,85,34.13,,,,,3,3,Dépendance,,0,,,,,,5.945462,46.305546
2023-361,2023-01-10,000002,Vente,140000,124,,RTE DE LA DOMBES,0270,01400,01146,Dompierre-sur-Chalaronne,01,,,01146000AA0186,,,,,,,,,,,,,0,1,Maison,74,2,S,sols,,,858,4.906411,46.14201
2023-361,2023-01-10,000002,Vente,140000,124,,RTE DE LA DOMBES,0270,01400,01146,Dompierre-sur-Chalaronne,01,,,01146000AA0186,,,,,,,,,,,,,0,3,Dépendance,,0,AG,terrains d'agrément,,,800,4.906411,46.14201
2023-361,2023-01-10,000002,Vente,140000,124,,RTE DE LA DOMBES,0270,01400,01146,Dompierre-sur-Chalaronne,01,,,01146000AA0186,,,,,,,,,,,,,0,3,Dépendance,,0,AG,terrains d'agrément,,,800,4.906411,46.14201
2023-361,2023-01-10,000002,Vente,140000,124,,RTE DE LA DOMBES,0270,01400,01146,Dompierre-sur-Chalaronne,01,,,01146000AA0186,,,,,,,,,,,,,0,1,Maison,74,2,AG,terrains d'agrément,,,800,4.906411,46.14201
2023-361,2023-01-10,000002,Vente,140000,124,,RTE DE LA DOMBES,0270,01400,01146,Dompierre-sur-Chalaronne,01,,,01146000AA0186,,,,,,,,,,,,,0,3,Dépendance,,0,S,sols,,,858,4.906411,46.14201
2023-361,2023-01-10,000002,Vente,140000,124,,RTE DE LA DOMBES,0270,01400,01146,Dompierre-sur-Chalaronne,01,,,01146000AA0186,,,,,,,,,,,,,0,3,Dépendance,,0,S,sols,,,858,4.906411,46.14201
2023-362,2023-01-05,000001,Vente,69000,,,A MONTALIVET,B020,01300,01227,Magnieu,01,,,01227000ZC0450,,,,,,,,,,,,,0,,,,,T,terres,,,616,5.716907,45.774124
2023-362,2023-01-05,000001,Vente,69000,,,A MONTALIVET,B020,01300,01227,Magnieu,01,,,01227000ZC0453,,,,,,,,,,,,,0,,,,,T,terres,,,630,5.716976,45.773623
2023-363,2023-01-10,000001,Vente,200000,,,ASSERANS,B002,01550,01158,Farges,01,,,011580000C1092,,,,,,,,,,,,,0,,,,,AB,terrains a bâtir,,,1879,5.922565,46.159715
2023-363,2023-01-10,000001,Vente,200000,,,ASSERANS,B002,01550,01158,Farges,01,,,011580000C1097,,,,,,,,,,,,,0,,,,,S,sols,,,94,5.922636,46.159338
2023-364,2023-01-05,000001,Vente,892.5,,,GOLLIERES,B110,01350,01073,Ceyzérieu,01,,,01073000ZC0137,,,,,,,,,,,,,0,,,,,L,landes,,,2550,5.745972,45.82819
2023-365,2023-01-25,000001,Vente,108000,,,SUR LE MOULIN,B021,01130,01274,Les Neyrolles,01,,,01274000AC0052,,,,,,,,,,,,,0,,,,,S,sols,,,188,5.629206,46.140153
2023-365,2023-01-25,000001,Vente,108000,5240,,SUR LE MOULIN,B021,01130,01274,Les Neyrolles,01,,,01274000AC0056,,,,,,,,,,,,,0,3,Dépendance,,0,S,sols,,,3027,5.629858,46.140659
2023-365,2023-01-25,000001,Vente,108000,5240,,SUR LE MOULIN,B021,01130,01274,Les Neyrolles,01,,,01274000AC0056,,,,,,,,,,,,,0,3,Dépendance,,0,S,sols,,,3027,5.629858,46.140659
2023-365,2023-01-25,000001,Vente,108000,5240,,SUR LE MOULIN,B021,01130,01274,Les Neyrolles,01,,,01274000AC0056,,,,,,,,,,,,,0,3,Dépendance,,0,S,sols,,,3027,5.629858,46.140659
2023-366,2023-01-19,000001,Vente,310000,149,,RTE DE DIVONNE,0017,01210,01435,Versonnex,01,,,01435000AA0148,,,6,73.7,,,,,,,,,1,2,Appartement,70,2,,,,,,6.096349,46.302036
2023-367,2023-01-23,000001,Vente,780000,,,LES CHOULETS,B004,01220,01397,Sauverny,01,,,01397000AD0003,,,,,,,,,,,,,0,,,,,S,sols,,,166,6.117875,46.316012
2023-367,2023-01-23,000001,Vente,780000,,,LES CHOULETS,B004,01220,01397,Sauverny,01,,,01397000AD0012,,,,,,,,,,,,,0,,,,,S,sols,,,78,6.117973,46.315694
2023-367,2023-01-23,000001,Vente,780000,,,LES CHOULETS,B004,01220,01397,Sauverny,01,,,01397000AD0015,,,,,,,,,,,,,0,,,,,S,sols,,,119,6.117743,46.315247
2023-367,2023-01-23,000001,Vente,780000,,,LES CHOULETS,B004,01220,01397,Sauverny,01,,,01397000AD0016,,,,,,,,,,,,,0,,,,,S,sols,,,2895,6.117954,46.31521
2023-367,2023-01-23,000001,Vente,780000,4,,LOT LES CHOULETS,A017,01220,01397,Sauverny,01,,,01397000AD0019,,,,,,,,,,,,,0,1,Maison,119,5,S,sols,,,988,6.117276,46.314775
2023-367,2023-01-23,000001,Vente,780000,4,,LOT LES CHOULETS,A017,01220,01397,Sauverny,01,,,01397000AD0019,,,,,,,,,,,,,0,3,Dépendance,,0,S,sols,,,988,6.117276,46.314775
2023-367,2023-01-23,000001,Vente,780000,,,LES CHOULETS,B004,01220,01397,Sauverny,01,,,01397000AD0025,,,,,,,,,,,,,0,,,,,S,sols,,,68,6.117321,46.313865
2023-367,2023-01-23,000001,Vente,780000,5220,,LOT LES CHOULETS,A017,01220,01397,Sauverny,01,,,01397000AD0026,,,,,,,,,,,,,0,4,Local industriel. commercial ou assimilé,,0,S,sols,,,159,6.117452,46.314175
2023-367,2023-01-23,000001,Vente,780000,,,LES CHOULETS,B004,01220,01397,Sauverny,01,,,01397000AD0028,,,,,,,,,,,,,0,,,,,S,sols,,,150,6.117656,46.314758
2023-367,2023-01-23,000001,Vente,780000,,,LES CHOULETS,B004,01220,01397,Sauverny,01,,,01397000AD0062,,,,,,,,,,,,,0,,,,,S,sols,,,964,6.11693,46.31441
2023-368,2023-01-19,000001,Vente,211826.27,68,,RUE DU TRAQUINET,0965,01800,01361,Saint-Jean-de-Niost,01,,,013610000B2464,,,3,66.4,,,,,,,,,1,2,Appartement,66,3,,,,,,5.215851,45.84332
2023-368,2023-01-19,000001,Vente,211826.27,,,RUE DU TRAQUINET,0965,01800,01361,Saint-Jean-de-Niost,01,,,013610000B2466,,,20,,,,,,,,,,1,3,Dépendance,,0,,,,,,5.216111,45.843074
2023-369,2023-01-20,000001,Vente,460000,115,,RUE DE L'EGLISE,0215,01390,01424,Tramoyes,01,,,014240000A1530,,,,,,,,,,,,,0,1,Maison,104,5,S,sols,,,449,4.970471,45.878083
2023-370,2023-01-05,000001,Vente,180000,52,,RTE DE CHAMP TALON,0070,01190,01284,Ozan,01,,,012840000B1906,,,,,,,,,,,,,0,3,Dépendance,,0,S,sols,,,402,4.915465,46.391044
2023-370,2023-01-05,000001,Vente,180000,52,,RTE DE CHAMP TALON,0070,01190,01284,Ozan,01,,,012840000B1906,,,,,,,,,,,,,0,2,Appartement,60,2,S,sols,,,402,4.915465,46.391044
2023-370,2023-01-05,000001,Vente,180000,52,,RTE DE CHAMP TALON,0070,01190,01284,Ozan,01,,,012840000B1906,,,,,,,,,,,,,0,2,Appartement,57,2,S,sols,,,402,4.915465,46.391044
2023-370,2023-01-05,000001,Vente,180000,52,,RTE DE CHAMP TALON,0070,01190,01284,Ozan,01,,,012840000B1906,,,,,,,,,,,,,0,3,Dépendance,,0,S,sols,,,402,4.915465,46.391044
2023-371,2023-01-10,000001,Vente,430780,,,LE FORT,B116,01440,01451,Viriat,01,,,01451000BI0142,,,,,,,,,,,,,0,,,,,S,sols,,,1,5.214579,46.218888
2023-371,2023-01-10,000001,Vente,430780,25,,RUE DE LA FENIERE,0367,01440,01451,Viriat,01,,,01451000BI0146,,,,,,,,,,,,,0,1,Maison,135,5,S,sols,,,630,5.214414,46.218804
2023-371,2023-01-10,000001,Vente,430780,,,LE FORT,B116,01440,01451,Viriat,01,,,01451000BI0152,,,,,,,,,,,,,0,,,,,S,sols,,,33,5.214492,46.218897
2023-372,2023-01-16,000001,Vente,78000,,,LES ADAMS,B001,01340,01130,Bresse Vallons,01,,,01130000AB0195,,,,,,,,,,,,,0,,,,,AB,terrains a bâtir,,,595,5.164053,46.31281
2023-372,2023-01-16,000001,Vente,78000,,,LES ADAMS,B001,01340,01130,Bresse Vallons,01,,,01130000AB0222,,,,,,,,,,,,,0,,,,,AB,terrains a bâtir,,,193,5.164014,46.312703
2023-373,2023-01-17,000001,Vente,100000,,,FLEYRIAT,B113,01440,01451,Viriat,01,,,01451000BE0086,,,,,,,,,,,,,0,,,,,S,sols,,,395,5.203942,46.229794
2023-373,2023-01-17,000001,Vente,100000,,,FLEYRIAT,B113,01440,01451,Viriat,01,,,01451000BE0091,,,,,,,,,,,,,0,,,,,P,prés,,,1460,5.203626,46.229463
2023-374,2023-01-16,000001,Vente,6000,,,BOIS DU TIRET,B041,01340,01163,Foissiat,01,,,01163000WK0290,,,,,,,,,,,,,0,,,,,BS,taillis sous futaie,,,4000,5.159943,46.369997
2023-375,2023-01-16,000001,Vente,14000,9,,RUE ANDRE,0050,01190,01305,Pont-de-Vaux,01,,,01305000AE0344,,,208,,,,,,,,,,1,3,Dépendance,,0,,,,,,4.937367,46.434105
2023-376,2023-01-19,000001,Vente terrain à bâtir,32000,,,CHAMP CHEVRY,B017,01560,01212,Lescheroux,01,,,012120000E0683,,,,,,,,,,,,,0,,,,,J,jardins,,,1450,5.124336,46.403738
2023-377,2023-01-12,000001,Vente,115000,43,,RUE LAFAYETTE,0320,01200,01033,Valserhône,01,,,01033000AL0800,,,14,,9,73,,,,,,,2,3,Dépendance,,0,,,,,,5.823552,46.107659
2023-377,2023-01-12,000001,Vente,115000,43,,RUE LAFAYETTE,0320,01200,01033,Valserhône,01,,,01033000AL0800,,,14,,9,73,,,,,,,2,2,Appartement,79,5,,,,,,5.823552,46.107659
2023-378,2023-01-25,000001,Vente,361000,,,EN CHONGNE,B037,01300,01098,Chazey-Bons,01,,,010980000B0136,,,,,,,,,,,,,0,,,,,BT,taillis simples,,,1290,5.677888,45.784808
2023-378,2023-01-25,000001,Vente,361000,,,EN CHONGNE,B037,01300,01098,Chazey-Bons,01,,,010980000B0137,,,,,,,,,,,,,0,,,,,BT,taillis simples,,,5000,5.678006,45.785129
2023-378,2023-01-25,000001,Vente,361000,,,EN CHONGNE,B037,01300,01098,Chazey-Bons,01,,,010980000B0203,,,,,,,,,,,,,0,,,,,BS,taillis sous futaie,,,130,5.676481,45.785854
2023-378,2023-01-25,000001,Vente,361000,,,EN CHONGNE,B037,01300,01098,Chazey-Bons,01,,,010980000B0209,,,,,,,,,,,,,0,,,,,BS,taillis sous futaie,,,490,5.676814,45.785555
2023-378,2023-01-25,000001,Vente,361000,,,DOMAINE DE LA BATIE,B047,01300,01098,Chazey-Bons,01,,,010980000B0351,,,,,,,,,,,,,0,,,,,BS,taillis sous futaie,,,735,5.668931,45.777281
2023-378,2023-01-25,000001,Vente,361000,,,GRANDE PIECE,B058,01300,01098,Chazey-Bons,01,,,010980000B0864,,,,,,,,,,,,,0,,,,,L,landes,PATUR,Pâture plantée,14240,5.679179,45.783794
2023-378,2023-01-25,000001,Vente,361000,5222,,GRANDE PIECE,B058,01300,01098,Chazey-Bons,01,,,010980000B0867,,,,,,,,,,,,,0,1,Maison,172,5,P,prés,,,14250,5.680292,45.783166
2023-378,2023-01-25,000001,Vente,361000,5222,,GRANDE PIECE,B058,01300,01098,Chazey-Bons,01,,,010980000B0867,,,,,,,,,,,,,0,1,Maison,172,5,S,sols,,,1500,5.680292,45.783166
2023-378,2023-01-25,000001,Vente,361000,,,GRANDE PIECE,B058,01300,01098,Chazey-Bons,01,,,010980000B0868,,,,,,,,,,,,,0,,,,,T,terres,,,770,5.679551,45.782464
2023-379,2023-01-11,000001,Vente,435000,185,,VC LA RUE,0331,01710,01419,Thoiry,01,,,01419000BE0233,,,,,,,,,,,,,0,3,Dépendance,,0,S,sols,,,186,5.968805,46.228001
2023-379,2023-01-11,000001,Vente,435000,185,,VC LA RUE,0331,01710,01419,Thoiry,01,,,01419000BE0233,,,,,,,,,,,,,0,2,Appartement,72,4,S,sols,,,186,5.968805,46.228001
2023-379,2023-01-11,000001,Vente,435000,185,,VC LA RUE,0331,01710,01419,Thoiry,01,,,01419000BE0233,,,,,,,,,,,,,0,3,Dépendance,,0,S,sols,,,186,5.968805,46.228001
2023-380,2023-01-16,000001,Vente,100000,9,,AV DE LA GARE,0220,01200,01033,Valserhône,01,,,01033000AI0263,,,22,83.93,41,,7,,,,,,3,3,Dépendance,,0,,,,,,5.825993,46.110125
2023-380,2023-01-16,000001,Vente,100000,9,,AV DE LA GARE,0220,01200,01033,Valserhône,01,,,01033000AI0263,,,22,83.93,41,,7,,,,,,3,2,Appartement,81,3,,,,,,5.825993,46.110125
2023-380,2023-01-16,000001,Vente,100000,9,,AV DE LA GARE,0220,01200,01033,Valserhône,01,,,01033000AI0263,,,22,83.93,41,,7,,,,,,3,3,Dépendance,,0,,,,,,5.825993,46.110125
2023-381,2023-01-12,000001,Vente,1,,,VIGNES GRILLET,B178,01290,01134,Crottet,01,,,01134000AC0037,,,,,,,,,,,,,0,,,,,AB,terrains a bâtir,,,1889,4.889167,46.277092
2023-382,2023-01-26,000001,Vente,530000,,,PRE COTON,B043,01560,01406,Servignat,01,,,014060000B0363,,,,,,,,,,,,,0,,,,,P,prés,,,1937,5.078947,46.431774
2023-382,2023-01-26,000001,Vente,530000,,,PRE COTON,B043,01560,01406,Servignat,01,,,014060000B0368,,,,,,,,,,,,,0,,,,,P,prés,,,9880,5.079441,46.432146
2023-382,2023-01-26,000001,Vente,530000,,,PRE COTON,B043,01560,01406,Servignat,01,,,014060000B0369,,,,,,,,,,,,,0,,,,,T,terres,,,7962,5.079983,46.432677
2023-382,2023-01-26,000001,Vente,530000,,,PRE COTON,B043,01560,01406,Servignat,01,,,014060000B0372,,,,,,,,,,,,,0,,,,,T,terres,,,4860,5.07985,46.43349
2023-382,2023-01-26,000001,Vente,530000,,,CURTILLERE,B017,01560,01406,Servignat,01,,,014060000B0373,,,,,,,,,,,,,0,,,,,P,prés,,,1903,5.080459,46.433949
2023-382,2023-01-26,000001,Vente,530000,,,CURTILLERE,B017,01560,01406,Servignat,01,,,014060000B0374,,,,,,,,,,,,,0,,,,,T,terres,,,2523,5.080612,46.433638
2023-382,2023-01-26,000001,Vente,530000,,,CURTILLERE,B017,01560,01406,Servignat,01,,,014060000B0377,,,,,,,,,,,,,0,,,,,T,terres,,,2240,5.080466,46.433063
2023-382,2023-01-26,000001,Vente,530000,,,CURTILLERE,B017,01560,01406,Servignat,01,,,014060000B0379,,,,,,,,,,,,,0,,,,,T,terres,,,1140,5.08129,46.433523
2023-382,2023-01-26,000001,Vente,530000,,,CURTILLERE,B017,01560,01406,Servignat,01,,,014060000B0380,,,,,,,,,,,,,0,,,,,T,terres,,,1124,5.081273,46.433754
2023-382,2023-01-26,000001,Vente,530000,,,CURTILLERE,B017,01560,01406,Servignat,01,,,014060000B0384,,,,,,,,,,,,,0,,,,,T,terres,,,933,5.08201,46.433534
2023-382,2023-01-26,000001,Vente,530000,,,CURTILLERE,B017,01560,01406,Servignat,01,,,014060000B0386,,,,,,,,,,,,,0,,,,,J,jardins,,,478,5.082601,46.433082
2023-382,2023-01-26,000001,Vente,530000,,,CURTILLERE,B017,01560,01406,Servignat,01,,,014060000B0387,,,,,,,,,,,,,0,,,,,S,sols,,,1739,5.082431,46.432734
2023-382,2023-01-26,000001,Vente,530000,,,CURTILLERE,B017,01560,01406,Servignat,01,,,014060000B0388,,,,,,,,,,,,,0,,,,,S,sols,,,507,5.082811,46.432562
2023-382,2023-01-26,000001,Vente,530000,,,CURTILLERE,B017,01560,01406,Servignat,01,,,014060000B0389,,,,,,,,,,,,,0,,,,,S,sols,,,1303,5.08268,46.432392
2023-382,2023-01-26,000001,Vente,530000,,,CURTILLERE,B017,01560,01406,Servignat,01,,,014060000B0390,,,,,,,,,,,,,0,,,,,P,prés,,,2896,5.081865,46.432513
2023-382,2023-01-26,000001,Vente,530000,,,CURTILLERE,B017,01560,01406,Servignat,01,,,014060000B0392,,,,,,,,,,,,,0,,,,,T,terres,,,3271,5.081209,46.432341
2023-382,2023-01-26,000001,Vente,530000,,,CURTILLERE,B017,01560,01406,Servignat,01,,,014060000B0393,,,,,,,,,,,,,0,,,,,T,terres,,,3288,5.081186,46.432114
2023-382,2023-01-26,000001,Vente,530000,,,CURTILLERE,B017,01560,01406,Servignat,01,,,014060000B0394,,,,,,,,,,,,,0,,,,,P,prés,,,1461,5.082587,46.43215
2023-382,2023-01-26,000001,Vente,530000,,,CURTILLERE,B017,01560,01406,Servignat,01,,,014060000B0395,,,,,,,,,,,,,0,,,,,T,terres,,,15530,5.081579,46.431635
2023-382,2023-01-26,000001,Vente,530000,,,CURTILLERE,B017,01560,01406,Servignat,01,,,014060000B0555,,,,,,,,,,,,,0,,,,,S,sols,,,1276,5.082265,46.433316
2023-382,2023-01-26,000001,Vente,530000,,,CURTILLERE,B017,01560,01406,Servignat,01,,,014060000B0556,,,,,,,,,,,,,0,,,,,S,sols,,,449,5.082417,46.433162
2023-382,2023-01-26,000001,Vente,530000,1320,,RTE DE LA CURTILLERE,0045,01560,01406,Servignat,01,,,014060000B0557,,,,,,,,,,,,,0,1,Maison,122,5,S,sols,,,521,5.082351,46.432986
2023-382,2023-01-26,000001,Vente,530000,,,CURTILLERE,B017,01560,01406,Servignat,01,,,014060000B0558,,,,,,,,,,,,,0,,,,,S,sols,,,7100,5.081639,46.433035
2023-383,2023-01-06,000002,Vente,81450,,,AU VILLAGE,B118,01390,01105,Civrieux,01,,,011050000C1002,,,,,,,,,,,,,0,,,,,S,sols,,,150,4.882827,45.921335
2023-383,2023-01-06,000002,Vente,81450,,,AU VILLAGE,B118,01390,01105,Civrieux,01,,,011050000C1004,,,,,,,,,,,,,0,,,,,S,sols,,,31,4.882574,45.921267
2023-384,2023-01-11,000001,Vente,150000,,,LECHERE,B016,01330,01045,Birieux,01,,,010450000B0261,,,,,,,,,,,,,0,,,,,S,sols,,,349,5.073861,45.968403
2023-384,2023-01-11,000001,Vente,150000,,,LECHERE,B016,01330,01045,Birieux,01,,,010450000B0264,,,,,,,,,,,,,0,,,,,P,prés,,,6786,5.074443,45.968809
2023-384,2023-01-11,000001,Vente,150000,,,LECHERE,B016,01330,01045,Birieux,01,,,010450000B0273,,,,,,,,,,,,,0,,,,,S,sols,,,405,5.074595,45.968456
2023-384,2023-01-11,000001,Vente,150000,,,LE MOULIN A VENT,B092,01330,01434,Versailleux,01,,,014340000C0430,,,,,,,,,,,,,0,,,,,AB,terrains a bâtir,,,234,5.073697,45.967966
2023-385,2023-01-18,000001,Vente,595090,,,COMBE DE LA MANCHE,B127,01260,01187,Haut Valromey,01,,,011871760B0144,,,,,,,,,,,,,0,,,,,L,landes,,,1062,5.697351,46.113487
2023-385,2023-01-18,000001,Vente,595090,,,COMBE DE LA MANCHE,B127,01260,01187,Haut Valromey,01,,,011871760B0145,,,,,,,,,,,,,0,,,,,BR,futaies résineuses,SAPIN,Sapins ou sapinière,20639,5.697992,46.114458
2023-385,2023-01-18,000001,Vente,595090,,,LE MARAIS GRAND ABER,B156,01260,01187,Haut Valromey,01,,,011871760B0183,,,,,,,,,,,,,0,,,,,P,prés,,,22522,5.699352,46.114548
2023-385,2023-01-18,000001,Vente,595090,,,COMBE DE LA MANCHE,B127,01260,01187,Haut Valromey,01,,,011871760B0735,,,,,,,,,,,,,0,,,,,BR,futaies résineuses,SAPIN,Sapins ou sapinière,1164,5.699012,46.112986
2023-385,2023-01-18,000001,Vente,595090,,,COMBE DE LA MANCHE,B127,01260,01187,Haut Valromey,01,,,011871760B0736,,,,,,,,,,,,,0,,,,,BR,futaies résineuses,SAPIN,Sapins ou sapinière,436,5.698745,46.112367
2023-385,2023-01-18,000001,Vente,595090,,,COMBE DE LA MANCHE,B127,01260,01187,Haut Valromey,01,,,011871760B0737,,,,,,,,,,,,,0,,,,,P,prés,,,3740,5.697904,46.112464
2023-385,2023-01-18,000001,Vente,595090,5073,,COMBE DE LA MANCHE,B127,01260,01187,Haut Valromey,01,,,011871760B0999,,,,,,,,,,,,,0,4,Local industriel. commercial ou assimilé,54,0,S,sols,,,2163,5.697507,46.113149
2023-385,2023-01-18,000001,Vente,595090,5073,,COMBE DE LA MANCHE,B127,01260,01187,Haut Valromey,01,,,011871760B0999,,,,,,,,,,,,,0,4,Local industriel. commercial ou assimilé,152,0,S,sols,,,2163,5.697507,46.113149
2023-385,2023-01-18,000001,Vente,595090,5073,,COMBE DE LA MANCHE,B127,01260,01187,Haut Valromey,01,,,011871760B1000,,,,,,,,,,,,,0,3,Dépendance,,0,S,sols,,,452,5.697807,46.11305
2023-385,2023-01-18,000001,Vente,595090,5073,,COMBE DE LA MANCHE,B127,01260,01187,Haut Valromey,01,,,011871760B1000,,,,,,,,,,,,,0,1,Maison,70,4,S,sols,,,452,5.697807,46.11305
2023-385,2023-01-18,000001,Vente,595090,,,COMBE DE LA MANCHE,B127,01260,01187,Haut Valromey,01,,,011871760B1001,,,,,,,,,,,,,0,,,,,P,prés,,,87,5.697918,46.113026
2023-385,2023-01-18,000001,Vente,595090,,,COMBE DE LA MANCHE,B127,01260,01187,Haut Valromey,01,,,011871760B1002,,,,,,,,,,,,,0,,,,,P,prés,,,8636,5.698004,46.113036
2023-386,2023-01-12,000001,Vente,82000,139,,RUE DE LA SCIE,0685,01220,01143,Divonne-les-Bains,01,,,01143000AE0579,,,92,35.1,,,,,,,,,1,4,Local industriel. commercial ou assimilé,35,0,,,,,,6.14602,46.360319
2023-386,2023-01-12,000001,Vente,82000,480,A,RUE DE LAUSANNE,0490,01220,01143,Divonne-les-Bains,01,,,01143000AE0580,,,108,,,,,,,,,,1,4,Local industriel. commercial ou assimilé,12,0,,,,,,6.14577,46.360412
2023-387,2023-01-20,000001,Vente,170000,185,,GR GRANDE RUE,0200,01700,01249,Miribel,01,,,01249000AD0612,,,17,52.69,8,,,,,,,,2,2,Appartement,49,3,,,,,,4.943208,45.821166
2023-387,2023-01-20,000001,Vente,170000,185,,GR GRANDE RUE,0200,01700,01249,Miribel,01,,,01249000AD0612,,,17,52.69,8,,,,,,,,2,3,Dépendance,,0,,,,,,4.943208,45.821166
2023-388,2023-01-10,000001,Vente,111000,29,,PL DES TILLEULS,0759,01120,01262,Montluel,01,,,01262000AE0488,,,6,50.36,8,,,,,,,,2,2,Appartement,60,2,,,,,,5.052701,45.849259
2023-388,2023-01-10,000001,Vente,111000,,,FG DE LYON,0337,01120,01262,Montluel,01,,,01262000AE0488,,,59,,,,,,,,,,1,,,,,J,jardins,,,198,5.052701,45.849259
2023-389,2023-01-09,000001,Vente,360000,180,,RUE DE L EGLISE,0065,01630,01360,Saint-Jean-de-Gonville,01,,,013600000D1213,,,10,66.82,,,,,,,,,1,2,Appartement,67,2,,,,,,5.950677,46.212096
2023-389,2023-01-09,000001,Vente,360000,180,,RUE DE L EGLISE,0065,01630,01360,Saint-Jean-de-Gonville,01,,,013600000D1213,,,36,,,,,,,,,,1,3,Dépendance,,0,,,,,,5.950677,46.212096
2023-390,2023-01-16,000001,Vente,304000,6073,,LOT FLORALIES,A020,01710,01419,Thoiry,01,,,01419000BN0106,,,12,,,,,,,,,,1,3,Dépendance,,0,,,,,,5.980847,46.23173
2023-390,2023-01-16,000001,Vente,304000,6073,,LOT FLORALIES,A020,01710,01419,Thoiry,01,,,01419000BN0106,,,46,,99,90.7,,,,,,,2,2,Appartement,83,4,,,,,,5.980847,46.23173
2023-391,2023-01-09,000001,Vente,84000,,,LES THILLES,B134,01430,01373,Saint-Martin-du-Frêne,01,,,01373000ZA0520,,,,,,,,,,,,,0,,,,,AB,terrains a bâtir,,,51,5.551681,46.13402
2023-391,2023-01-09,000001,Vente,84000,,,LES THILLES,B134,01430,01373,Saint-Martin-du-Frêne,01,,,01373000ZA0523,,,,,,,,,,,,,0,,,,,AB,terrains a bâtir,,,622,5.551756,46.134106
2023-392,2023-01-09,000001,Vente,150000,18,,RUE DU 21 JUILLET 1944,0052,01590,01148,Dortan,01,,,01148000AC0114,,,,,,,,,,,,,0,4,Local industriel. commercial ou assimilé,450,0,S,sols,,,1218,5.656504,46.321708
2023-392,2023-01-09,000001,Vente,150000,,,DORTAN,B048,01590,01148,Dortan,01,,,01148000AC0115,,,,,,,,,,,,,0,,,,,S,sols,,,3,5.656229,46.32157
2023-392,2023-01-09,000001,Vente,150000,,,DORTAN,B048,01590,01148,Dortan,01,,,01148000AC0120,,,,,,,,,,,,,0,,,,,S,sols,,,127,5.656361,46.321557
2023-392,2023-01-09,000001,Vente,150000,,,DORTAN,B048,01590,01148,Dortan,01,,,01148000AC0121,,,,,,,,,,,,,0,,,,,L,landes,,,130,5.656742,46.321604
2023-392,2023-01-09,000001,Vente,150000,,,DORTAN,B048,01590,01148,Dortan,01,,,01148000AC0127,,,,,,,,,,,,,0,,,,,L,landes,,,126,5.656212,46.321668
2023-392,2023-01-09,000001,Vente,150000,,,DORTAN,B048,01590,01148,Dortan,01,,,01148000AC0194,,,,,,,,,,,,,0,,,,,AB,terrains a bâtir,,,883,5.65662,46.321513
2023-393,2023-01-10,000001,Vente,200,,,SOUS LA BOUCHE,B120,01590,01148,Dortan,01,,,01148000ZH0108,,,,,,,,,,,,,0,,,,,L,landes,,,555,5.659348,46.292089
2023-394,2023-01-19,000001,Vente,285000,8,,LOT DE LA PAILLETTE,A043,01100,01283,Oyonnax,01,,,012834400D2797,,,,,,,,,,,,,0,1,Maison,113,5,S,sols,,,637,5.623248,46.269136
2023-395,2023-01-17,000002,Vente,113560,6113,,PRAIRIE DU BUIDON,B189,01440,01451,Viriat,01,,,01451000AY0183,,,,,,,,,,,,,0,3,Dépendance,,0,P,prés,,,668,5.228545,46.229824
2023-396,2023-01-13,000001,Vente,317000,5358,,AU CHENE,B049,01140,01348,Saint-Didier-sur-Chalaronne,01,,,01348000ZP0170,,,,,,,,,,,,,0,1,Maison,82,3,S,sols,,,1300,4.82562,46.195969
2023-396,2023-01-13,000001,Vente,317000,,,TRAIVE GIROUD,B154,01140,01348,Saint-Didier-sur-Chalaronne,01,,,01348000ZP0171,,,,,,,,,,,,,0,,,,,P,prés,,,653,4.826235,46.195989
2023-397,2023-01-24,000001,Vente,130000,,,PETITS COMMUNAUX,B117,01330,01443,Villars-les-Dombes,01,,,01443000BW0140,,,,,,,,,,,,,0,,,,,AB,terrains a bâtir,,,411,5.040975,46.003976
2023-398,2023-01-26,000001,Vente,25000,24,,RUE DE GENEVE,0155,01210,01160,Ferney-Voltaire,01,,,01160000AO0218,,,93,,,,,,,,,,1,3,Dépendance,,0,,,,,,6.111741,46.253982
2023-399,2023-01-11,000001,Vente,600,,,PETIT GRILLET,B039,01240,01069,Certines,01,,,010690000A0020,,,,,,,,,,,,,0,,,,,BS,taillis sous futaie,,,2600,5.24073,46.130555
2023-400,2023-01-05,000001,Vente,185000,10,,RUE DE LA CHARTREUSE,0870,01000,01053,Bourg-en-Bresse,01,,,01053000AR0075,,,,,,,,,,,,,0,3,Dépendance,,0,S,sols,,,499,5.231211,46.188438
2023-400,2023-01-05,000001,Vente,185000,10,,RUE DE LA CHARTREUSE,0870,01000,01053,Bourg-en-Bresse,01,,,01053000AR0075,,,,,,,,,,,,,0,1,Maison,76,4,S,sols,,,499,5.231211,46.188438
2023-401,2023-01-20,000002,Echange,273,,,LES BROSSES,B016,01560,01388,Saint-Trivier-de-Courtes,01,,,01388000WA0073,,,,,,,,,,,,,0,,,,,T,terres,,,899,5.097539,46.472466
2023-402,2023-01-16,000001,Vente,2000,,,MOULIN DE VARAX,B068,01240,01383,Saint-Paul-de-Varax,01,,,01383000AC0204,,,,,,,,,,,,,0,,,,,P,prés,,,2234,5.138524,46.101046
2023-402,2023-01-16,000001,Vente,2000,,,MOULIN DE VARAX,B068,01240,01383,Saint-Paul-de-Varax,01,,,01383000AC0204,,,,,,,,,,,,,0,,,,,AG,terrains d'agrément,,,100,5.138524,46.101046
2023-403,2023-01-17,000001,Echange,2000,,,CHAUDASSEY,B012,01430,01101,Chevillard,01,,,011010000B0054,,,,,,,,,,,,,0,,,,,BR,futaies résineuses,,,1990,5.587882,46.117567
2023-403,2023-01-17,000002,Echange,2000,,,EN VERGNAT,B140,01430,01373,Saint-Martin-du-Frêne,01,,,01373000ZE0005,,,,,,,,,,,,,0,,,,,P,prés,,,6021,5.544747,46.135847
2023-404,2023-01-24,000001,Vente,57600,185,,AV DU MONT BLANC,0234,01710,01419,Thoiry,01,,,01419000AE0066,,,95,33.22,,,,,,,,,1,4,Local industriel. commercial ou assimilé,53,0,,,,,,6.010126,46.237455
2023-405,2023-01-10,000001,Vente,217550,18,,AV FRANCIS BLANCHARD,0309,01170,01173,Gex,01,,,01173000AI0413,,,12,54.9,19,,,,,,,,2,3,Dépendance,,0,,,,,,6.057208,46.331769
2023-405,2023-01-10,000001,Vente,217550,18,,AV FRANCIS BLANCHARD,0309,01170,01173,Gex,01,,,01173000AI0413,,,12,54.9,19,,,,,,,,2,2,Appartement,50,3,,,,,,6.057208,46.331769
2023-406,2023-01-16,000001,Vente,65000,,,CARRELA,B024,01220,01143,Divonne-les-Bains,01,,,01143000AS0881,,,,,,,,,,,,,0,,,,,P,prés,,,368,6.126571,46.347511
2023-407,2023-01-26,000001,Vente,250000,74,,RUE DES GENETS,0815,01000,01344,Saint-Denis-lès-Bourg,01,,,01344000AH0580,,,,,,,,,,,,,0,1,Maison,78,3,S,sols,,,456,5.201769,46.204923
2023-408,2023-01-13,000001,Vente,8000,8,B,RUE DES CRETS,1020,01000,01053,Bourg-en-Bresse,01,,,01053000BO0020,,,82,,,,,,,,,,1,3,Dépendance,,0,,,,,,5.226437,46.215906
2023-409,2023-01-11,000001,Vente,678160,75,,ALL DES PRUNUS,0201,01630,01354,Saint-Genis-Pouilly,01,,,01354000BD0320,,,16,159.54,,,,,,,,,1,2,Appartement,161,5,,,,,,6.020862,46.248985
2023-409,2023-01-11,000001,Vente,678160,75,,ALL DES PRUNUS,0201,01630,01354,Saint-Genis-Pouilly,01,,,01354000BD0320,,,3,31.2,,,,,,,,,1,3,Dépendance,,0,,,,,,6.020862,46.248985
2023-410,2023-01-16,000001,Vente,43000,,,DERRIERE GRUAZ,B016,01630,01354,Saint-Genis-Pouilly,01,,,01354000BE0310,,,,,,,,,,,,,0,,,,,AG,terrains d'agrément,,,292,6.016759,46.241839
2023-411,2023-01-18,000001,Vente,9000,37,,RUE COMMERSON,0100,01400,01093,Châtillon-sur-Chalaronne,01,,,010930000C2941,,,8,21.6,,,,,,,,,1,4,Local industriel. commercial ou assimilé,24,0,,,,,,4.956374,46.119727
2023-412,2023-01-16,000001,Vente,180000,250,,RTE DU BIOLAY,0030,01400,01084,Chanoz-Châtenay,01,,,010840000B1514,,,,,,,,,,,,,0,1,Maison,115,5,S,sols,,,500,5.026033,46.181193
2023-412,2023-01-16,000001,Vente,180000,250,,RTE DU BIOLAY,0030,01400,01084,Chanoz-Châtenay,01,,,010840000B1514,,,,,,,,,,,,,0,1,Maison,115,5,AG,terrains d'agrément,,,1653,5.026033,46.181193
2023-413,2023-01-19,000001,Vente en l'état futur d'achèvement,335000,1219,,RUE DE GENEVE,0091,01210,01281,Ornex,01,,,01281000AP0248,,,8,,,,,,,,,,1,,,,,,,,,,6.100993,46.266466
2023-413,2023-01-19,000001,Vente en l'état futur d'achèvement,335000,1219,,RUE DE GENEVE,0091,01210,01281,Ornex,01,,,01281000AP0248,,,11,,,,,,,,,,1,,,,,,,,,,6.100993,46.266466
2023-413,2023-01-19,000001,Vente en l'état futur d'achèvement,335000,1219,,RUE DE GENEVE,0091,01210,01281,Ornex,01,,,01281000AP0248,,,2,,,,,,,,,,1,,,,,,,,,,6.100993,46.266466
2023-413,2023-01-19,000001,Vente en l'état futur d'achèvement,335000,1219,,RUE DE GENEVE,0091,01210,01281,Ornex,01,,,01281000AP0248,,,21,67,,,,,,,,,1,,,,,,,,,,6.100993,46.266466
2023-414,2023-01-09,000001,Vente,2945250,,,LES CALLEZES,B005,01170,01071,Cessy,01,,,01071000AD0200,,,,,,,,,,,,,0,,,,,P,prés,,,6000,,
2023-414,2023-01-09,000001,Vente,2945250,,,LES CONDAMINES,B016,01170,01071,Cessy,01,,,01071000AP0084,,,,,,,,,,,,,0,,,,,AB,terrains a bâtir,,,1180,,
2023-414,2023-01-09,000001,Vente,2945250,,,LES CONDAMINES,B016,01170,01071,Cessy,01,,,01071000AP0085,,,,,,,,,,,,,0,,,,,AB,terrains a bâtir,,,1180,6.072061,46.313221
2023-415,2023-01-16,000001,Vente en l'état futur d'achèvement,425000,,,LONGES RAYES,B025,01170,01071,Cessy,01,,,01071000AP0223,,,75,,,,,,,,,,1,,,,,,,,,,6.06913,46.310521
2023-415,2023-01-16,000001,Vente en l'état futur d'achèvement,425000,,,LONGES RAYES,B025,01170,01071,Cessy,01,,,01071000AP0223,,,76,,,,,,,,,,1,,,,,,,,,,6.06913,46.310521
2023-415,2023-01-16,000001,Vente en l'état futur d'achèvement,425000,,,LONGES RAYES,B025,01170,01071,Cessy,01,,,01071000AP0223,,,140,,,,,,,,,,1,,,,,,,,,,6.06913,46.310521
2023-416,2023-01-03,000001,Vente,250000,15,,RUE BON GRAVIER,0025,01370,01426,Val-Revermont,01,,,014260000F0123,,,,,,,,,,,,,0,1,Maison,115,5,S,sols,,,192,5.369879,46.27194
2023-417,2023-01-05,000001,Vente,208000,310,,CHE DES FERMES DU SAIX,0149,01960,01289,Péronnas,01,,,012890000C0237,,,,,,,,,,,,,0,1,Maison,88,4,S,sols,,,730,5.230155,46.162628
2023-417,2023-01-05,000001,Vente,208000,310,,CHE DES FERMES DU SAIX,0149,01960,01289,Péronnas,01,,,012890000C0237,,,,,,,,,,,,,0,1,Maison,88,4,P,prés,,,1404,5.230155,46.162628
2023-417,2023-01-05,000001,Vente,208000,,,LE SAIX,B027,01960,01289,Péronnas,01,,,012890000C0257,,,,,,,,,,,,,0,,,,,T,terres,,,1155,5.229871,46.1627
2023-418,2023-01-12,000001,Vente,174300,,,LES BOULEAUX,B016,01400,01093,Châtillon-sur-Chalaronne,01,,,010930000C4320,,,,,,,,,,,,,0,,,,,T,terres,,,947,4.982607,46.113344
2023-418,2023-01-12,000001,Vente,174300,,,LES BOULEAUX,B016,01400,01093,Châtillon-sur-Chalaronne,01,,,010930000C4323,,,,,,,,,,,,,0,,,,,S,sols,,,144,4.982403,46.113288
2023-419,2023-01-10,000001,Vente en l'état futur d'achèvement,11562820,,,LES CALLEZES,B005,01170,01071,Cessy,01,,,01071000AD0414,,,,,,,,,,,,,0,,,,,AB,terrains a bâtir,,,3222,6.072953,46.31381
2023-419,2023-01-10,000001,Vente en l'état futur d'achèvement,11562820,,,LES CALLEZES,B005,01170,01071,Cessy,01,,,01071000AD0415,,,,,,,,,,,,,0,,,,,S,sols,,,948,6.072593,46.313941
2023-419,2023-01-10,000001,Vente en l'état futur d'achèvement,11562820,,,LES CALLEZES,B005,01170,01071,Cessy,01,,,01071000AD0416,,,,,,,,,,,,,0,,,,,AB,terrains a bâtir,,,1185,6.072525,46.314013
2023-419,2023-01-10,000001,Vente en l'état futur d'achèvement,11562820,,,LES CALLEZES,B005,01170,01071,Cessy,01,,,01071000AD0417,,,,,,,,,,,,,0,,,,,AB,terrains a bâtir,,,404,6.072264,46.313861
2023-419,2023-01-10,000001,Vente en l'état futur d'achèvement,11562820,,,LES CALLEZES,B005,01170,01071,Cessy,01,,,01071000AD0418,,,,,,,,,,,,,0,,,,,AB,terrains a bâtir,,,208,6.072301,46.313771
2023-419,2023-01-10,000001,Vente en l'état futur d'achèvement,11562820,,,LES CALLEZES,B005,01170,01071,Cessy,01,,,01071000AD0419,,,,,,,,,,,,,0,,,,,AB,terrains a bâtir,,,40,6.072299,46.313695
2023-419,2023-01-10,000001,Vente en l'état futur d'achèvement,11562820,,,LES CONDAMINES,B016,01170,01071,Cessy,01,,,01071000AP0085,,,,,,,,,,,,,0,,,,,AB,terrains a bâtir,,,1180,6.072061,46.313221
2023-419,2023-01-10,000001,Vente en l'état futur d'achèvement,11562820,,,LES CONDAMINES,B016,01170,01071,Cessy,01,,,01071000AP0249,,,,,,,,,,,,,0,,,,,S,sols,,,281,6.072224,46.313491
2023-419,2023-01-10,000001,Vente en l'état futur d'achèvement,11562820,,,LES CONDAMINES,B016,01170,01071,Cessy,01,,,01071000AP0250,,,,,,,,,,,,,0,,,,,AB,terrains a bâtir,,,900,6.07242,46.313405
2023-420,2023-01-12,000001,Vente,1000000,9,,RUE COLONEL ARNAUD BELTRAME,3940,01000,01053,Bourg-en-Bresse,01,,,01053000BL0237,,,,,,,,,,,,,0,4,Local industriel. commercial ou assimilé,1105,0,AG,terrains d'agrément,,,482,5.23859,46.212487
2023-420,2023-01-12,000001,Vente,1000000,9,,RUE COLONEL ARNAUD BELTRAME,3940,01000,01053,Bourg-en-Bresse,01,,,01053000BL0237,,,,,,,,,,,,,0,4,Local industriel. commercial ou assimilé,1105,0,S,sols,,,764,5.23859,46.212487
2023-420,2023-01-12,000001,Vente,1000000,9,,RUE COLONEL ARNAUD BELTRAME,3940,01000,01053,Bourg-en-Bresse,01,,,01053000BL0239,,,,,,,,,,,,,0,,,,,AG,terrains d'agrément,,,1593,5.23882,46.212424
2023-420,2023-01-12,000001,Vente,1000000,9,,RUE COLONEL ARNAUD BELTRAME,3940,01000,01053,Bourg-en-Bresse,01,,,01053000BL0239,,,,,,,,,,,,,0,,,,,S,sols,,,1561,5.23882,46.212424
2023-421,2023-01-05,000001,Vente,205000,5000,,RTE DES COMIERES,0035,01190,01323,Reyssouze,01,,,01323000AO0285,,,,,,,,,,,,,0,1,Maison,96,3,AB,terrains a bâtir,,,452,4.924007,46.437417
2023-421,2023-01-05,000001,Vente,205000,,,CURTIL MOREL,B045,01190,01323,Reyssouze,01,,,01323000AO0287,,,,,,,,,,,,,0,,,,,AB,terrains a bâtir,,,170,4.92378,46.437442
2023-422,2023-01-04,000001,Vente en l'état futur d'achèvement,270000,,,LA COTE,B039,01800,01244,Meximieux,01,,,012440000C2238,,,,,,,,,,,,,0,,,,,P,prés,,,178,5.198755,45.914873
2023-423,2023-01-16,000001,Vente,85000,,,VAUDRENAND,B185,01660,01246,Mézériat,01,,,012460000A1836,,,,,,,,,,,,,0,,,,,AB,terrains a bâtir,,,1208,5.033932,46.245833
2023-424,2023-01-18,000001,Vente,350000,,,EN PONTOUX,B055,01630,01078,Challex,01,,,010780000B1138,,,,,,,,,,,,,0,,,,,T,terres,,,572,5.97938,46.181591
2023-424,2023-01-18,000001,Vente,350000,,,EN PONTOUX,B055,01630,01078,Challex,01,,,010780000B1140,,,,,,,,,,,,,0,,,,,P,prés,,,428,5.979676,46.181416
2023-425,2023-01-25,000001,Vente,360000,197,A,RUE DE SAINT ALBAN,0550,01120,01049,La Boisse,01,,,01049000AB0668,,,,,,,,,,,,,0,1,Maison,100,4,S,sols,,,345,5.030705,45.844644
2023-425,2023-01-25,000001,Vente,360000,,,MONTESSUY,B060,01120,01049,La Boisse,01,,,01049000AB0672,,,,,,,,,,,,,0,,,,,S,sols,,,133,5.0307,45.84453
2023-426,2023-01-30,000001,Vente,579375,95,,ALL DES ORMES,0182,01630,01354,Saint-Genis-Pouilly,01,,,01354000BD0354,,,13,,,,,,,,,,1,2,Appartement,133,4,,,,,,6.017088,46.246134
2023-426,2023-01-30,000001,Vente,579375,95,,ALL DES ORMES,0182,01630,01354,Saint-Genis-Pouilly,01,,,01354000BD0354,,,8,31.2,,,,,,,,,1,3,Dépendance,,0,,,,,,6.017088,46.246134
2023-427,2023-01-20,000001,Vente,480000,157,,CHE VIE DE VAISE,0105,01170,01399,Ségny,01,,,01399000AB0151,,,,,,,,,,,,,0,1,Maison,108,6,S,sols,,,414,6.073268,46.297561
2023-428,2023-01-09,000001,Vente,135000,5016,,FLURIEUX,B037,01140,01252,Mogneneins,01,,,012520000A0158,,,,,,,,,,,,,0,1,Maison,30,1,S,sols,,,1345,4.821394,46.155144
2023-428,2023-01-09,000001,Vente,135000,,,FLURIEUX,B037,01140,01252,Mogneneins,01,,,012520000A0159,,,,,,,,,,,,,0,,,,,P,prés,,,907,4.820887,46.15517
2023-428,2023-01-09,000001,Vente,135000,,,FLURIEUX,B037,01140,01252,Mogneneins,01,,,012520000A0240,,,,,,,,,,,,,0,,,,,BT,taillis simples,,,1090,4.820989,46.154526
2023-428,2023-01-09,000001,Vente,135000,,,FLURIEUX,B037,01140,01252,Mogneneins,01,,,012520000A1290,,,,,,,,,,,,,0,,,,,BT,taillis simples,,,19,4.82139,46.154509
2023-428,2023-01-09,000001,Vente,135000,,,FLURIEUX,B037,01140,01252,Mogneneins,01,,,012520000A1515,,,,,,,,,,,,,0,,,,,S,sols,,,480,4.821207,46.155023
2023-428,2023-01-09,000001,Vente,135000,,,FLURIEUX,B037,01140,01252,Mogneneins,01,,,012520000A1516,,,,,,,,,,,,,0,,,,,S,sols,,,20,4.820772,46.155227
2023-429,2023-01-24,000001,Vente,40000,,,LES PETOLLIERES,B104,01710,01419,Thoiry,01,,,014190000B0885,,,,,,,,,,,,,0,,,,,P,prés,,,3340,5.971411,46.247714
2023-429,2023-01-24,000001,Vente,40000,,,LES PETOLLIERES,B104,01710,01419,Thoiry,01,,,014190000B0886,,,,,,,,,,,,,0,,,,,P,prés,,,2310,5.971132,46.247779
2023-429,2023-01-24,000001,Vente,40000,,,LES PETOLLIERES,B104,01710,01419,Thoiry,01,,,014190000B0887,,,,,,,,,,,,,0,,,,,P,prés,,,2570,5.970877,46.247763
2023-429,2023-01-24,000001,Vente,40000,,,LES PETOLLIERES,B104,01710,01419,Thoiry,01,,,014190000B0888,,,,,,,,,,,,,0,,,,,P,prés,,,9590,5.970487,46.248151
2023-430,2023-01-19,000001,Vente,73000,5182,,LE BOURG,B026,01160,01314,Priay,01,,,013140000E2023,,,,,,,,,,,,,0,4,Local industriel. commercial ou assimilé,210,0,S,sols,,,359,5.290024,46.004008
2023-431,2023-01-19,000001,Vente,450000,1,,ALL SAINT EXUPERY,0805,01800,01088,Charnoz-sur-Ain,01,,,010880000C0868,,,,,,,,,,,,,0,1,Maison,117,5,S,sols,,,850,5.220607,45.864422
2023-432,2023-01-17,000001,Vente,90000,389,,GR GRANDE RUE,0680,01120,01262,Montluel,01,,,01262000AB0406,,,5,46.21,,,,,,,,,1,2,Appartement,45,2,,,,,,5.05425,45.850217
2023-433,2023-01-11,000001,Vente,1,,,CHAMP DU LOUP,B036,01140,01348,Saint-Didier-sur-Chalaronne,01,,,01348000ZY0247,,,,,,,,,,,,,0,,,,,S,sols,,,73,4.822664,46.179605
2023-433,2023-01-11,000001,Vente,1,,,CHAMP DU LOUP,B036,01140,01348,Saint-Didier-sur-Chalaronne,01,,,01348000ZY0254,,,,,,,,,,,,,0,,,,,S,sols,,,1363,4.822508,46.179889
2023-433,2023-01-11,000001,Vente,1,,,CHAMP DU LOUP,B036,01140,01348,Saint-Didier-sur-Chalaronne,01,,,01348000ZY0259,,,,,,,,,,,,,0,,,,,S,sols,,,298,4.822012,46.179837
2023-433,2023-01-11,000001,Vente,1,,,CHAMP DU LOUP,B036,01140,01348,Saint-Didier-sur-Chalaronne,01,,,01348000ZY0260,,,,,,,,,,,,,0,,,,,S,sols,,,483,4.822775,46.179969
2023-433,2023-01-11,000001,Vente,1,,,CHAMP DU LOUP,B036,01140,01348,Saint-Didier-sur-Chalaronne,01,,,01348000ZY0261,,,,,,,,,,,,,0,,,,,S,sols,,,147,4.822055,46.179982
2023-433,2023-01-11,000001,Vente,1,,,CHAMP DU LOUP,B036,01140,01348,Saint-Didier-sur-Chalaronne,01,,,01348000ZY0262,,,,,,,,,,,,,0,,,,,S,sols,,,178,4.822182,46.180049
2023-433,2023-01-11,000001,Vente,1,,,CHAMP DU LOUP,B036,01140,01348,Saint-Didier-sur-Chalaronne,01,,,01348000ZY0271,,,,,,,,,,,,,0,,,,,S,sols,,,39,4.822044,46.180276
2023-433,2023-01-11,000001,Vente,1,,,CHAMP DU LOUP,B036,01140,01348,Saint-Didier-sur-Chalaronne,01,,,01348000ZY0272,,,,,,,,,,,,,0,,,,,S,sols,,,212,4.822036,46.180229
2023-433,2023-01-11,000001,Vente,1,,,CHAMP DU LOUP,B036,01140,01348,Saint-Didier-sur-Chalaronne,01,,,01348000ZY0277,,,,,,,,,,,,,0,,,,,S,sols,,,2157,4.822074,46.181187
2023-433,2023-01-11,000001,Vente,1,5980,,CHAMP DU LOUP,B036,01140,01348,Saint-Didier-sur-Chalaronne,01,,,01348000ZY0278,,,,,,,,,,,,,0,4,Local industriel. commercial ou assimilé,,0,S,sols,,,127,4.821748,46.180838
2023-433,2023-01-11,000001,Vente,1,,,CHAMP DU LOUP,B036,01140,01348,Saint-Didier-sur-Chalaronne,01,,,01348000ZY0279,,,,,,,,,,,,,0,,,,,S,sols,,,166,4.822047,46.18157
2023-433,2023-01-11,000001,Vente,1,,,CHAMP DU LOUP,B036,01140,01348,Saint-Didier-sur-Chalaronne,01,,,01348000ZY0288,,,,,,,,,,,,,0,,,,,AB,terrains a bâtir,,,33,4.822796,46.182296
2023-433,2023-01-11,000001,Vente,1,,,CHAMP DU LOUP,B036,01140,01348,Saint-Didier-sur-Chalaronne,01,,,01348000ZY0300,,,,,,,,,,,,,0,,,,,S,sols,,,36,4.821955,46.180626
2023-433,2023-01-11,000001,Vente,1,,,CHAMP DU LOUP,B036,01140,01348,Saint-Didier-sur-Chalaronne,01,,,01348000ZY0301,,,,,,,,,,,,,0,,,,,S,sols,,,29,4.822008,46.180373
2023-434,2023-01-18,000001,Vente,180000,52,,AV SAINT EXUPERY,0505,01200,01033,Valserhône,01,,,01033000AB0339,,,,,,,,,,,,,0,4,Local industriel. commercial ou assimilé,10,0,S,sols,,,3503,5.810239,46.124278
2023-434,2023-01-18,000001,Vente,180000,52,,AV SAINT EXUPERY,0505,01200,01033,Valserhône,01,,,01033000AB0339,,,,,,,,,,,,,0,4,Local industriel. commercial ou assimilé,900,0,S,sols,,,3503,5.810239,46.124278
2023-435,2023-01-18,000001,Vente,20680,,,SOUS LA ROCHE,B535,01110,01185,Plateau d'Hauteville,01,,,011851220G0648,,,,,,,,,,,,,0,,,,,BS,taillis sous futaie,,,1370,5.608507,45.945655
2023-435,2023-01-18,000001,Vente,20680,,,SOUS LA ROCHE,B535,01110,01185,Plateau d'Hauteville,01,,,011851220G0649,,,,,,,,,,,,,0,,,,,BS,taillis sous futaie,,,1550,5.608015,45.945704
2023-435,2023-01-18,000001,Vente,20680,,,SOUS LE ROCHER,B538,01110,01185,Plateau d'Hauteville,01,,,011851220G0952,,,,,,,,,,,,,0,,,,,J,jardins,,,764,5.607674,45.946046
2023-435,2023-01-18,000001,Vente,20680,385,,CHE DE SOUS LE ROCHER,0679,01110,01185,Plateau d'Hauteville,01,,,011851220G0953,,,,,,,,,,,,,0,1,Maison,100,8,S,sols,,,673,5.607777,45.94593
2023-435,2023-01-18,000001,Vente,20680,,,LA PERRIERE,B500,01110,01185,Plateau d'Hauteville,01,,,01185122ZC0043,,,,,,,,,,,,,0,,,,,P,prés,,,762,5.607569,45.946422
2023-436,2023-01-20,000001,Vente,238870,580,,MTE DE PREONDES,1120,01600,01427,Trévoux,01,,,01427000AI0830,,,,,,,,,,,,,0,1,Maison,67,3,S,sols,,,500,4.785484,45.944071
2023-436,2023-01-20,000001,Vente,238870,580,,MTE DE PREONDES,1120,01600,01427,Trévoux,01,,,01427000AI0830,,,,,,,,,,,,,0,1,Maison,67,3,AG,terrains d'agrément,,,157,4.785484,45.944071
2023-437,2023-01-27,000001,Vente,1,,,BOISSETS,B015,01250,01195,Jasseron,01,,,011950000A0698,,,,,,,,,,,,,0,,,,,S,sols,,,15,5.319892,46.211847
2023-438,2023-01-26,000001,Vente,545000,8,,CHE DES GRANGES,0050,01800,01378,Saint-Maurice-de-Gourdans,01,,,013780000D1967,,,,,,,,,,,,,0,3,Dépendance,,0,AG,terrains d'agrément,,,1008,5.193255,45.825052
2023-438,2023-01-26,000001,Vente,545000,8,,CHE DES GRANGES,0050,01800,01378,Saint-Maurice-de-Gourdans,01,,,013780000D1967,,,,,,,,,,,,,0,1,Maison,128,4,AG,terrains d'agrément,,,1008,5.193255,45.825052
2023-438,2023-01-26,000001,Vente,545000,8,,CHE DES GRANGES,0050,01800,01378,Saint-Maurice-de-Gourdans,01,,,013780000D1967,,,,,,,,,,,,,0,3,Dépendance,,0,AG,terrains d'agrément,,,1008,5.193255,45.825052
2023-438,2023-01-26,000001,Vente,545000,8,,CHE DES GRANGES,0050,01800,01378,Saint-Maurice-de-Gourdans,01,,,013780000D1967,,,,,,,,,,,,,0,3,Dépendance,,0,S,sols,,,500,5.193255,45.825052
2023-438,2023-01-26,000001,Vente,545000,8,,CHE DES GRANGES,0050,01800,01378,Saint-Maurice-de-Gourdans,01,,,013780000D1967,,,,,,,,,,,,,0,3,Dépendance,,0,S,sols,,,500,5.193255,45.825052
2023-438,2023-01-26,000001,Vente,545000,8,,CHE DES GRANGES,0050,01800,01378,Saint-Maurice-de-Gourdans,01,,,013780000D1967,,,,,,,,,,,,,0,1,Maison,128,4,S,sols,,,500,5.193255,45.825052
2023-439,2023-01-25,000001,Vente,25000,249,A,RUE DE LA COTE D'ARBERE,0254,01220,01143,Divonne-les-Bains,01,,,01143000AR0366,,,42,,,,,,,,,,1,3,Dépendance,,0,,,,,,6.131293,46.345074
2023-440,2023-01-20,000001,Vente,139000,3,,RUE GEORGES MARIN,0227,01200,01033,Valserhône,01,,,01033000AL0274,,,12,,36,,,,,,,,2,2,Appartement,58,2,,,,,,5.824316,46.106302
2023-440,2023-01-20,000001,Vente,139000,3,,RUE GEORGES MARIN,0227,01200,01033,Valserhône,01,,,01033000AL0274,,,2,,,,,,,,,,1,3,Dépendance,,0,,,,,,5.824316,46.106302
2023-440,2023-01-20,000001,Vente,139000,3,,RUE GEORGES MARIN,0227,01200,01033,Valserhône,01,,,01033000AL0274,,,12,,36,,,,,,,,2,3,Dépendance,,0,,,,,,5.824316,46.106302
2023-441,2023-01-20,000001,Vente,4358,,,EN FOLLIET,B042,01200,01044,Billiat,01,,,010440000D0386,,,,,,,,,,,,,0,,,,,BT,taillis simples,,,800,5.807394,46.073174
2023-441,2023-01-20,000001,Vente,4358,,,LA BULLE,B011,01200,01044,Billiat,01,,,01044000ZA0033,,,,,,,,,,,,,0,,,,,T,terres,,,4120,5.785399,46.08039
2023-441,2023-01-20,000001,Vente,4358,,,LES LADES,B054,01200,01044,Billiat,01,,,01044000ZC0017,,,,,,,,,,,,,0,,,,,L,landes,,,5070,5.803451,46.073765
2023-441,2023-01-20,000001,Vente,4358,,,EN L HESSERT,B042,01200,01189,Injoux-Génissiat,01,,,011890000C0004,,,,,,,,,,,,,0,,,,,P,prés,,,7130,5.789458,46.062941
2023-441,2023-01-20,000001,Vente,4358,,,EN L HESSERT,B042,01200,01189,Injoux-Génissiat,01,,,011890000C0005,,,,,,,,,,,,,0,,,,,BS,taillis sous futaie,,,9980,5.78885,46.062594
2023-442,2023-01-18,000001,Vente,34000,58,,RUE AMEDEE BONNET,0060,01500,01004,Ambérieu-en-Bugey,01,,,01004000BD0087,,,,,,,,,,,,,0,1,Maison,80,3,S,sols,,,60,5.360106,45.956367
2023-443,2023-01-11,000001,Vente en l'état futur d'achèvement,152370,70,,RUE DE LOEZE,2324,01000,01053,Bourg-en-Bresse,01,,,01053000CK0173,,,192,,,,,,,,,,1,,,,,,,,,,5.249426,46.202879
2023-443,2023-01-11,000001,Vente en l'état futur d'achèvement,152370,70,,RUE DE LOEZE,2324,01000,01053,Bourg-en-Bresse,01,,,01053000CK0173,,,32,,,,,,,,,,1,,,,,,,,,,5.249426,46.202879
2023-443,2023-01-11,000001,Vente en l'état futur d'achèvement,152370,70,,RUE DE LOEZE,2324,01000,01053,Bourg-en-Bresse,01,,,01053000CK0173,,,56,,,,,,,,,,1,,,,,,,,,,5.249426,46.202879
2023-443,2023-01-11,000001,Vente en l'état futur d'achèvement,152370,70,,RUE DE LOEZE,2324,01000,01053,Bourg-en-Bresse,01,,,01053000CK0173,,,216,,,,,,,,,,1,,,,,,,,,,5.249426,46.202879
2023-444,2023-01-19,000001,Vente en l'état futur d'achèvement,391000,,,LES SATHONAYES,B106,01700,01043,Beynost,01,,,01043000AB0940,,,69,,,,,,,,,,1,,,,,,,,,,4.988322,45.837137
2023-444,2023-01-19,000001,Vente en l'état futur d'achèvement,391000,,,LES SATHONAYES,B106,01700,01043,Beynost,01,,,01043000AB0940,,,130,,,,,,,,,,1,,,,,,,,,,4.988322,45.837137
2023-444,2023-01-19,000001,Vente en l'état futur d'achèvement,391000,,,LES SATHONAYES,B106,01700,01043,Beynost,01,,,01043000AB0940,,,129,,,,,,,,,,1,,,,,,,,,,4.988322,45.837137
2023-444,2023-01-19,000001,Vente en l'état futur d'achèvement,391000,,,LES SATHONAYES,B106,01700,01043,Beynost,01,,,01043000AB0940,,,7,,,,,,,,,,1,,,,,,,,,,4.988322,45.837137
2023-445,2023-01-03,000001,Vente,322000,38,,RUE AMEDEE BONNET,0060,01500,01004,Ambérieu-en-Bugey,01,,,01004000BD0078,,,,,,,,,,,,,0,2,Appartement,50,2,S,sols,,,179,5.358954,45.957249
2023-445,2023-01-03,000001,Vente,322000,38,,RUE AMEDEE BONNET,0060,01500,01004,Ambérieu-en-Bugey,01,,,01004000BD0078,,,,,,,,,,,,,0,3,Dépendance,,0,S,sols,,,179,5.358954,45.957249
2023-445,2023-01-03,000001,Vente,322000,38,,RUE AMEDEE BONNET,0060,01500,01004,Ambérieu-en-Bugey,01,,,01004000BD0078,,,,,,,,,,,,,0,3,Dépendance,,0,S,sols,,,179,5.358954,45.957249
2023-445,2023-01-03,000001,Vente,322000,38,,RUE AMEDEE BONNET,0060,01500,01004,Ambérieu-en-Bugey,01,,,01004000BD0078,,,,,,,,,,,,,0,3,Dépendance,,0,S,sols,,,179,5.358954,45.957249
2023-445,2023-01-03,000001,Vente,322000,38,,RUE AMEDEE BONNET,0060,01500,01004,Ambérieu-en-Bugey,01,,,01004000BD0078,,,,,,,,,,,,,0,3,Dépendance,,0,S,sols,,,179,5.358954,45.957249
2023-445,2023-01-03,000001,Vente,322000,38,,RUE AMEDEE BONNET,0060,01500,01004,Ambérieu-en-Bugey,01,,,01004000BD0078,,,,,,,,,,,,,0,2,Appartement,50,2,S,sols,,,179,5.358954,45.957249
2023-445,2023-01-03,000001,Vente,322000,38,,RUE AMEDEE BONNET,0060,01500,01004,Ambérieu-en-Bugey,01,,,01004000BD0078,,,,,,,,,,,,,0,2,Appartement,43,2,S,sols,,,179,5.358954,45.957249
2023-445,2023-01-03,000001,Vente,322000,38,,RUE AMEDEE BONNET,0060,01500,01004,Ambérieu-en-Bugey,01,,,01004000BD0078,,,,,,,,,,,,,0,1,Maison,31,2,S,sols,,,179,5.358954,45.957249
2023-446,2023-01-03,000001,Vente,1000,,,SOUS LES ROCHES,B208,01350,01073,Ceyzérieu,01,,,010730000G1199,,,,,,,,,,,,,0,,,,,BT,taillis simples,,,654,5.725337,45.847622
2023-446,2023-01-03,000001,Vente,1000,,,SOUS LES ROCHES,B208,01350,01073,Ceyzérieu,01,,,010730000G1206,,,,,,,,,,,,,0,,,,,BT,taillis simples,,,290,5.724137,45.848075
2023-446,2023-01-03,000001,Vente,1000,,,SOUS LES ROCHES,B208,01350,01073,Ceyzérieu,01,,,010730000G1207,,,,,,,,,,,,,0,,,,,BP,peupleraies,,,3674,5.725263,45.848591
2023-446,2023-01-03,000001,Vente,1000,,,SOUS LES ROCHES,B208,01350,01073,Ceyzérieu,01,,,010730000G1209,,,,,,,,,,,,,0,,,,,BT,taillis simples,,,58,5.726708,45.849325
2023-446,2023-01-03,000001,Vente,1000,,,SOUS LES ROCHES,B208,01350,01073,Ceyzérieu,01,,,010730000G1216,,,,,,,,,,,,,0,,,,,BP,peupleraies,,,6869,5.726279,45.848113
2023-447,2023-01-19,000002,Vente,50000,,,ARDON,B122,01200,01033,Valserhône,01,,,01033091AD0318,,,,,,,,,,,,,0,,,,,PA,pâtures,PATUR,Pâture plantée,428,5.787284,46.137413
2023-448,2023-01-12,000001,Vente en l'état futur d'achèvement,244696,,,VILLARD TACON,B031,01210,01281,Ornex,01,,,01281000AD0111,,,31,,,,,,,,,,1,,,,,,,,,,6.084533,46.282837
2023-448,2023-01-12,000001,Vente en l'état futur d'achèvement,244696,,,VILLARD TACON,B031,01210,01281,Ornex,01,,,01281000AD0111,,,41,,,,,,,,,,1,,,,,,,,,,6.084533,46.282837
2023-449,2023-01-17,000001,Vente,360000,2,,RUE CHANTOISEAU,0143,01800,01244,Meximieux,01,,,012440000B1108,,,,,,,,,,,,,0,1,Maison,95,5,S,sols,,,500,5.193404,45.916832
2023-449,2023-01-17,000001,Vente,360000,2,,RUE CHANTOISEAU,0143,01800,01244,Meximieux,01,,,012440000B1108,,,,,,,,,,,,,0,1,Maison,95,5,AG,terrains d'agrément,,,771,5.193404,45.916832
2023-450,2023-01-16,000001,Vente,251500,109,,RUE NEUVE,0520,01120,01262,Montluel,01,,,01262000AB0099,,,,,,,,,,,,,0,1,Maison,120,4,S,sols,,,83,5.057831,45.85112
2023-451,2023-01-23,000001,Vente,4119.8,,,PRES PETIT BENOIT,B136,01290,01134,Crottet,01,,,01134000ZC0071,,,,,,,,,,,,,0,,,,,P,prés,,,20599,4.849714,46.287999
2023-452,2023-01-20,000002,Echange,200,,,LES CHAPELLES,B107,01851,01232,Marboz,01,,,01232000WL0515,,,,,,,,,,,,,0,,,,,P,prés,,,994,5.253876,46.335685
2023-452,2023-01-20,000003,Echange,200,,,LES CHAPELLES,B107,01851,01232,Marboz,01,,,01232000WL0520,,,,,,,,,,,,,0,,,,,P,prés,,,1015,5.2535,46.33529
2023-452,2023-01-20,000004,Echange,200,,,LES CHAPELLES,B107,01851,01232,Marboz,01,,,01232000WL0516,,,,,,,,,,,,,0,,,,,T,terres,,,1012,5.253067,46.335862
2023-452,2023-01-20,000005,Echange,200,,,LES CHAPELLES,B107,01851,01232,Marboz,01,,,01232000WL0517,,,,,,,,,,,,,0,,,,,T,terres,,,996,5.252887,46.335741
2023-453,2023-01-18,000001,Vente en l'état futur d'achèvement,191100,,,,,,01033,Valserhône,01,,,01033000AB0483,,,24,,,,,,,,,,1,,,,,,,,,,5.815694,46.12158
2023-453,2023-01-18,000001,Vente en l'état futur d'achèvement,191100,,,,,,01033,Valserhône,01,,,01033000AB0483,,,51,,,,,,,,,,1,,,,,,,,,,5.815694,46.12158
2023-453,2023-01-18,000001,Vente en l'état futur d'achèvement,191100,,,,,,01033,Valserhône,01,,,01033000AB0483,,,83,,,,,,,,,,1,,,,,,,,,,5.815694,46.12158
2023-454,2023-01-12,000001,Vente,125000,,,AUX BROSSES,B002,01090,01263,Montmerle-sur-Saône,01,,,01263000AC1201,,,,,,,,,,,,,0,,,,,AB,terrains a bâtir,,,164,4.766319,46.087162
2023-454,2023-01-12,000001,Vente,125000,,,AUX BROSSES,B002,01090,01263,Montmerle-sur-Saône,01,,,01263000AC1206,,,,,,,,,,,,,0,,,,,AB,terrains a bâtir,,,282,4.766453,46.087201
2023-455,2023-01-04,000001,Vente,30000,,,BOVANFONT,B010,01260,01453,Arvière-en-Valromey,01,,,014530000A0279,,,,,,,,,,,,,0,,,,,S,sols,,,250,5.744746,45.900132
2023-455,2023-01-04,000001,Vente,30000,5141,,BOVANFONT,B010,01260,01453,Arvière-en-Valromey,01,,,014530000A0280,,,,,,,,,,,,,0,1,Maison,50,1,S,sols,,,290,5.744719,45.900195
2023-455,2023-01-04,000001,Vente,30000,,,BOVANFONT,B010,01260,01453,Arvière-en-Valromey,01,,,014530000A0690,,,,,,,,,,,,,0,,,,,S,sols,,,250,5.744833,45.900278
2023-456,2023-01-02,000001,Vente,3000,,,EN PRYSE,B312,01510,01453,Arvière-en-Valromey,01,,,014530970D0199,,,,,,,,,,,,,0,,,,,L,landes,,,2160,5.752036,45.881987
2023-456,2023-01-02,000001,Vente,3000,,,EN PRYSE,B312,01510,01453,Arvière-en-Valromey,01,,,014530970D0216,,,,,,,,,,,,,0,,,,,L,landes,,,468,5.750653,45.880378
2023-456,2023-01-02,000001,Vente,3000,,,EN PRYSE,B312,01510,01453,Arvière-en-Valromey,01,,,014530970D0220,,,,,,,,,,,,,0,,,,,L,landes,,,1175,5.7515,45.879751
2023-456,2023-01-02,000001,Vente,3000,,,EN PRYSE,B312,01510,01453,Arvière-en-Valromey,01,,,014530970D0226,,,,,,,,,,,,,0,,,,,L,landes,,,2159,5.750795,45.878991
2023-456,2023-01-02,000001,Vente,3000,,,AMEOU,B002,01260,01453,Arvière-en-Valromey,01,,,014530000A0031,,,,,,,,,,,,,0,,,,,BT,taillis simples,,,2860,5.746569,45.909368
2023-456,2023-01-02,000001,Vente,3000,,,TRANSPOSAT,B122,01260,01453,Arvière-en-Valromey,01,,,014530000A0412,,,,,,,,,,,,,0,,,,,BT,taillis simples,,,2235,5.736365,45.89715
2023-456,2023-01-02,000001,Vente,3000,,,AUX ECORNOIRS,B045,01260,01453,Arvière-en-Valromey,01,,,014530000C0184,,,,,,,,,,,,,0,,,,,BT,taillis simples,,,7080,5.717182,45.922913
2023-457,2023-01-18,000001,Vente,155000,,,AUX RIVAUX,B027,01090,01258,Montceaux,01,,,012580000E1077,,,,,,,,,,,,,0,,,,,S,sols,,,446,4.770755,46.087518
2023-457,2023-01-18,000001,Vente,155000,,,AUX RIVAUX,B027,01090,01258,Montceaux,01,,,012580000E1078,,,,,,,,,,,,,0,,,,,AB,terrains a bâtir,,,477,4.770793,46.087341
2023-458,2023-01-04,000001,Vente,380000,5144,,LE CHATELARD,B014,01300,01141,Cuzieu,01,,,011410000A1150,,,,,,,,,,,,,0,1,Maison,180,4,AG,terrains d'agrément,,,6820,5.667829,45.818582
2023-458,2023-01-04,000001,Vente,380000,5144,,LE CHATELARD,B014,01300,01141,Cuzieu,01,,,011410000A1150,,,,,,,,,,,,,0,1,Maison,180,4,S,sols,,,1000,5.667829,45.818582
2023-459,2023-01-27,000001,Vente,18040,,,CHAMP PERROLET,B012,01130,01204,Le Poizat-Lalleyriat,01,,,01204000ZC0244,,,,,,,,,,,,,0,,,,,AB,terrains a bâtir,,,455,5.709091,46.152954
2023-459,2023-01-27,000001,Vente,18040,,,SOUS LA VILLE,B078,01130,01204,Le Poizat-Lalleyriat,01,,,01204000ZC0254,,,,,,,,,,,,,0,,,,,AB,terrains a bâtir,,,447,5.709275,46.152932
2023-460,2023-01-17,000001,Vente,290000,91,,IMP DES PASTOURELLES,0650,01280,01313,Prévessin-Moëns,01,,,01313251BH0049,,,28,72.86,46,,91,,92,,,,4,3,Dépendance,,0,,,,,,6.097024,46.259677
2023-460,2023-01-17,000001,Vente,290000,91,,IMP DES PASTOURELLES,0650,01280,01313,Prévessin-Moëns,01,,,01313251BH0049,,,28,72.86,46,,91,,92,,,,4,2,Appartement,73,3,,,,,,6.097024,46.259677
2023-460,2023-01-17,000001,Vente,290000,91,,IMP DES PASTOURELLES,0650,01280,01313,Prévessin-Moëns,01,,,01313251BH0049,,,28,72.86,46,,91,,92,,,,4,3,Dépendance,,0,,,,,,6.097024,46.259677
2023-460,2023-01-17,000001,Vente,290000,91,,IMP DES PASTOURELLES,0650,01280,01313,Prévessin-Moëns,01,,,01313251BH0049,,,28,72.86,46,,91,,92,,,,4,3,Dépendance,,0,,,,,,6.097024,46.259677
2023-461,2023-01-24,000001,Vente,315750,38,,CHE DU TORNE,0125,01300,01286,Parves et Nattages,01,,,012860000A0749,,,,,,,,,,,,,0,1,Maison,118,5,S,sols,,,907,5.736215,45.744883
2023-461,2023-01-24,000001,Vente,315750,5116,,MONTPELLAZ,B091,01300,01286,Parves et Nattages,01,,,012860000A1405,,,,,,,,,,,,,0,3,Dépendance,,0,S,sols,,,390,5.736024,45.74512
2023-461,2023-01-24,000001,Vente,315750,5116,,MONTPELLAZ,B091,01300,01286,Parves et Nattages,01,,,012860000A1405,,,,,,,,,,,,,0,3,Dépendance,,0,S,sols,,,390,5.736024,45.74512
2023-461,2023-01-24,000001,Vente,315750,,,MONTPELLAZ,B091,01300,01286,Parves et Nattages,01,,,012860000A1406,,,,,,,,,,,,,0,,,,,P,prés,,,47,5.735862,45.745015
2023-461,2023-01-24,000001,Vente,315750,,,AU GRAND PRE,B065,01300,01286,Parves et Nattages,01,,,01286000WD0029,,,,,,,,,,,,,0,,,,,P,prés,,,1166,5.736235,45.744724
2023-462,2023-01-23,000001,Vente,149000,,,PRES DE CHAGNEUX,B221,01500,01004,Ambérieu-en-Bugey,01,,,01004000AY0410,,,,,,,,,,,,,0,,,,,AB,terrains a bâtir,,,789,5.371416,45.963985
2023-462,2023-01-23,000001,Vente,149000,,,PRES DE CHAGNEUX,B221,01500,01004,Ambérieu-en-Bugey,01,,,01004000AY0412,,,,,,,,,,,,,0,,,,,AB,terrains a bâtir,,,303,5.371056,45.963879
2023-462,2023-01-23,000001,Vente,149000,,,PRES DE CHAGNEUX,B221,01500,01004,Ambérieu-en-Bugey,01,,,01004000AY0413,,,,,,,,,,,,,0,,,,,AB,terrains a bâtir,,,203,5.371436,45.964201
2023-463,2023-01-26,000001,Vente,353500,,,LA GRANDE VIGNE,B049,01640,01363,Saint-Jean-le-Vieux,01,,,013630000C1178,,,,,,,,,,,,,0,,,,,P,prés,,,372,5.404306,46.025088
2023-463,2023-01-26,000001,Vente,353500,,,LA GRANDE VIGNE,B049,01640,01363,Saint-Jean-le-Vieux,01,,,013630000C1179,,,,,,,,,,,,,0,,,,,S,sols,,,22,5.404295,46.02519
2023-463,2023-01-26,000001,Vente,353500,,,LA GRANDE VIGNE,B049,01640,01363,Saint-Jean-le-Vieux,01,,,013630000C1180,,,,,,,,,,,,,0,,,,,T,terres,,,1240,5.404803,46.025219
2023-463,2023-01-26,000001,Vente,353500,,,LA GRANDE VIGNE,B049,01640,01363,Saint-Jean-le-Vieux,01,,,013630000C1181,,,,,,,,,,,,,0,,,,,T,terres,,,1640,5.405117,46.025118
2023-463,2023-01-26,000001,Vente,353500,,,LE ROY,B101,01640,01363,Saint-Jean-le-Vieux,01,,,013630000C1187,,,,,,,,,,,,,0,,,,,L,landes,,,16,5.405683,46.025229
2023-463,2023-01-26,000001,Vente,353500,,,LE ROY,B101,01640,01363,Saint-Jean-le-Vieux,01,,,013630000C1192,,,,,,,,,,,,,0,,,,,BT,taillis simples,,,80,5.405818,46.025635
2023-463,2023-01-26,000001,Vente,353500,,,LE ROY,B101,01640,01363,Saint-Jean-le-Vieux,01,,,013630000C1209,,,,,,,,,,,,,0,,,,,J,jardins,,,52,5.404505,46.025291
2023-463,2023-01-26,000001,Vente,353500,,,LE ROY,B101,01640,01363,Saint-Jean-le-Vieux,01,,,013630000C1211,,,,,,,,,,,,,0,,,,,S,sols,,,77,5.404601,46.025383
2023-463,2023-01-26,000001,Vente,353500,64,,MTE DU ROY,0080,01640,01363,Saint-Jean-le-Vieux,01,,,013630000C1212,,,,,,,,,,,,,0,3,Dépendance,,0,S,sols,,,253,5.404503,46.025445
2023-463,2023-01-26,000001,Vente,353500,64,,MTE DU ROY,0080,01640,01363,Saint-Jean-le-Vieux,01,,,013630000C1212,,,,,,,,,,,,,0,1,Maison,145,6,S,sols,,,253,5.404503,46.025445
2023-463,2023-01-26,000001,Vente,353500,,,LE ROY,B101,01640,01363,Saint-Jean-le-Vieux,01,,,013630000C1803,,,,,,,,,,,,,0,,,,,S,sols,,,500,5.404891,46.025455
2023-463,2023-01-26,000001,Vente,353500,,,LE ROY,B101,01640,01363,Saint-Jean-le-Vieux,01,,,013630000C1803,,,,,,,,,,,,,0,,,,,P,prés,,,1382,5.404891,46.025455
2023-464,2023-01-26,000001,Vente,25000,326,,RUE PRINCIPALE VAUX FEVROUX,0099,01150,01431,Vaux-en-Bugey,01,,,01431000AC0186,,,,,,,,,,,,,0,3,Dépendance,,0,S,sols,,,45,5.36429,45.921617
2023-465,2023-01-10,000001,Vente,140000,190,,GRANDE RUE,0260,01420,01118,Corbonod,01,,,01118000AR0390,,,15,,37,59.85,,,,,,,2,3,Dépendance,,0,,,,,,5.809414,45.970298
2023-465,2023-01-10,000001,Vente,140000,190,,GRANDE RUE,0260,01420,01118,Corbonod,01,,,01118000AR0390,,,15,,37,59.85,,,,,,,2,2,Appartement,58,3,,,,,,5.809414,45.970298
2023-466,2023-01-06,000001,Vente,55000,15,,BD VOLTAIRE,3760,01000,01053,Bourg-en-Bresse,01,,,01053000AN0097,,,20,,23,30.1,,,,,,,2,2,Appartement,32,2,,,,,,5.223182,46.200373
2023-466,2023-01-06,000001,Vente,55000,15,,BD VOLTAIRE,3760,01000,01053,Bourg-en-Bresse,01,,,01053000AN0097,,,20,,23,30.1,,,,,,,2,3,Dépendance,,0,,,,,,5.223182,46.200373
2023-467,2023-01-13,000001,Vente,101900,,,LA CROIX,B070,01240,01145,Dompierre-sur-Veyle,01,,,011450000F1559,,,,,,,,,,,,,0,,,,,AB,terrains a bâtir,,,600,5.205041,46.068544
2023-468,2023-01-11,000001,Vente en l'état futur d'achèvement,720000,,,BEVIERS,B005,01250,01254,Montagnat,01,,,01254000AT0110,,,8,,,,,,,,,,1,,,,,,,,,,5.281687,46.170845
2023-468,2023-01-11,000001,Vente en l'état futur d'achèvement,720000,,,BEVIERS,B005,01250,01254,Montagnat,01,,,01254000AT0110,,,9,,,,,,,,,,1,,,,,,,,,,5.281687,46.170845
2023-468,2023-01-11,000001,Vente en l'état futur d'achèvement,720000,,,BEVIERS,B005,01250,01254,Montagnat,01,,,01254000AT0110,,,1,,,,,,,,,,1,,,,,,,,,,5.281687,46.170845
2023-468,2023-01-11,000001,Vente en l'état futur d'achèvement,720000,,,BEVIERS,B005,01250,01254,Montagnat,01,,,01254000AT0110,,,10,,,,,,,,,,1,,,,,,,,,,5.281687,46.170845
2023-468,2023-01-11,000001,Vente en l'état futur d'achèvement,720000,,,BEVIERS,B005,01250,01254,Montagnat,01,,,01254000AT0110,,,11,,,,,,,,,,1,,,,,,,,,,5.281687,46.170845
2023-468,2023-01-11,000001,Vente en l'état futur d'achèvement,720000,,,BEVIERS,B005,01250,01254,Montagnat,01,,,01254000AT0110,,,12,,,,,,,,,,1,,,,,,,,,,5.281687,46.170845
2023-468,2023-01-11,000001,Vente en l'état futur d'achèvement,720000,,,BEVIERS,B005,01250,01254,Montagnat,01,,,01254000AT0110,,,13,,,,,,,,,,1,,,,,,,,,,5.281687,46.170845
2023-468,2023-01-11,000001,Vente en l'état futur d'achèvement,720000,,,BEVIERS,B005,01250,01254,Montagnat,01,,,01254000AT0110,,,14,,,,,,,,,,1,,,,,,,,,,5.281687,46.170845
2023-468,2023-01-11,000001,Vente en l'état futur d'achèvement,720000,,,BEVIERS,B005,01250,01254,Montagnat,01,,,01254000AT0110,,,5,,,,,,,,,,1,,,,,,,,,,5.281687,46.170845
2023-468,2023-01-11,000001,Vente en l'état futur d'achèvement,720000,,,BEVIERS,B005,01250,01254,Montagnat,01,,,01254000AT0110,,,6,,,,,,,,,,1,,,,,,,,,,5.281687,46.170845
2023-468,2023-01-11,000001,Vente en l'état futur d'achèvement,720000,,,BEVIERS,B005,01250,01254,Montagnat,01,,,01254000AT0110,,,7,,,,,,,,,,1,,,,,,,,,,5.281687,46.170845
2023-469,2023-01-13,000001,Vente,95500,,,LA CROIX,B070,01240,01145,Dompierre-sur-Veyle,01,,,011450000F1565,,,,,,,,,,,,,0,,,,,AB,terrains a bâtir,,,560,5.204835,46.067941
2023-470,2023-01-17,000001,Vente,310000,89,,ALL DES FOUGERES,0270,01480,01398,Savigneux,01,,,01398000ZL0120,,,,,,,,,,,,,0,4,Local industriel. commercial ou assimilé,495,0,S,sols,,,2516,4.841184,46.001156
2023-471,2023-01-13,000001,Vente,400000,116,,IMP LA GONDONIERE,0043,01330,01299,Le Plantay,01,,,012990000A0698,,,,,,,,,,,,,0,1,Maison,133,5,S,sols,,,979,5.086639,46.024956
2023-472,2023-01-06,000001,Vente,99000,,,GRANGES PIROUX,B062,01240,01211,Lent,01,,,012110000E0579,,,,,,,,,,,,,0,,,,,AB,terrains a bâtir,,,555,5.189127,46.118088
2023-473,2023-01-09,000002,Vente,160000,183,,CHE DES SAUVAGERES,0090,01960,01405,Servas,01,,,014050000A0535,,,,,,,,,,,,,0,1,Maison,72,2,S,sols,,,2195,5.195387,46.15642
2023-473,2023-01-09,000002,Vente,160000,,,LALLEYRIAT,B014,01960,01405,Servas,01,,,014050000A0539,,,,,,,,,,,,,0,,,,,T,terres,,,539,5.195861,46.15648
2023-473,2023-01-09,000002,Vente,160000,,,LALLEYRIAT,B014,01960,01405,Servas,01,,,014050000A0541,,,,,,,,,,,,,0,,,,,P,prés,,,3,5.195009,46.156489
2023-473,2023-01-09,000002,Vente,160000,,,LALLEYRIAT,B014,01960,01405,Servas,01,,,014050000A0542,,,,,,,,,,,,,0,,,,,P,prés,,,3,5.195564,46.156143
2023-474,2023-01-12,000001,Vente,185185,15,,IMP MONTPENSIER,0150,01240,01211,Lent,01,,,012110000A0507,,,,,,,,,,,,,0,1,Maison,85,2,S,sols,,,385,5.195272,46.120894
2023-475,2023-01-03,000001,Vente,240000,150,,RUE DE L'AGRICULTURE,0020,01330,01443,Villars-les-Dombes,01,,,01443000BR0061,,,,,,,,,,,,,0,1,Maison,80,4,S,sols,,,251,5.029474,46.004375
2023-476,2023-01-31,000001,Vente,212000,20,,RUE DE L EGLISE,0080,01630,01354,Saint-Genis-Pouilly,01,,,01354000AL0033,,,132,,,,,,,,,,1,3,Dépendance,,0,,,,,,6.035673,46.254041
2023-476,2023-01-31,000001,Vente,212000,20,,RUE DE L EGLISE,0080,01630,01354,Saint-Genis-Pouilly,01,,,01354000AL0033,,,31,40.44,,,,,,,,,1,2,Appartement,40,2,,,,,,6.035673,46.254041
2023-476,2023-01-31,000001,Vente,212000,20,,RUE DE L EGLISE,0080,01630,01354,Saint-Genis-Pouilly,01,,,01354000AL0033,,,134,,,,,,,,,,1,3,Dépendance,,0,,,,,,6.035673,46.254041
2023-477,2023-01-31,000001,Vente,270000,409,,RUE MARIUS CADOZ,0562,01170,01173,Gex,01,,,01173000AH0142,,,403,,460,74.58,,,,,,,2,2,Appartement,76,4,,,,,,6.061883,46.330288
2023-477,2023-01-31,000001,Vente,270000,409,,RUE MARIUS CADOZ,0562,01170,01173,Gex,01,,,01173000AH0142,,,433,,,,,,,,,,1,3,Dépendance,,0,,,,,,6.061883,46.330288
2023-477,2023-01-31,000001,Vente,270000,409,,RUE MARIUS CADOZ,0562,01170,01173,Gex,01,,,01173000AH0142,,,403,,460,74.58,,,,,,,2,3,Dépendance,,0,,,,,,6.061883,46.330288
2023-478,2023-01-30,000001,Vente,255000,70,,RUE DE VERSOIX,0175,01210,01160,Ferney-Voltaire,01,,,01160000AM0703,,,77,46.9,,,,,,,,,1,2,Appartement,40,2,,,,,,6.117065,46.259273
2023-478,2023-01-30,000001,Vente,255000,70,,RUE DE VERSOIX,0175,01210,01160,Ferney-Voltaire,01,,,01160000AM0703,,,34,,,,,,,,,,1,3,Dépendance,,0,,,,,,6.117065,46.259273
2023-479,2023-01-12,000001,Vente,337600,66,,RUE BUFFON,0110,01200,01033,Valserhône,01,,,01033000AE0276,,,,,,,,,,,,,0,1,Maison,88,3,S,sols,,,595,5.816468,46.120145
2023-480,2023-01-30,000001,Vente,5184,,,CHAMPS MUNET,B009,01220,01180,Grilly,01,,,01180000AC0002,,,,,,,,,,,,,0,,,,,T,terres,,,2833,6.118512,46.32662
2023-480,2023-01-30,000001,Vente,5184,,,CHAMPS MUNET,B009,01220,01180,Grilly,01,,,01180000AC0003,,,,,,,,,,,,,0,,,,,T,terres,,,2351,6.11903,46.326565
2023-481,2023-01-12,000001,Vente,672925,132,,IMP DES ECREVISSES,1280,01170,01173,Gex,01,,,011730000E0722,,,,,,,,,,,,,0,1,Maison,96,4,S,sols,,,910,6.059878,46.342367
2023-481,2023-01-12,000001,Vente,672925,132,,IMP DES ECREVISSES,1280,01170,01173,Gex,01,,,011730000E0722,,,,,,,,,,,,,0,3,Dépendance,,0,S,sols,,,910,6.059878,46.342367
2023-482,2023-01-30,000001,Vente,6000,,,MOULIN DE VERCEY,B128,01560,01380,Saint-Nizier-le-Bouchoux,01,,,01380000ZD0056,,,,,,,,,,,,,0,,,,,BS,taillis sous futaie,,,1580,5.199341,46.469507
2023-482,2023-01-30,000001,Vente,6000,,,LES VORGES,B204,01560,01380,Saint-Nizier-le-Bouchoux,01,,,01380000ZH0012,,,,,,,,,,,,,0,,,,,BS,taillis sous futaie,,,2620,5.19842,46.469548
2023-483,2023-01-12,000001,Vente,97000,276,,RTE DE POUGNY,0210,01630,01288,Péron,01,,,012880000F2605,,,3,32.01,,,,,,,,,1,2,Appartement,30,1,,,,,,5.920387,46.178716
2023-483,2023-01-12,000001,Vente,97000,276,,RTE DE POUGNY,0210,01630,01288,Péron,01,,,012880000F2605,,,7,,,,,,,,,,1,3,Dépendance,,0,,,,,,5.920387,46.178716
2023-484,2023-01-27,000001,Vente,680000,60,,IMP DES CHARMAIS,0387,01280,01313,Prévessin-Moëns,01,,,01313000AP0116,,,2,156.96,,,,,,,,,1,3,Dépendance,,0,,,,,,6.073967,46.247645
2023-484,2023-01-27,000001,Vente,680000,60,,IMP DES CHARMAIS,0387,01280,01313,Prévessin-Moëns,01,,,01313000AP0116,,,2,156.96,,,,,,,,,1,2,Appartement,94,5,,,,,,6.073967,46.247645
2023-484,2023-01-27,000001,Vente,680000,60,,IMP DES CHARMAIS,0387,01280,01313,Prévessin-Moëns,01,,,01313000AP0116,,,2,156.96,,,,,,,,,1,2,Appartement,98,3,,,,,,6.073967,46.247645
2023-484,2023-01-27,000001,Vente,680000,60,,IMP DES CHARMAIS,0387,01280,01313,Prévessin-Moëns,01,,,01313000AP0116,,,2,156.96,,,,,,,,,1,3,Dépendance,,0,,,,,,6.073967,46.247645
2023-484,2023-01-27,000001,Vente,680000,60,,IMP DES CHARMAIS,0387,01280,01313,Prévessin-Moëns,01,,,01313000AP0116,,,2,156.96,,,,,,,,,1,3,Dépendance,,0,,,,,,6.073967,46.247645
2023-485,2023-01-16,000001,Vente,884700,660,,CHE DU CHATEAU,0104,01480,01021,Ars-sur-Formans,01,,,01021000ZE0109,,,,,,,,,,,,,0,1,Maison,232,7,S,sols,,,1725,4.818254,45.989804
2023-485,2023-01-16,000001,Vente,884700,660,,CHE DU CHATEAU,0104,01480,01021,Ars-sur-Formans,01,,,01021000ZE0109,,,,,,,,,,,,,0,1,Maison,232,7,BS,taillis sous futaie,,,8850,4.818254,45.989804
2023-485,2023-01-16,000001,Vente,884700,660,,CHE DU CHATEAU,0104,01480,01021,Ars-sur-Formans,01,,,01021000ZE0109,,,,,,,,,,,,,0,1,Maison,232,7,AG,terrains d'agrément,,,17350,4.818254,45.989804
2023-486,2023-01-09,000001,Vente,85000,,,LA NITRIERE,B223,01160,01273,Neuville-sur-Ain,01,,,012730000C1761,,,,,,,,,,,,,0,,,,,AB,terrains a bâtir,,,610,5.380398,46.083223
2023-487,2023-01-06,000001,Vente en l'état futur d'achèvement,220000,,,LA COTE,B039,01800,01244,Meximieux,01,,,012440000C2239,,,,,,,,,,,,,0,,,,,P,prés,,,105,5.198845,45.914919
2023-488,2023-01-11,000001,Vente,168900,,,LE SABLON,B072,01360,01224,Loyettes,01,,,012240000A3353,,,,,,,,,,,,,0,,,,,AB,terrains a bâtir,,,566,5.210757,45.774275
2023-489,2023-01-27,000001,Vente,180000,,,LA PIECE,B039,01170,01103,Chevry,01,,,011030000B1735,,,,,,,,,,,,,0,,,,,AB,terrains a bâtir,,,275,6.038997,46.284319
2023-489,2023-01-27,000001,Vente,180000,,,LA PIECE,B039,01170,01103,Chevry,01,,,011030000B1738,,,,,,,,,,,,,0,,,,,AG,terrains d'agrément,,,105,6.038979,46.284256
2023-490,2023-01-25,000001,Vente,380000,,,AV STEPHANE HESSEL,0232,01630,01354,Saint-Genis-Pouilly,01,,,01354000AW0149,,,95,,,,,,,,,,1,3,Dépendance,,0,,,,,,6.033618,46.242238
2023-490,2023-01-25,000001,Vente,380000,97,,AV STEPHANE HESSEL,0232,01630,01354,Saint-Genis-Pouilly,01,,,01354000AW0149,,,250,76.1,,,,,,,,,1,2,Appartement,75,4,,,,,,6.033618,46.242238
2023-491,2023-01-25,000001,Vente,318000,90,,ALL DU SQUARE DE LAUSANNE,0695,01220,01143,Divonne-les-Bains,01,,,01143000AE0507,,,12,,,,,,,,,,1,3,Dépendance,,0,,,,,,6.143467,46.361165
2023-491,2023-01-25,000001,Vente,318000,90,,ALL DU SQUARE DE LAUSANNE,0695,01220,01143,Divonne-les-Bains,01,,,01143000AE0507,,,10,42.62,,,,,,,,,1,2,Appartement,43,2,,,,,,6.143467,46.361165
2023-492,2023-01-30,000001,Vente,387500,249,A,RUE DE LA COTE D'ARBERE,0254,01220,01143,Divonne-les-Bains,01,,,01143000AR0366,,,9,52.32,,,,,,,,,1,2,Appartement,51,2,,,,,,6.131293,46.345074
2023-492,2023-01-30,000001,Vente,387500,249,A,RUE DE LA COTE D'ARBERE,0254,01220,01143,Divonne-les-Bains,01,,,01143000AR0366,,,15,,,,,,,,,,1,3,Dépendance,,0,,,,,,6.131293,46.345074
2023-493,2023-01-27,000001,Vente,360100,138,,RTE DE LA DOUANE,0015,01220,01397,Sauverny,01,,,01397000AC0032,,,117,,,,,,,,,,1,3,Dépendance,,0,,,,,,6.115251,46.314791
2023-493,2023-01-27,000001,Vente,360100,138,,RTE DE LA DOUANE,0015,01220,01397,Sauverny,01,,,01397000AC0032,,,15,77.65,58,,,,,,,,2,3,Dépendance,,0,,,,,,6.115251,46.314791
2023-493,2023-01-27,000001,Vente,360100,138,,RTE DE LA DOUANE,0015,01220,01397,Sauverny,01,,,01397000AC0032,,,118,,,,,,,,,,1,3,Dépendance,,0,,,,,,6.115251,46.314791
2023-493,2023-01-27,000001,Vente,360100,138,,RTE DE LA DOUANE,0015,01220,01397,Sauverny,01,,,01397000AC0032,,,15,77.65,58,,,,,,,,2,2,Appartement,79,3,,,,,,6.115251,46.314791
2023-494,2023-01-05,000001,Vente,800,,,POIL DE CHIEN,B113,01130,01152,Échallon,01,,,011520000A0071,,,,,,,,,,,,,0,,,,,PA,pâtures,,,3379,5.7408,46.255335
2023-495,2023-01-06,000001,Vente,200,,,PAILLETS,B039,01190,01305,Pont-de-Vaux,01,,,013050000A0153,,,,,,,,,,,,,0,,,,,T,terres,,,900,4.936845,46.443428
2023-496,2023-01-06,000001,Vente,6500,,,LE BOURG,B004,01190,01305,Pont-de-Vaux,01,,,01305000AK0147,,,,,,,,,,,,,0,,,,,J,jardins,POTAG,Jardin potager,210,4.938704,46.428474
2023-496,2023-01-06,000001,Vente,6500,,,LE BOURG,B004,01190,01305,Pont-de-Vaux,01,,,01305000AK0148,,,,,,,,,,,,,0,,,,,S,sols,,,157,4.938975,46.4286
2023-497,2023-01-03,000001,Vente,813550,467,,CHE DU CLEZET,0247,01220,01143,Divonne-les-Bains,01,,,01143000AC0031,,,,,,,,,,,,,0,1,Maison,193,6,S,sols,,,1183,6.12848,46.365321
2023-498,2023-01-03,000001,Vente,419000,62,,IMP DU RUISSEAU,0666,01170,01173,Gex,01,,,011730000E1018,,,135,,,,,,,,,,1,3,Dépendance,,0,,,,,,6.061266,46.347269
2023-498,2023-01-03,000001,Vente,419000,62,,IMP DU RUISSEAU,0666,01170,01173,Gex,01,,,011730000E1018,,,49,,,,,,,,,,1,3,Dépendance,,0,,,,,,6.061266,46.347269
2023-498,2023-01-03,000001,Vente,419000,62,,IMP DU RUISSEAU,0666,01170,01173,Gex,01,,,011730000E1018,,,109,83.84,61,,,,,,,,2,2,Appartement,84,4,,,,,,6.061266,46.347269
2023-498,2023-01-03,000001,Vente,419000,62,,IMP DU RUISSEAU,0666,01170,01173,Gex,01,,,011730000E1018,,,109,83.84,61,,,,,,,,2,3,Dépendance,,0,,,,,,6.061266,46.347269
2023-499,2023-01-03,000001,Vente,12000,11,,RUE DU HUIT MAI 1945,0385,01130,01269,Nantua,01,,,01269000AB1010,,,,,,,,,,,,,0,3,Dépendance,,0,S,sols,,,28,5.608035,46.153753
2023-500,2023-01-11,000001,Vente,131000,,,NURIEUX,B133,01460,01267,Nurieux-Volognat,01,,,01267000AH0362,,,,,,,,,,,,,0,,,,,AB,terrains a bâtir,,,400,5.526304,46.182743
2023-500,2023-01-11,000001,Vente,131000,,,NURIEUX,B133,01460,01267,Nurieux-Volognat,01,,,01267000AH0363,,,,,,,,,,,,,0,,,,,AB,terrains a bâtir,,,400,5.526557,46.182689
2023-501,2023-01-19,000001,Vente,66500,,,NURIEUX,B133,01460,01267,Nurieux-Volognat,01,,,01267000AH0361,,,,,,,,,,,,,0,,,,,AB,terrains a bâtir,,,400,5.526082,46.182794
2023-502,2023-01-12,000001,Vente,1300,,,TRABLIER,B193,01460,01267,Nurieux-Volognat,01,,,012670000C0417,,,,,,,,,,,,,0,,,,,PA,pâtures,PATUR,Pâture plantée,4244,5.522539,46.189145
2023-503,2023-01-17,000001,Vente,13500,,,CREUX BATARD,B029,01430,01191,Izenave,01,,,011910000C0096,,,,,,,,,,,,,0,,,,,BR,futaies résineuses,,,2370,5.547369,46.029287
2023-503,2023-01-17,000001,Vente,13500,,,CREUX BATARD,B029,01430,01191,Izenave,01,,,011910000C0099,,,,,,,,,,,,,0,,,,,BR,futaies résineuses,,,1910,5.546744,46.029853
2023-503,2023-01-17,000001,Vente,13500,,,CROSAT DU TREMBLE,B032,01430,01191,Izenave,01,,,011910000C0106,,,,,,,,,,,,,0,,,,,BR,futaies résineuses,,,8112,5.544518,46.028635
2023-504,2023-01-16,000001,Vente,150000,63,,RUE ANATOLE FRANCE,0050,01100,01283,Oyonnax,01,,,01283000AD0598,,,26,92.47,5,,53,,54,,,,4,3,Dépendance,,0,,,,,,5.658368,46.260335
2023-504,2023-01-16,000001,Vente,150000,63,,RUE ANATOLE FRANCE,0050,01100,01283,Oyonnax,01,,,01283000AD0598,,,26,92.47,5,,53,,54,,,,4,3,Dépendance,,0,,,,,,5.658368,46.260335
2023-504,2023-01-16,000001,Vente,150000,63,,RUE ANATOLE FRANCE,0050,01100,01283,Oyonnax,01,,,01283000AD0598,,,26,92.47,5,,53,,54,,,,4,2,Appartement,92,4,,,,,,5.658368,46.260335
2023-504,2023-01-16,000001,Vente,150000,63,,RUE ANATOLE FRANCE,0050,01100,01283,Oyonnax,01,,,01283000AD0598,,,26,92.47,5,,53,,54,,,,4,3,Dépendance,,0,,,,,,5.658368,46.260335
2023-504,2023-01-16,000001,Vente,150000,63,A,RUE ANATOLE FRANCE,0050,01100,01283,Oyonnax,01,,,01283000AD0599,,,3,,,,,,,,,,1,3,Dépendance,,0,,,,,,5.658678,46.260213
2023-505,2023-01-16,000001,Vente,439,,,SAULE LOMBARD,B149,01290,01134,Crottet,01,,,01134000ZH0151,,,,,,,,,,,,,0,,,,,T,terres,,,3659,4.867899,46.280533
2023-506,2023-01-16,000001,Vente,140,,,LES ORMETS,B106,01290,01134,Crottet,01,,,01134000ZK0085,,,,,,,,,,,,,0,,,,,T,terres,,,1124,4.875443,46.286163
2023-507,2023-01-06,000001,Vente,320000,5301,,LA RIPPES,B053,01250,01254,Montagnat,01,,,01254000BD0044,,,,,,,,,,,,,0,1,Maison,120,5,S,sols,,,600,5.27961,46.163926
2023-507,2023-01-06,000001,Vente,320000,5301,,LA RIPPES,B053,01250,01254,Montagnat,01,,,01254000BD0044,,,,,,,,,,,,,0,3,Dépendance,,0,AG,terrains d'agrément,PARC,Parc,1070,5.27961,46.163926
2023-507,2023-01-06,000001,Vente,320000,5301,,LA RIPPES,B053,01250,01254,Montagnat,01,,,01254000BD0044,,,,,,,,,,,,,0,3,Dépendance,,0,AG,terrains d'agrément,PARC,Parc,1070,5.27961,46.163926
2023-507,2023-01-06,000001,Vente,320000,5301,,LA RIPPES,B053,01250,01254,Montagnat,01,,,01254000BD0044,,,,,,,,,,,,,0,1,Maison,120,5,AG,terrains d'agrément,PARC,Parc,1070,5.27961,46.163926
2023-507,2023-01-06,000001,Vente,320000,5301,,LA RIPPES,B053,01250,01254,Montagnat,01,,,01254000BD0044,,,,,,,,,,,,,0,3,Dépendance,,0,S,sols,,,600,5.27961,46.163926
2023-507,2023-01-06,000001,Vente,320000,5301,,LA RIPPES,B053,01250,01254,Montagnat,01,,,01254000BD0044,,,,,,,,,,,,,0,3,Dépendance,,0,S,sols,,,600,5.27961,46.163926
2023-508,2023-01-23,000001,Vente,319000,273,,RUE DES BLES D OR,0503,01000,01344,Saint-Denis-lès-Bourg,01,,,01344000AS0320,,,,,,,,,,,,,0,3,Dépendance,,0,S,sols,,,850,5.19604,46.213128
2023-508,2023-01-23,000001,Vente,319000,273,,RUE DES BLES D OR,0503,01000,01344,Saint-Denis-lès-Bourg,01,,,01344000AS0320,,,,,,,,,,,,,0,1,Maison,116,5,S,sols,,,850,5.19604,46.213128
2023-509,2023-01-23,000001,Vente,328000,11,,RUE DES MYOSOTIS,0270,01000,01344,Saint-Denis-lès-Bourg,01,,,01344000AP0063,,,,,,,,,,,,,0,1,Maison,111,6,S,sols,,,764,5.188527,46.199902
2023-510,2023-01-20,000001,Vente,195000,,,SAINT GERMAIN HAUT,B242,01500,01004,Ambérieu-en-Bugey,01,,,01004000BI0620,,,,,,,,,,,,,0,,,,,T,terres,,,187,5.37317,45.946665
2023-510,2023-01-20,000001,Vente,195000,9040,,RUE DE LA TOUR,0620,01500,01004,Ambérieu-en-Bugey,01,,,01004000BM0520,,,,,,,,,,,,,0,1,Maison,65,2,S,sols,,,91,5.372955,45.946628
2023-511,2023-01-31,000001,Vente,315000,14,,RUE DES SAUGIS,0195,01170,01153,Échenevex,01,,,01153000AO0306,,,208,61.25,,,,,,,,,1,2,Appartement,61,3,,,,,,6.033345,46.309425
2023-511,2023-01-31,000001,Vente,315000,14,,RUE DES SAUGIS,0195,01170,01153,Échenevex,01,,,01153000AO0306,,,334,,,,,,,,,,1,3,Dépendance,,0,,,,,,6.033345,46.309425
2023-511,2023-01-31,000001,Vente,315000,14,,RUE DES SAUGIS,0195,01170,01153,Échenevex,01,,,01153000AO0306,,,315,,,,,,,,,,1,3,Dépendance,,0,,,,,,6.033345,46.309425
2023-512,2023-01-27,000001,Vente,4774.5,,,LA CULEE,B040,01370,01038,Bény,01,,,010380000B0439,,,,,,,,,,,,,0,,,,,T,terres,,,4780,5.29612,46.316845
2023-512,2023-01-27,000001,Vente,4774.5,,,JARBIGNIERES,B120,01370,01350,Saint-Étienne-du-Bois,01,,,013500000A0087,,,,,,,,,,,,,0,,,,,T,terres,,,9960,5.306072,46.301717
2023-512,2023-01-27,000001,Vente,4774.5,,,JARBIGNIERES,B120,01370,01350,Saint-Étienne-du-Bois,01,,,013500000A0088,,,,,,,,,,,,,0,,,,,P,prés,,,6270,5.307183,46.301439
2023-513,2023-01-09,000001,Vente,133000,8,,RUE CREVE COEUR,1030,01000,01053,Bourg-en-Bresse,01,,,01053000AC0144,,,17,,88,52.9,,,,,,,2,2,Appartement,53,3,,,,,,5.224445,46.2086
2023-513,2023-01-09,000001,Vente,133000,8,,RUE CREVE COEUR,1030,01000,01053,Bourg-en-Bresse,01,,,01053000AC0144,,,17,,88,52.9,,,,,,,2,3,Dépendance,,0,,,,,,5.224445,46.2086
2023-513,2023-01-09,000001,Vente,133000,8,,RUE CREVE COEUR,1030,01000,01053,Bourg-en-Bresse,01,,,01053000AC0144,,,17,,88,52.9,,,,,,,2,3,Dépendance,,0,,,,,,5.224445,46.2086
2023-514,2023-01-09,000001,Vente,350000,136,,CHE DE BEZATON,0012,01310,01301,Polliat,01,,,01301000AB0062,,,,,,,,,,,,,0,3,Dépendance,,0,S,sols,,,1000,5.128925,46.250163
2023-514,2023-01-09,000001,Vente,350000,136,,CHE DE BEZATON,0012,01310,01301,Polliat,01,,,01301000AB0062,,,,,,,,,,,,,0,1,Maison,116,4,S,sols,,,1000,5.128925,46.250163
2023-514,2023-01-09,000001,Vente,350000,136,,CHE DE BEZATON,0012,01310,01301,Polliat,01,,,01301000AB0062,,,,,,,,,,,,,0,3,Dépendance,,0,AG,terrains d'agrément,JARD,Jardin d'agrément,764,5.128925,46.250163
2023-514,2023-01-09,000001,Vente,350000,136,,CHE DE BEZATON,0012,01310,01301,Polliat,01,,,01301000AB0062,,,,,,,,,,,,,0,1,Maison,116,4,AG,terrains d'agrément,JARD,Jardin d'agrément,764,5.128925,46.250163
2023-515,2023-01-20,000001,Vente,235000,80,,IMP DES CHARMES,0167,01330,01443,Villars-les-Dombes,01,,,01443000BO0138,,,,,,,,,,,,,0,1,Maison,92,5,S,sols,,,530,5.035695,45.998335
2023-516,2023-01-20,000001,Vente,183981.23,359,F,ALL DES BLES D OR,0229,01310,01065,Buellas,01,,,010650000A1971,,,,,,,,,,,,,0,1,Maison,86,4,AB,terrains a bâtir,,,263,5.142407,46.210497
2023-517,2023-01-31,000001,Vente,6000,,,SUR LES CHAMPS,B018,01590,01148,Dortan,01,,,011480000G0436,,,,,,,,,,,,,0,,,,,P,prés,,,883,5.619476,46.326062
2023-517,2023-01-31,000001,Vente,6000,,,SUR LES CHAMPS,B018,01590,01148,Dortan,01,,,011480000G0541,,,,,,,,,,,,,0,,,,,P,prés,,,1455,5.619596,46.326869
2023-517,2023-01-31,000001,Vente,6000,,,SUR LES CHAMPS,B018,01590,01148,Dortan,01,,,011480000G0548,,,,,,,,,,,,,0,,,,,P,prés,,,935,5.619823,46.326507
2023-518,2023-01-09,000001,Vente,1200,,,LE DEAULX,B032,01140,01252,Mogneneins,01,,,01252000ZB0015,,,,,,,,,,,,,0,,,,,T,terres,,,4370,4.810675,46.157071
2023-519,2023-01-09,000001,Vente,10000,,,EN MERDELON,B045,01140,01351,Saint-Étienne-sur-Chalaronne,01,,,01351000ZC0007,,,,,,,,,,,,,0,,,,,T,terres,,,4640,4.839347,46.143993
2023-519,2023-01-09,000001,Vente,10000,,,EN MERDELON,B045,01140,01351,Saint-Étienne-sur-Chalaronne,01,,,01351000ZC0008,,,,,,,,,,,,,0,,,,,T,terres,,,1381,4.84024,46.144697
2023-519,2023-01-09,000001,Vente,10000,,,EN MERDELON,B045,01140,01351,Saint-Étienne-sur-Chalaronne,01,,,01351000ZC0008,,,,,,,,,,,,,0,,,,,P,prés,,,3835,4.84024,46.144697
2023-519,2023-01-09,000001,Vente,10000,,,EN MERDELON,B045,01140,01351,Saint-Étienne-sur-Chalaronne,01,,,01351000ZC0008,,,,,,,,,,,,,0,,,,,BO,oseraies,,,934,4.84024,46.144697
2023-519,2023-01-09,000001,Vente,10000,,,EN MERDELON,B045,01140,01351,Saint-Étienne-sur-Chalaronne,01,,,01351000ZC0009,,,,,,,,,,,,,0,,,,,BO,oseraies,,,509,4.840043,46.14433
2023-519,2023-01-09,000001,Vente,10000,,,EN MERDELON,B045,01140,01351,Saint-Étienne-sur-Chalaronne,01,,,01351000ZC0009,,,,,,,,,,,,,0,,,,,P,prés,,,2219,4.840043,46.14433
2023-519,2023-01-09,000001,Vente,10000,,,EN MERDELON,B045,01140,01351,Saint-Étienne-sur-Chalaronne,01,,,01351000ZC0009,,,,,,,,,,,,,0,,,,,T,terres,,,1072,4.840043,46.14433
2023-519,2023-01-09,000001,Vente,10000,,,EN MERDELON,B045,01140,01351,Saint-Étienne-sur-Chalaronne,01,,,01351000ZC0010,,,,,,,,,,,,,0,,,,,BO,oseraies,,,1119,4.840015,46.14365
2023-519,2023-01-09,000001,Vente,10000,,,EN MERDELON,B045,01140,01351,Saint-Étienne-sur-Chalaronne,01,,,01351000ZC0010,,,,,,,,,,,,,0,,,,,P,prés,,,5676,4.840015,46.14365
2023-519,2023-01-09,000001,Vente,10000,,,EN MERDELON,B045,01140,01351,Saint-Étienne-sur-Chalaronne,01,,,01351000ZC0010,,,,,,,,,,,,,0,,,,,T,terres,,,5405,4.840015,46.14365
2023-519,2023-01-09,000001,Vente,10000,,,EN MERDELON,B045,01140,01351,Saint-Étienne-sur-Chalaronne,01,,,01351000ZC0011,,,,,,,,,,,,,0,,,,,BS,taillis sous futaie,,,3090,4.841252,46.144823
2023-520,2023-01-19,000001,Vente,1943.6,,,CHANCLE,B028,01200,01114,Confort,01,,,011140000A0180,,,,,,,,,,,,,0,,,,,P,prés,,,1850,5.810864,46.154533
2023-520,2023-01-19,000001,Vente,1943.6,,,BOIS DE PIERRE A PUZE,B006,01200,01114,Confort,01,,,011140000C0233,,,,,,,,,,,,,0,,,,,BT,taillis simples,,,1830,5.808616,46.150618
2023-520,2023-01-19,000001,Vente,1943.6,,,LES ROCHERS JACQUIS,B106,01200,01114,Confort,01,,,011140000C0242,,,,,,,,,,,,,0,,,,,BT,taillis simples,,,5113,5.807443,46.149528
2023-521,2023-01-23,000001,Vente,258000,14,,CLOS DES CHAMPS,0088,01380,01343,Saint-Cyr-sur-Menthon,01,,,01343000ZS0443,,,,,,,,,,,,,0,1,Maison,84,4,S,sols,,,586,4.9563,46.271862
2023-521,2023-01-23,000001,Vente,258000,,,LE PELOU,B069,01380,01343,Saint-Cyr-sur-Menthon,01,,,01343000ZS0449,,,,,,,,,,,,,0,,,,,AB,terrains a bâtir,,,384,4.956007,46.271962
2023-522,2023-01-20,000001,Vente,300000,56,,LOT BEL HORIZON,A010,01400,01093,Châtillon-sur-Chalaronne,01,,,010930000A0342,,,,,,,,,,,,,0,1,Maison,88,5,S,sols,,,869,4.950156,46.117194
2023-523,2023-01-24,000001,Vente,264000,3,,AV DU BIJOU,0020,01210,01160,Ferney-Voltaire,01,,,01160000AI0495,,,212,,213,,214,68.32,,,,,3,2,Appartement,71,3,,,,,,6.10891,46.25858
2023-524,2023-01-12,000001,Vente en l'état futur d'achèvement,199969,,,VILLARD TACON,B031,01210,01281,Ornex,01,,,01281000AD0111,,,83,,,,,,,,,,1,,,,,,,,,,6.084533,46.282837
2023-524,2023-01-12,000001,Vente en l'état futur d'achèvement,199969,,,VILLARD TACON,B031,01210,01281,Ornex,01,,,01281000AD0111,,,39,,,,,,,,,,1,,,,,,,,,,6.084533,46.282837
2023-525,2023-01-12,000001,Vente en l'état futur d'achèvement,246938,,,VILLARD TACON,B031,01210,01281,Ornex,01,,,01281000AD0111,,,84,,,,,,,,,,1,,,,,,,,,,6.084533,46.282837
2023-525,2023-01-12,000001,Vente en l'état futur d'achèvement,246938,,,VILLARD TACON,B031,01210,01281,Ornex,01,,,01281000AD0111,,,38,,,,,,,,,,1,,,,,,,,,,6.084533,46.282837
2023-526,2023-01-06,000001,Vente,73900,,,NURIEUX,B133,01460,01267,Nurieux-Volognat,01,,,01267000AH0364,,,,,,,,,,,,,0,,,,,AB,terrains a bâtir,,,500,5.526443,46.18243
2023-527,2023-01-19,000001,Vente,349000,92,,RTE DE TREVOUX,0190,01330,01207,Lapeyrouse,01,,,012070000A0159,,,,,,,,,,,,,0,1,Maison,147,4,S,sols,,,320,4.974302,45.982264
2023-527,2023-01-19,000001,Vente,349000,,,VILLAGE,B044,01330,01207,Lapeyrouse,01,,,012070000A0160,,,,,,,,,,,,,0,,,,,J,jardins,,,530,4.974081,45.982111
2023-528,2023-01-13,000001,Vente,137500,5115,,HAMEAU DU CREUX OUEST,B149,01750,01320,Replonges,01,,,01320000AD0257,,,,,,,,,,,,,0,1,Maison,72,3,S,sols,,,149,4.87244,46.310086
2023-529,2023-01-17,000001,Vente en l'état futur d'achèvement,131655,70,,RUE DE LOEZE,2324,01000,01053,Bourg-en-Bresse,01,,,01053000CK0173,,,58,,,,,,,,,,1,,,,,,,,,,5.249426,46.202879
2023-530,2023-01-19,000001,Vente en l'état futur d'achèvement,155964,,,AV DE CHATEAU LARRON,0210,01300,01034,Belley,01,,,01034000AL0507,,,124,,,,,,,,,,1,,,,,,,,,,5.685944,45.76265
2023-530,2023-01-19,000001,Vente en l'état futur d'achèvement,155964,,,AV DE CHATEAU LARRON,0210,01300,01034,Belley,01,,,01034000AL0507,,,40,,,,,,,,,,1,,,,,,,,,,5.685944,45.76265
2023-531,2023-01-20,000001,Vente en l'état futur d'achèvement,191203,,,AV DE CHATEAU LARRON,0210,01300,01034,Belley,01,,,01034000AL0507,,,154,,,,,,,,,,1,,,,,,,,,,5.685944,45.76265
2023-531,2023-01-20,000001,Vente en l'état futur d'achèvement,191203,,,AV DE CHATEAU LARRON,0210,01300,01034,Belley,01,,,01034000AL0507,,,107,,,,,,,,,,1,,,,,,,,,,5.685944,45.76265
2023-532,2023-01-09,000001,Vente,160000,,,LA MALADIERE,B055,01120,01049,La Boisse,01,,,01049000AE0834,,,,,,,,,,,,,0,,,,,AB,terrains a bâtir,,,76,5.043841,45.848817
2023-532,2023-01-09,000001,Vente,160000,,,LA MALADIERE,B055,01120,01049,La Boisse,01,,,01049000AE0841,,,,,,,,,,,,,0,,,,,AB,terrains a bâtir,,,159,5.04382,45.848763
2023-533,2023-01-05,000001,Vente,200000,97,,CHE DES BRETANDIERES,0027,01440,01451,Viriat,01,,,01451000AA0200,,,,,,,,,,,,,0,1,Maison,102,4,S,sols,,,700,5.21196,46.269443
2023-534,2023-01-05,000001,Vente,3500,,,LE MUR,B070,01700,01043,Beynost,01,,,01043000AL0881,,,,,,,,,,,,,0,,,,,S,sols,,,12,4.987379,45.832019
2023-535,2023-01-17,000001,Vente,261000,629,,RTE DE LA FONTAINE DE FER,0100,01290,01365,Saint-Jean-sur-Veyle,01,,,013650000A0289,,,,,,,,,,,,,0,1,Maison,91,3,S,sols,,,2520,4.911434,46.266912
2023-535,2023-01-17,000001,Vente,261000,629,,RTE DE LA FONTAINE DE FER,0100,01290,01365,Saint-Jean-sur-Veyle,01,,,013650000A0289,,,,,,,,,,,,,0,3,Dépendance,,0,S,sols,,,2520,4.911434,46.266912
2023-535,2023-01-17,000001,Vente,261000,629,,RTE DE LA FONTAINE DE FER,0100,01290,01365,Saint-Jean-sur-Veyle,01,,,013650000A0289,,,,,,,,,,,,,0,1,Maison,38,2,S,sols,,,2520,4.911434,46.266912
2023-535,2023-01-17,000001,Vente,261000,,,LA FONTAINE DE FER,B022,01290,01365,Saint-Jean-sur-Veyle,01,,,013650000A0968,,,,,,,,,,,,,0,,,,,T,terres,,,1049,4.910824,46.266946
2023-535,2023-01-17,000001,Vente,261000,,,LA FONTAINE DE FER,B022,01290,01365,Saint-Jean-sur-Veyle,01,,,013650000A0970,,,,,,,,,,,,,0,,,,,T,terres,,,547,4.910581,46.266994
2023-536,2023-01-20,000001,Vente,62000,,,LA LIE BOUTEUSE,B168,01750,01320,Replonges,01,,,01320000AN0373,,,,,,,,,,,,,0,,,,,AB,terrains a bâtir,,,744,4.884328,46.300171
2023-537,2023-01-30,000001,Vente,220000,119,,MTE DES FONTAINES,0077,01090,01169,Genouilleux,01,,,011690000B1090,,,,,,,,,,,,,0,1,Maison,170,7,S,sols,,,786,4.788553,46.119527
2023-537,2023-01-30,000001,Vente,220000,119,,MTE DES FONTAINES,0077,01090,01169,Genouilleux,01,,,011690000B1090,,,,,,,,,,,,,0,3,Dépendance,,0,S,sols,,,786,4.788553,46.119527
2023-537,2023-01-30,000001,Vente,220000,119,,MTE DES FONTAINES,0077,01090,01169,Genouilleux,01,,,011690000B1090,,,,,,,,,,,,,0,3,Dépendance,,0,S,sols,,,786,4.788553,46.119527
2023-537,2023-01-30,000001,Vente,220000,,,CHATEAU GAILLARD,B005,01090,01169,Genouilleux,01,,,011690000B1091,,,,,,,,,,,,,0,,,,,S,sols,,,29,4.78836,46.119469
2023-538,2023-01-17,000002,Vente,106000,13,,RUE DES VOITURONS,1530,01100,01283,Oyonnax,01,,,01283000AD0354,,,659,,,,,,,,,,1,3,Dépendance,,0,,,,,,5.664003,46.259752
2023-538,2023-01-17,000002,Vente,106000,13,,RUE DES VOITURONS,1530,01100,01283,Oyonnax,01,,,01283000AD0354,,,660,,,,,,,,,,1,3,Dépendance,,0,,,,,,5.664003,46.259752
2023-538,2023-01-17,000002,Vente,106000,13,,RUE DES VOITURONS,1530,01100,01283,Oyonnax,01,,,01283000AD0354,,,165,26.74,166,41.14,167,,,,,,3,2,Appartement,28,2,,,,,,5.664003,46.259752
2023-538,2023-01-17,000002,Vente,106000,13,,RUE DES VOITURONS,1530,01100,01283,Oyonnax,01,,,01283000AD0354,,,165,26.74,166,41.14,167,,,,,,3,2,Appartement,44,2,,,,,,5.664003,46.259752
2023-538,2023-01-17,000002,Vente,106000,13,,RUE DES VOITURONS,1530,01100,01283,Oyonnax,01,,,01283000AD0354,,,161,,162,,163,,,,,,3,3,Dépendance,,0,,,,,,5.664003,46.259752
2023-539,2023-01-25,000001,Vente,249000,198,,RUE MONTPENSIER,0390,01990,01389,Saint-Trivier-sur-Moignans,01,,,013890000C0189,,,,,,,,,,,,,0,3,Dépendance,,0,S,sols,,,161,4.897643,46.070945
2023-539,2023-01-25,000001,Vente,249000,198,,RUE MONTPENSIER,0390,01990,01389,Saint-Trivier-sur-Moignans,01,,,013890000C0189,,,,,,,,,,,,,0,1,Maison,100,4,S,sols,,,161,4.897643,46.070945
2023-540,2023-01-11,000001,Vente,295000,,,PRE DE LA CROIX,B044,01600,01285,Parcieux,01,,,01285000AK0061,,,,,,,,,,,,,0,,,,,S,sols,,,222,4.822352,45.91695
2023-540,2023-01-11,000001,Vente,295000,5216,,RUE COMTE DE CHATEAUBRIAND,0045,01600,01285,Parcieux,01,,,01285000AK0129,,,,,,,,,,,,,0,1,Maison,91,4,S,sols,,,667,4.822903,45.917129
2023-541,2023-02-01,000001,Vente,4460,,,EN LES PLATIERES,B180,01190,01094,Chavannes-sur-Reyssouze,01,,,010940000B0060,,,,,,,,,,,,,0,,,,,T,terres,,,3329,5.011473,46.442121
2023-541,2023-02-01,000001,Vente,4460,,,EN LES PLATIERES,B180,01190,01094,Chavannes-sur-Reyssouze,01,,,010940000B0064,,,,,,,,,,,,,0,,,,,T,terres,,,3769,5.010014,46.442526
2023-541,2023-02-01,000001,Vente,4460,,,LE VERNAY,B262,01190,01094,Chavannes-sur-Reyssouze,01,,,010940000B0079,,,,,,,,,,,,,0,,,,,VI,vignes,,,191,5.008001,46.440735
2023-541,2023-02-01,000001,Vente,4460,,,L ACQUISE,B001,01190,01094,Chavannes-sur-Reyssouze,01,,,010940000B0139,,,,,,,,,,,,,0,,,,,T,terres,,,3435,5.009727,46.440957
2023-541,2023-02-01,000001,Vente,4460,,,L ACQUISE,B001,01190,01094,Chavannes-sur-Reyssouze,01,,,010940000B0140,,,,,,,,,,,,,0,,,,,T,terres,,,8492,5.009652,46.441454
2023-541,2023-02-01,000001,Vente,4460,,,LES PLATIERES,B181,01190,01094,Chavannes-sur-Reyssouze,01,,,010940000B0388,,,,,,,,,,,,,0,,,,,P,prés,,,5559,5.002341,46.437864
2023-542,2023-02-01,000001,Vente,2900,,,RIPPES DES RONGES,B130,01560,01388,Saint-Trivier-de-Courtes,01,,,013880000A0163,,,,,,,,,,,,,0,,,,,T,terres,,,14490,5.043419,46.470115
2023-543,2023-01-31,000001,Vente,50000,,,ETANG PENET,B033,01560,01128,Courtes,01,,,01128000WA0075,,,,,,,,,,,,,0,,,,,P,prés,,,7568,5.105269,46.467024
2023-544,2023-01-04,000001,Vente en l'état futur d'achèvement,259000,2,,RUE JULES GUERIN,2125,01000,01053,Bourg-en-Bresse,01,,,01053000BD0360,,,18,,,,,,,,,,1,2,Appartement,81,3,,,,,,5.236786,46.203884
2023-544,2023-01-04,000001,Vente en l'état futur d'achèvement,259000,2,,RUE JULES GUERIN,2125,01000,01053,Bourg-en-Bresse,01,,,01053000BD0360,,,2,,,,,,,,,,1,3,Dépendance,,0,,,,,,5.236786,46.203884
2023-545,2023-01-26,000001,Vente en l'état futur d'achèvement,488500,,,SAINT GENIS,B052,01630,01354,Saint-Genis-Pouilly,01,,,01354000BC0198,,,147,,,,,,,,,,1,,,,,,,,,,6.02512,46.242772
2023-545,2023-01-26,000001,Vente en l'état futur d'achèvement,488500,,,SAINT GENIS,B052,01630,01354,Saint-Genis-Pouilly,01,,,01354000BC0198,,,171,,,,,,,,,,1,,,,,,,,,,6.02512,46.242772
2023-546,2023-02-01,000001,Vente,30000,,,ETANG FOISSIAT,B058,01560,01388,Saint-Trivier-de-Courtes,01,,,013880000D0472,,,,,,,,,,,,,0,,,,,P,prés,,,30270,5.071045,46.448947
2023-546,2023-02-01,000001,Vente,30000,,,FARNAZ,B061,01560,01388,Saint-Trivier-de-Courtes,01,,,013880000D0587,,,,,,,,,,,,,0,,,,,T,terres,,,52270,5.058235,46.454133
2023-546,2023-02-01,000001,Vente,30000,,,MOLARDOURY,B094,01560,01388,Saint-Trivier-de-Courtes,01,,,013880000D1118,,,,,,,,,,,,,0,,,,,P,prés,,,47165,5.062439,46.454706
2023-547,2023-01-20,000001,Vente,545000,913,,CHE DES VERMOTS,0750,01330,01005,Ambérieux-en-Dombes,01,,,01005000ZC0051,,,,,,,,,,,,,0,3,Dépendance,,0,S,sols,,,1000,4.921008,46.0019
2023-547,2023-01-20,000001,Vente,545000,913,,CHE DES VERMOTS,0750,01330,01005,Ambérieux-en-Dombes,01,,,01005000ZC0051,,,,,,,,,,,,,0,1,Maison,137,6,S,sols,,,1000,4.921008,46.0019
2023-547,2023-01-20,000001,Vente,545000,913,,CHE DES VERMOTS,0750,01330,01005,Ambérieux-en-Dombes,01,,,01005000ZC0051,,,,,,,,,,,,,0,4,Local industriel. commercial ou assimilé,20,0,AG,terrains d'agrément,,,3100,4.921008,46.0019
2023-547,2023-01-20,000001,Vente,545000,913,,CHE DES VERMOTS,0750,01330,01005,Ambérieux-en-Dombes,01,,,01005000ZC0051,,,,,,,,,,,,,0,1,Maison,137,6,AG,terrains d'agrément,,,3100,4.921008,46.0019
2023-547,2023-01-20,000001,Vente,545000,913,,CHE DES VERMOTS,0750,01330,01005,Ambérieux-en-Dombes,01,,,01005000ZC0051,,,,,,,,,,,,,0,3,Dépendance,,0,AG,terrains d'agrément,,,3100,4.921008,46.0019
2023-547,2023-01-20,000001,Vente,545000,913,,CHE DES VERMOTS,0750,01330,01005,Ambérieux-en-Dombes,01,,,01005000ZC0051,,,,,,,,,,,,,0,4,Local industriel. commercial ou assimilé,20,0,S,sols,,,1000,4.921008,46.0019
2023-547,2023-01-20,000001,Vente,545000,,,AUX VERMOTS,B092,01330,01005,Ambérieux-en-Dombes,01,,,01005000ZC0121,,,,,,,,,,,,,0,,,,,P,prés,,,7156,4.920017,46.00188
2023-548,2023-01-13,000001,Vente,210000,96,,RTE DU BUGEY,0080,01330,01005,Ambérieux-en-Dombes,01,,,01005000AB0147,,,,,,,,,,,,,0,4,Local industriel. commercial ou assimilé,400,0,S,sols,,,873,4.903712,45.998521
2023-548,2023-01-13,000001,Vente,210000,96,,RTE DU BUGEY,0080,01330,01005,Ambérieux-en-Dombes,01,,,01005000AB0147,,,,,,,,,,,,,0,4,Local industriel. commercial ou assimilé,170,0,S,sols,,,873,4.903712,45.998521
2023-548,2023-01-13,000001,Vente,210000,96,,RTE DU BUGEY,0080,01330,01005,Ambérieux-en-Dombes,01,,,01005000AB0147,,,,,,,,,,,,,0,4,Local industriel. commercial ou assimilé,510,0,S,sols,,,873,4.903712,45.998521
2023-548,2023-01-13,000001,Vente,210000,96,,RTE DU BUGEY,0080,01330,01005,Ambérieux-en-Dombes,01,,,01005000AB0147,,,,,,,,,,,,,0,4,Local industriel. commercial ou assimilé,771,0,S,sols,,,873,4.903712,45.998521
2023-549,2023-01-26,000001,Vente,103000,267,,IMP DU CLOS DU PRE,0122,01110,01185,Plateau d'Hauteville,01,,,011850000A1018,,,,,,,,,,,,,0,1,Maison,86,4,S,sols,,,355,5.606028,45.975181
2023-550,2023-01-27,000001,Vente,204,,,LE CHOSSET,B044,01270,01391,Salavre,01,,,013910000C0174,,,,,,,,,,,,,0,,,,,BT,taillis simples,,,900,5.353471,46.368609
2023-550,2023-01-27,000001,Vente,204,,,COTE CALAUD,B062,01270,01391,Salavre,01,,,013910000D0690,,,,,,,,,,,,,0,,,,,BT,taillis simples,,,282,5.363259,46.360476
2023-550,2023-01-27,000001,Vente,204,,,COTE CALAUD,B062,01270,01391,Salavre,01,,,013910000D0699,,,,,,,,,,,,,0,,,,,BT,taillis simples,,,231,5.363191,46.360268
2023-550,2023-01-27,000001,Vente,204,,,CHAMP VERDET,B031,01270,01391,Salavre,01,,,01391000ZD0138,,,,,,,,,,,,,0,,,,,BT,taillis simples,,,620,5.367681,46.352965
2023-551,2023-01-09,000001,Vente,86000,20,,AV ALPHONSE BAUDIN,0170,01000,01053,Bourg-en-Bresse,01,,,01053000AM0020,,,20,,,,,,,,,,1,3,Dépendance,,0,,,,,,5.217361,46.200627
2023-551,2023-01-09,000001,Vente,86000,20,,AV ALPHONSE BAUDIN,0170,01000,01053,Bourg-en-Bresse,01,,,01053000AM0020,,,2,68.8,,,,,,,,,1,4,Local industriel. commercial ou assimilé,114,0,,,,,,5.217361,46.200627
2023-552,2023-01-03,000001,Vente,167953.19,375,,RUE PROSPER CONVERT,0195,01440,01451,Viriat,01,,,01451000AD0040,,,17,63.94,,,,,,,,,1,2,Appartement,64,2,,,,,,5.214989,46.254232
2023-552,2023-01-03,000001,Vente,167953.19,375,,RUE PROSPER CONVERT,0195,01440,01451,Viriat,01,,,01451000AD0040,,,37,,,,,,,,,,1,3,Dépendance,,0,,,,,,5.214989,46.254232
2023-553,2023-01-03,000001,Vente,227538.05,375,,RUE PROSPER CONVERT,0195,01440,01451,Viriat,01,,,01451000AD0040,,,25,,,,,,,,,,1,3,Dépendance,,0,,,,,,5.214989,46.254232
2023-553,2023-01-03,000001,Vente,227538.05,375,,RUE PROSPER CONVERT,0195,01440,01451,Viriat,01,,,01451000AD0040,,,19,83.66,,,,,,,,,1,2,Appartement,84,4,,,,,,5.214989,46.254232
2023-554,2023-01-12,000001,Vente,100000,6,,RUE CHARLES PEGUY,0810,01000,01053,Bourg-en-Bresse,01,,,01053000BM0089,,,45,,,,,,,,,,1,3,Dépendance,,0,,,,,,5.228604,46.213344
2023-554,2023-01-12,000001,Vente,100000,5,,RUE EMILE BONNET,1370,01000,01053,Bourg-en-Bresse,01,,,01053000BM0109,,,112,97.61,95,,,,,,,,2,2,Appartement,95,5,,,,,,5.228652,46.213258
2023-554,2023-01-12,000001,Vente,100000,5,,RUE EMILE BONNET,1370,01000,01053,Bourg-en-Bresse,01,,,01053000BM0109,,,112,97.61,95,,,,,,,,2,3,Dépendance,,0,,,,,,5.228652,46.213258
2023-555,2023-01-13,000001,Vente,150000,7,B,RUE CHARLES GUILLON,0790,01000,01053,Bourg-en-Bresse,01,,,01053000AZ0009,,,13,,,,,,,,,,1,3,Dépendance,,0,,,,,,5.231176,46.201284
2023-555,2023-01-13,000001,Vente,150000,7,B,RUE CHARLES GUILLON,0790,01000,01053,Bourg-en-Bresse,01,,,01053000AZ0009,,,2,,8,71,,,,,,,2,2,Appartement,73,2,,,,,,5.231176,46.201284
2023-555,2023-01-13,000001,Vente,150000,7,B,RUE CHARLES GUILLON,0790,01000,01053,Bourg-en-Bresse,01,,,01053000AZ0009,,,2,,8,71,,,,,,,2,3,Dépendance,,0,,,,,,5.231176,46.201284
2023-556,2023-01-11,000001,Vente,2200,,,SOUS LE MONT,B213,01160,01151,Druillat,01,,,011510000V0051,,,,,,,,,,,,,0,,,,,BT,taillis simples,,,1454,5.334683,46.076761
2023-556,2023-01-11,000001,Vente,2200,,,SOUS LE MONT,B213,01160,01151,Druillat,01,,,011510000V0051,,,,,,,,,,,,,0,,,,,T,terres,,,3687,5.334683,46.076761
2023-557,2023-01-11,000001,Vente,334550.3,74,,IMP DE LA BARRIERE,0900,01330,01005,Ambérieux-en-Dombes,01,,,01005000AB0141,,,,,,,,,,,,,0,1,Maison,127,4,S,sols,,,255,4.902976,45.999041
2023-557,2023-01-11,000001,Vente,334550.3,,,LE BOURG,B015,01330,01005,Ambérieux-en-Dombes,01,,,01005000AB0143,,,,,,,,,,,,,0,,,,,S,sols,,,54,4.903343,45.998967
2023-558,2023-01-30,000001,Vente,1000,,,COMBE AUX OURS,B024,01100,01011,Apremont,01,,,010110000A0453,,,,,,,,,,,,,0,,,,,L,landes,,,4074,5.642029,46.215563
2023-558,2023-01-30,000001,Vente,1000,,,COMBE AUX OURS,B024,01100,01011,Apremont,01,,,010110000A0458,,,,,,,,,,,,,0,,,,,BM,futaies mixtes,,,737,5.641778,46.215001
2023-559,2023-01-17,000001,Vente,480000,,,LE FERRIER,B035,01700,01043,Beynost,01,,,01043000AE0560,,,,,,,,,,,,,0,,,,,S,sols,,,201,5.007443,45.841373
2023-559,2023-01-17,000001,Vente,480000,91,B,MTE DE ST GERMAIN,1150,01700,01043,Beynost,01,,,01043000AE0562,,,,,,,,,,,,,0,1,Maison,105,5,S,sols,,,336,5.007394,45.841286
2023-560,2023-01-25,000001,Vente,119000,,,LE VILLAGE,B179,01990,01389,Saint-Trivier-sur-Moignans,01,,,013890000C1354,,,,,,,,,,,,,0,,,,,J,jardins,,,91,4.89591,46.068816
2023-560,2023-01-25,000001,Vente,119000,,,LE VILLAGE,B179,01990,01389,Saint-Trivier-sur-Moignans,01,,,013890000C1357,,,,,,,,,,,,,0,,,,,S,sols,,,4,4.896143,46.068763
2023-560,2023-01-25,000001,Vente,119000,,,LE VILLAGE,B179,01990,01389,Saint-Trivier-sur-Moignans,01,,,013890000C1358,,,,,,,,,,,,,0,,,,,AG,terrains d'agrément,,,268,4.896055,46.068765
2023-561,2023-02-02,000001,Vente,80000,5244,,LE BOURG,B028,01560,01364,Saint-Jean-sur-Reyssouze,01,,,013640000B0568,,,,,,,,,,,,,0,4,Local industriel. commercial ou assimilé,300,0,S,sols,,,192,5.062205,46.396679
2023-561,2023-02-02,000001,Vente,80000,5244,,LE BOURG,B028,01560,01364,Saint-Jean-sur-Reyssouze,01,,,013640000B0568,,,,,,,,,,,,,0,1,Maison,88,3,S,sols,,,192,5.062205,46.396679
2023-562,2023-01-30,000001,Vente,128000,67,,RUE RONCHAUD,0040,01230,01416,Tenay,01,,,01416000AE0063,,,,,,,,,,,,,0,1,Maison,127,5,S,sols,,,58,5.509143,45.920586
2023-563,2023-01-26,000001,Vente,112200,7,,RUE DES MARRONNIERS,2610,01000,01053,Bourg-en-Bresse,01,,,01053000AD0739,,,89,27.47,,,,,,,,,1,2,Appartement,28,1,,,,,,5.221309,46.205203
2023-563,2023-01-26,000001,Vente,112200,7,,RUE DES MARRONNIERS,2610,01000,01053,Bourg-en-Bresse,01,,,01053000AD0739,,,157,,,,,,,,,,1,3,Dépendance,,0,,,,,,5.221309,46.205203
2023-564,2023-01-30,000001,Vente,87500,10,,RUE DU CHATEAU,0032,01340,01266,Montrevel-en-Bresse,01,,,01266000AC0061,,,3,46.87,,,,,,,,,1,2,Appartement,45,2,,,,,,5.129029,46.337281
2023-565,2023-01-27,000001,Vente,260000,165,,L ENCLOS DE BIZET,B047,01400,01093,Châtillon-sur-Chalaronne,01,,,010930000C1701,,,,,,,,,,,,,0,1,Maison,75,3,S,sols,,,799,4.961292,46.119744
2023-566,2023-01-26,000001,Vente,105000,,,BEAUSEJOUR,B001,01200,01033,Valserhône,01,,,01033000AI0044,,,,,,,,,,,,,0,,,,,J,jardins,,,122,5.819566,46.107887
2023-566,2023-01-26,000001,Vente,105000,9,,RUE DE BEAUSEJOUR,0070,01200,01033,Valserhône,01,,,01033000AI0315,,,15,,26,,8,63.4,,,,,3,3,Dépendance,,0,,,,,,5.820059,46.107633
2023-566,2023-01-26,000001,Vente,105000,9,,RUE DE BEAUSEJOUR,0070,01200,01033,Valserhône,01,,,01033000AI0315,,,15,,26,,8,63.4,,,,,3,3,Dépendance,,0,,,,,,5.820059,46.107633
2023-566,2023-01-26,000001,Vente,105000,9,,RUE DE BEAUSEJOUR,0070,01200,01033,Valserhône,01,,,01033000AI0315,,,15,,26,,8,63.4,,,,,3,2,Appartement,64,3,,,,,,5.820059,46.107633
2023-567,2023-01-26,000001,Vente,160000,53,,RUE JEAN MARIE DELORME,0250,01400,01093,Châtillon-sur-Chalaronne,01,,,010930000C1322,,,5,52.92,,,,,,,,,1,2,Appartement,60,2,,,,,,4.957344,46.120993
2023-568,2023-01-26,000001,Vente,379000,,,CURNILLON,B024,01540,01368,Saint-Julien-sur-Veyle,01,,,01368000ZC0293,,,,,,,,,,,,,0,,,,,S,sols,,,9,4.960676,46.210318
2023-568,2023-01-26,000001,Vente,379000,620,,RTE DES VILLIERS,0600,01540,01368,Saint-Julien-sur-Veyle,01,,,01368000ZC0294,,,,,,,,,,,,,0,1,Maison,138,4,S,sols,,,500,4.960835,46.210206
2023-568,2023-01-26,000001,Vente,379000,620,,RTE DES VILLIERS,0600,01540,01368,Saint-Julien-sur-Veyle,01,,,01368000ZC0294,,,,,,,,,,,,,0,1,Maison,138,4,P,prés,,,793,4.960835,46.210206
2023-568,2023-01-26,000001,Vente,379000,,,CURNILLON,B024,01540,01368,Saint-Julien-sur-Veyle,01,,,01368000ZC0297,,,,,,,,,,,,,0,,,,,P,prés,,,542,4.960922,46.21005
2023-569,2023-01-04,000001,Vente,212000,34,,IMP DES CAMPAGNOLS,1150,01170,01173,Gex,01,,,01173000AP0007,,,717,,737,,,,,,,,2,2,Appartement,77,3,,,,,,6.047194,46.323864
2023-569,2023-01-04,000001,Vente,212000,9001,,RUE DES VERTES CAMPAGNES,0755,01170,01173,Gex,01,,,01173000AP0007,,,1086,,,,,,,,,,1,3,Dépendance,,0,,,,,,6.047194,46.323864
2023-569,2023-01-04,000001,Vente,212000,34,,IMP DES CAMPAGNOLS,1150,01170,01173,Gex,01,,,01173000AP0007,,,717,,737,,,,,,,,2,3,Dépendance,,0,,,,,,6.047194,46.323864
2023-570,2023-01-05,000001,Vente,163294.8,131,,IMP DU MANDEMENT,0058,01280,01313,Prévessin-Moëns,01,,,01313000AW0031,,,102,33.71,169,,229,,,,,,3,4,Local industriel. commercial ou assimilé,34,0,,,,,,6.067248,46.253532
2023-571,2023-01-06,000001,Vente,565000,294,,RTE DE LA MAIRIE,0040,01220,01397,Sauverny,01,,,01397000AB0209,,,6,,,,,,,,,,1,3,Dépendance,,0,,,,,,6.111483,46.314743
2023-571,2023-01-06,000001,Vente,565000,294,,RTE DE LA MAIRIE,0040,01220,01397,Sauverny,01,,,01397000AB0209,,,4,,,,,,,,,,1,3,Dépendance,,0,,,,,,6.111483,46.314743
2023-571,2023-01-06,000001,Vente,565000,294,,RTE DE LA MAIRIE,0040,01220,01397,Sauverny,01,,,01397000AB0209,,,4,,,,,,,,,,1,2,Appartement,110,4,,,,,,6.111483,46.314743
2023-572,2023-01-20,000001,Vente,730000,86,,CHE DES HUTINS,0065,01170,01103,Chevry,01,,,011030000B0388,,,,,,,,,,,,,0,1,Maison,133,4,S,sols,,,870,6.052797,46.282702
2023-572,2023-01-20,000001,Vente,730000,86,,CHE DES HUTINS,0065,01170,01103,Chevry,01,,,011030000B0388,,,,,,,,,,,,,0,3,Dépendance,,0,S,sols,,,870,6.052797,46.282702
2023-572,2023-01-20,000001,Vente,730000,,,MARAIS DES FONTAINES,B032,01170,01103,Chevry,01,,,011030000C0383,,,,,,,,,,,,,0,,,,,L,landes,,,183,6.053062,46.282584
2023-572,2023-01-20,000001,Vente,730000,,,MARAIS DES FONTAINES,B032,01170,01103,Chevry,01,,,011030000C0384,,,,,,,,,,,,,0,,,,,L,landes,,,110,6.052966,46.282693
2023-572,2023-01-20,000001,Vente,730000,,,MARAIS DES FONTAINES,B032,01170,01103,Chevry,01,,,011030000C0386,,,,,,,,,,,,,0,,,,,L,landes,,,20,6.052907,46.282867
2023-572,2023-01-20,000001,Vente,730000,,,LES QUEUES,B049,01170,01103,Chevry,01,,,011030000C0409,,,,,,,,,,,,,0,,,,,J,jardins,,,388,6.053112,46.282865
2023-572,2023-01-20,000001,Vente,730000,,,MARAIS DES FONTAINES,B032,01170,01103,Chevry,01,,,011030000C0410,,,,,,,,,,,,,0,,,,,L,landes,,,69,6.053001,46.282831
2023-572,2023-01-20,000001,Vente,730000,,,MARAIS DES FONTAINES,B032,01170,01103,Chevry,01,,,011030000C0411,,,,,,,,,,,,,0,,,,,L,landes,,,6,6.053056,46.282743
2023-572,2023-01-20,000001,Vente,730000,,,MARAIS DES FONTAINES,B032,01170,01103,Chevry,01,,,011030000C0446,,,,,,,,,,,,,0,,,,,L,landes,,,244,6.053164,46.282741
2023-573,2023-01-16,000001,Vente,185000,1438,,GR GRANDE RUE,0200,01700,01249,Miribel,01,,,01249000AE1051,,,4,,,,,,,,,,1,2,Appartement,78,3,,,,,,4.958009,45.82577
2023-574,2023-01-05,000001,Vente,350000,75,,RUE DES VERTES CAMPAGNES,0755,01170,01173,Gex,01,,,01173000AP0007,,,574,134.68,,,,,,,,,1,4,Local industriel. commercial ou assimilé,100,0,,,,,,6.047194,46.323864
2023-575,2023-01-16,000001,Vente,42000,5357,,CHE DU GRAND LARGE,0032,01500,01379,Saint-Maurice-de-Rémens,01,,,01379000AO0280,,,,,,,,,,,,,0,3,Dépendance,,0,T,terres,,,2937,5.262601,45.957077
2023-575,2023-01-16,000001,Vente,42000,5357,,CHE DU GRAND LARGE,0032,01500,01379,Saint-Maurice-de-Rémens,01,,,01379000AO0280,,,,,,,,,,,,,0,3,Dépendance,,0,T,terres,,,2937,5.262601,45.957077
2023-575,2023-01-16,000001,Vente,42000,,,LES CARONNIERES,B013,01500,01379,Saint-Maurice-de-Rémens,01,,,01379000AO0282,,,,,,,,,,,,,0,,,,,T,terres,,,15,5.26317,45.956702
2023-575,2023-01-16,000001,Vente,42000,,,LES CARONNIERES,B013,01500,01379,Saint-Maurice-de-Rémens,01,,,01379000AO0285,,,,,,,,,,,,,0,,,,,T,terres,,,311,5.262818,45.956835
2023-576,2023-01-31,000001,Vente,362500,23,B,RUE DE LA CROIX,0030,01500,01089,Château-Gaillard,01,,,01089000ZS0070,,,,,,,,,,,,,0,1,Maison,155,4,S,sols,,,1249,5.302763,45.963776
2023-576,2023-01-31,000001,Vente,362500,,,LES ROUSSES OUEST,B112,01500,01089,Château-Gaillard,01,,,01089000ZS0071,,,,,,,,,,,,,0,,,,,S,sols,,,289,5.302464,45.963403
2023-577,2023-01-20,000001,Vente,241500,348,,AV DESCHAMPS HENRI,0097,01700,01249,Miribel,01,,,01249000AH0500,,,11,74.14,61,,,,,,,,2,3,Dépendance,,0,,,,,,4.96573,45.826893
2023-577,2023-01-20,000001,Vente,241500,348,,AV DESCHAMPS HENRI,0097,01700,01249,Miribel,01,,,01249000AH0500,,,202,,,,,,,,,,1,3,Dépendance,,0,,,,,,4.96573,45.826893
2023-577,2023-01-20,000001,Vente,241500,348,,AV DESCHAMPS HENRI,0097,01700,01249,Miribel,01,,,01249000AH0500,,,11,74.14,61,,,,,,,,2,3,Dépendance,,0,,,,,,4.96573,45.826893
2023-577,2023-01-20,000001,Vente,241500,348,,AV DESCHAMPS HENRI,0097,01700,01249,Miribel,01,,,01249000AH0500,,,11,74.14,61,,,,,,,,2,2,Appartement,75,4,,,,,,4.96573,45.826893
2023-578,2023-01-26,000001,Vente,108000,2,,RUE VICTOR HUGO,0540,01700,01376,Saint-Maurice-de-Beynost,01,,,01376000AD0634,,,,,,,,,,,,,0,1,Maison,50,2,S,sols,,,132,4.981116,45.82856
2023-579,2023-01-19,000001,Vente,50000,,,LES GRANDES COMBES,B043,01700,01043,Beynost,01,,,01043000AN1272,,,5,90.6,,,,,,,,,1,2,Appartement,42,2,,,,,,4.993355,45.822415
2023-580,2023-01-26,000001,Vente,260000,,,LA POTERIE,B077,01200,01033,Valserhône,01,,,010330000F0926,,,,,,,,,,,,,0,,,,,L,landes,,,26652,5.85641,46.095199
2023-580,2023-01-26,000001,Vente,260000,9006,,RTE DE GENEVE,0225,01200,01033,Valserhône,01,,,010330000F0927,,,,,,,,,,,,,0,4,Local industriel. commercial ou assimilé,1560,0,S,sols,,,2495,5.855224,46.095119
2023-580,2023-01-26,000001,Vente,260000,13,,RTE DE GENEVE,0225,01200,01033,Valserhône,01,,,010330000F0930,,,,,,,,,,,,,0,4,Local industriel. commercial ou assimilé,110,0,S,sols,,,1413,5.855056,46.095166
2023-581,2023-01-03,000002,Vente,320000,5813,,CHE DE BEAUREGARD,0033,01480,01194,Jassans-Riottier,01,,,01194000AC0073,,,,,,,,,,,,,0,4,Local industriel. commercial ou assimilé,,0,,,,,,4.755984,45.994038
2023-581,2023-01-03,000002,Vente,320000,5813,,CHE DE BEAUREGARD,0033,01480,01194,Jassans-Riottier,01,,,01194000AC0073,,,,,,,,,,,,,0,1,Maison,160,5,,,,,,4.755984,45.994038
2023-582,2023-01-04,000001,Vente,20000,290,,CHE DE LA MALADIERE,0340,01120,01262,Montluel,01,,,01262000AE0494,,,58,,,,,,,,,,1,3,Dépendance,,0,,,,,,5.049844,45.848045
2023-583,2023-01-27,000001,Vente,209000,409,,RUE MARIUS CADOZ,0562,01170,01173,Gex,01,,,01173000AH0142,,,413,,447,58.24,,,,,,,2,3,Dépendance,,0,,,,,,6.061883,46.330288
2023-583,2023-01-27,000001,Vente,209000,409,,RUE MARIUS CADOZ,0562,01170,01173,Gex,01,,,01173000AH0142,,,413,,447,58.24,,,,,,,2,2,Appartement,59,2,,,,,,6.061883,46.330288
2023-584,2023-01-28,000001,Vente,170500,522,,AV MARCEL ANTHONIOZ,0507,01220,01143,Divonne-les-Bains,01,,,01143000AK0673,,,34,33.9,97,12.5,,,,,,,2,4,Local industriel. commercial ou assimilé,33,0,,,,,,6.144753,46.357631
2023-585,2023-01-12,000001,Vente,828000,245,B,CHE DE L EPERON,0205,01160,01374,Saint-Martin-du-Mont,01,,,01374000ZN0398,,,,,,,,,,,,,0,4,Local industriel. commercial ou assimilé,,,S,sols,,,3106,5.312448,46.09314
2023-585,2023-01-12,000001,Vente,828000,,,PRE DE L ORME,B328,01160,01374,Saint-Martin-du-Mont,01,,,01374000ZN0399,,,,,,,,,,,,,0,,,,,S,sols,,,134,5.312343,46.09306
2023-585,2023-01-12,000001,Vente,828000,245,A,CHE DE L EPERON,0205,01160,01374,Saint-Martin-du-Mont,01,,,01374000ZN0401,,,,,,,,,,,,,0,4,Local industriel. commercial ou assimilé,250,0,S,sols,,,135,5.312285,46.093022
2023-586,2023-01-12,000001,Vente,290000,,,LE MONTELLIER,B112,01580,01240,Matafelon-Granges,01,,,012400000F0211,,,,,,,,,,,,,0,,,,,L,landes,,,1265,5.554724,46.257525
2023-586,2023-01-12,000001,Vente,290000,,,LA VIGNETTE,B192,01580,01240,Matafelon-Granges,01,,,012400000F0212,,,,,,,,,,,,,0,,,,,L,landes,,,161,5.554988,46.257719
2023-586,2023-01-12,000001,Vente,290000,5435,,LA VIGNETTE,B192,01580,01240,Matafelon-Granges,01,,,012400000F0213,,,,,,,,,,,,,0,1,Maison,110,5,S,sols,,,1000,5.5547,46.257894
2023-586,2023-01-12,000001,Vente,290000,5435,,LA VIGNETTE,B192,01580,01240,Matafelon-Granges,01,,,012400000F0213,,,,,,,,,,,,,0,3,Dépendance,,0,J,jardins,,,647,5.5547,46.257894
2023-586,2023-01-12,000001,Vente,290000,5435,,LA VIGNETTE,B192,01580,01240,Matafelon-Granges,01,,,012400000F0213,,,,,,,,,,,,,0,1,Maison,110,5,J,jardins,,,647,5.5547,46.257894
2023-586,2023-01-12,000001,Vente,290000,5435,,LA VIGNETTE,B192,01580,01240,Matafelon-Granges,01,,,012400000F0213,,,,,,,,,,,,,0,3,Dépendance,,0,S,sols,,,1000,5.5547,46.257894
2023-586,2023-01-12,000001,Vente,290000,,,LA VIGNETTE,B192,01580,01240,Matafelon-Granges,01,,,012400000F0235,,,,,,,,,,,,,0,,,,,L,landes,,,114,5.555107,46.257668
2023-586,2023-01-12,000001,Vente,290000,,,LES CREES,B057,01580,01240,Matafelon-Granges,01,,,012400000F0554,,,,,,,,,,,,,0,,,,,L,landes,,,89,5.555016,46.257476
2023-587,2023-01-27,000001,Vente,815000,21,,RUE DU MOULIN,0176,01100,01031,Bellignat,01,,,01031000AB0059,,,,,,,,,,,,,0,4,Local industriel. commercial ou assimilé,830,0,S,sols,,,4220,5.634838,46.241707
2023-588,2023-01-12,000001,Vente,50000,23,,RUE DU QUATRE SEPTEMBRE,3290,01000,01053,Bourg-en-Bresse,01,,,01053000AD0692,,,75,17.88,,,,,,,,,1,2,Appartement,19,1,,,,,,5.228276,46.207185
2023-589,2023-01-17,000001,Vente,14000,,,A LA FIN,B061,01250,01408,Simandre-sur-Suran,01,,,014080000C1060,,,,,,,,,,,,,0,,,,,S,sols,,,500,5.427218,46.231128
2023-589,2023-01-17,000001,Vente,14000,,,A LA FIN,B061,01250,01408,Simandre-sur-Suran,01,,,014080000C1060,,,,,,,,,,,,,0,,,,,P,prés,,,1670,5.427218,46.231128
2023-590,2023-01-30,000001,Vente,161400,7,,RUE DES MARRONNIERS,2610,01000,01053,Bourg-en-Bresse,01,,,01053000AD0739,,,56,39.16,,,,,,,,,1,2,Appartement,39,2,,,,,,5.221309,46.205203
2023-590,2023-01-30,000001,Vente,161400,7,,RUE DES MARRONNIERS,2610,01000,01053,Bourg-en-Bresse,01,,,01053000AD0739,,,131,,,,,,,,,,1,3,Dépendance,,0,,,,,,5.221309,46.205203
2023-591,2023-01-30,000001,Vente,335000,18,,LOT LE CLOS DES VERGERS,A100,01140,01252,Mogneneins,01,,,012520000B1476,,,,,,,,,,,,,0,1,Maison,89,5,S,sols,,,1017,4.809624,46.139638
2023-592,2023-01-27,000001,Vente,407650,58,,RUE DE LA SOURCE,0109,01550,01109,Collonges,01,,,011090000F1362,,,,,,,,,,,,,0,1,Maison,82,4,S,sols,,,245,5.903932,46.134204
2023-592,2023-01-27,000001,Vente,407650,5492,,RUE DE LA SOURCE,0109,01550,01109,Collonges,01,,,011090000F1427,,,,,,,,,,,,,0,4,Local industriel. commercial ou assimilé,,0,S,sols,,,3935,5.90398,46.135105
2023-593,2023-01-06,000001,Vente,464500,6,,RTE DU COILLOU,0032,01170,01103,Chevry,01,,,011030000A0571,,,24,,26,,5,,,,,,3,3,Dépendance,,0,,,,,,6.031367,46.296798
2023-593,2023-01-06,000001,Vente,464500,6,,RTE DU COILLOU,0032,01170,01103,Chevry,01,,,011030000A0571,,,6,,,,,,,,,,1,3,Dépendance,,0,,,,,,6.031367,46.296798
2023-593,2023-01-06,000001,Vente,464500,6,,RTE DU COILLOU,0032,01170,01103,Chevry,01,,,011030000A0571,,,24,,26,,5,,,,,,3,2,Appartement,186,6,,,,,,6.031367,46.296798
2023-594,2023-01-19,000001,Vente,25000,175,,CHE DES HERISSONS,0057,01280,01313,Prévessin-Moëns,01,,,01313000AP0151,,,30,,,,,,,,,,1,3,Dépendance,,0,,,,,,6.074107,46.248355
2023-595,2023-01-16,000001,Vente,479000,24,,CHE DE COLLEX,0035,01210,01160,Ferney-Voltaire,01,,,01160000AI0047,,,107,,270,81.36,,,,,,,2,3,Dépendance,,0,,,,,,6.114467,46.259634
2023-595,2023-01-16,000001,Vente,479000,24,,CHE DE COLLEX,0035,01210,01160,Ferney-Voltaire,01,,,01160000AI0047,,,46,,,,,,,,,,1,3,Dépendance,,0,,,,,,6.114467,46.259634
2023-595,2023-01-16,000001,Vente,479000,24,,CHE DE COLLEX,0035,01210,01160,Ferney-Voltaire,01,,,01160000AI0047,,,107,,270,81.36,,,,,,,2,2,Appartement,82,4,,,,,,6.114467,46.259634
2023-596,2023-01-18,000003,Vente,1400,,,VERSONNEX,B034,01210,01435,Versonnex,01,,,01435000AE0501,,,,,,,,,,,,,0,,,,,AB,terrains a bâtir,,,138,6.097875,46.301032
2023-597,2023-01-27,000001,Vente,430000,47,A,RUE DU MONT ROND,0173,01630,01354,Saint-Genis-Pouilly,01,,,01354000AO0157,,,,,,,,,,,,,0,4,Local industriel. commercial ou assimilé,70,0,S,sols,,,182,6.026648,46.255934
2023-597,2023-01-27,000001,Vente,430000,47,A,RUE DU MONT ROND,0173,01630,01354,Saint-Genis-Pouilly,01,,,01354000AO0157,,,,,,,,,,,,,0,2,Appartement,140,4,S,sols,,,182,6.026648,46.255934
2023-598,2023-01-23,000001,Vente,102000,3,,AV DU BIJOU,0020,01210,01160,Ferney-Voltaire,01,,,01160000AI0495,,,191,16.74,,,,,,,,,1,2,Appartement,16,1,,,,,,6.10891,46.25858
2023-599,2023-01-06,000001,Vente,103050,,,LES GRANGES,B053,01150,01213,Leyment,01,,,012130000A2445,,,,,,,,,,,,,0,,,,,T,terres,,,845,5.288432,45.931938
2023-599,2023-01-06,000001,Vente,103050,,,LES GRANGES,B053,01150,01213,Leyment,01,,,012130000A2536,,,,,,,,,,,,,0,,,,,AB,terrains a bâtir,,,291,5.288369,45.932086
2023-600,2023-01-16,000002,Vente,115000,6,,RUE DE L EGLISE,0072,01470,01403,Serrières-de-Briord,01,,,014030000B3339,,,,,,,,,,,,,0,3,Dépendance,,0,S,sols,,,64,5.453796,45.808063
2023-600,2023-01-16,000002,Vente,115000,6,,RUE DE L EGLISE,0072,01470,01403,Serrières-de-Briord,01,,,014030000B3339,,,,,,,,,,,,,0,1,Maison,70,4,S,sols,,,64,5.453796,45.808063
2023-601,2023-01-11,000001,Vente,129000,60,,RUE DU FOUR,0160,01150,01202,Lagnieu,01,,,01202000AC0465,,,3,,,,,,,,,,1,3,Dépendance,,0,,,,,,5.347817,45.904322
2023-601,2023-01-11,000001,Vente,129000,60,,RUE DU FOUR,0160,01150,01202,Lagnieu,01,,,01202000AC0465,,,1,39,,,,,,,,,1,2,Appartement,42,1,,,,,,5.347817,45.904322
2023-602,2023-01-11,000001,Vente,100000,,,AUX CARRES,B007,01470,01403,Serrières-de-Briord,01,,,014030000B3333,,,,,,,,,,,,,0,,,,,AB,terrains a bâtir,,,441,5.456042,45.802542
2023-602,2023-01-11,000001,Vente,100000,61,,GR GRANDE RUE,0090,01470,01403,Serrières-de-Briord,01,,,014030000B3336,,,,,,,,,,,,,0,,,,,AB,terrains a bâtir,,,511,5.456328,45.802676
2023-603,2023-01-16,000001,Vente,112500,,,LE STEIN,B199,01320,01092,Châtillon-la-Palud,01,,,010920000B2293,,,,,,,,,,,,,0,,,,,AB,terrains a bâtir,,,550,5.253899,45.974384
2023-604,2023-01-17,000001,Vente,111900,,,LE NOYER,B145,01320,01074,Chalamont,01,,,010740000D0650,,,,,,,,,,,,,0,,,,,AB,terrains a bâtir,,,416,5.165805,45.991345
2023-605,2023-01-23,000001,Vente,182500,6,,RUE DES PRES DE BROU,3190,01000,01053,Bourg-en-Bresse,01,,,01053000CL0348,,,28,69.03,,,,,,,,,1,4,Local industriel. commercial ou assimilé,76,0,,,,,,5.242222,46.199842
2023-606,2023-01-03,000001,Vente,120992,,,MARTINET,B127,01300,01015,Arboys en Bugey,01,,,01015000ZE0063,,,,,,,,,,,,,0,,,,,T,terres,,,15920,5.665552,45.704107
2023-607,2023-02-01,000001,Vente,490000,55,,CHE DU GRAND CHAMP,0090,01630,01360,Saint-Jean-de-Gonville,01,,,013600000C1110,,,20,,,,,,,,,,1,3,Dépendance,,0,,,,,,5.955598,46.210039
2023-607,2023-02-01,000001,Vente,490000,55,,CHE DU GRAND CHAMP,0090,01630,01360,Saint-Jean-de-Gonville,01,,,013600000C1110,,,3,107,,,,,,,,,1,2,Appartement,104,5,,,,,,5.955598,46.210039
2023-608,2023-01-23,000001,Vente,307000,100,,IMP DU MARRONNIER,1825,01480,01166,Frans,01,,,01166000AE0112,,,,,,,,,,,,,0,1,Maison,87,5,S,sols,,,670,4.775005,45.993968
2023-609,2023-01-18,000001,Vente,39500,,,LE VILLAGE,B224,01190,01337,Saint-Bénigne,01,,,01337000ZH0484,,,,,,,,,,,,,0,,,,,AB,terrains a bâtir,,,263,4.970939,46.438911
2023-609,2023-01-18,000001,Vente,39500,,,LE VILLAGE,B224,01190,01337,Saint-Bénigne,01,,,01337000ZH0487,,,,,,,,,,,,,0,,,,,AB,terrains a bâtir,,,752,4.970916,46.439132
2023-610,2023-01-25,000001,Vente,105000,5,,GR GRANDE RUE,0045,01150,01396,Sault-Brénaz,01,,,01396000AE0092,,,,,,,,,,,,,0,1,Maison,70,2,S,sols,,,54,5.408829,45.854876
2023-611,2023-01-26,000001,Vente,14000,692,,RTE DE SAINT DENIS,0018,01500,01041,Bettant,01,,,01041000AC0250,,,,,,,,,,,,,0,3,Dépendance,,0,S,sols,,,55,5.354348,45.944992
2023-612,2023-01-27,000001,Vente,163000,2,,RUE DE ST ROCH,3450,01000,01053,Bourg-en-Bresse,01,,,01053000AO0013,,,32,63.53,,,,,,,,,1,2,Appartement,63,3,,,,,,5.229014,46.195007
2023-612,2023-01-27,000001,Vente,163000,2,,RUE DE ST ROCH,3450,01000,01053,Bourg-en-Bresse,01,,,01053000AO0013,,,4,,,,,,,,,,1,3,Dépendance,,0,,,,,,5.229014,46.195007
2023-613,2023-01-24,000001,Vente,700,,,LHEYRIAT,B118,01200,01257,Montanges,01,,,01257000ZC0009,,,,,,,,,,,,,0,,,,,P,prés,,,4600,5.800712,46.174635
2023-614,2023-01-24,000001,Vente,237500,41,,RUE DE LA REPUBLIQUE,0490,01200,01033,Valserhône,01,,,01033000AL0263,,,11,109.79,2,,,,,,,,2,2,Appartement,123,4,,,,,,5.826197,46.107238
2023-614,2023-01-24,000001,Vente,237500,41,,RUE DE LA REPUBLIQUE,0490,01200,01033,Valserhône,01,,,01033000AL0263,,,15,,,,,,,,,,1,3,Dépendance,,0,,,,,,5.826197,46.107238
2023-614,2023-01-24,000001,Vente,237500,41,,RUE DE LA REPUBLIQUE,0490,01200,01033,Valserhône,01,,,01033000AL0263,,,11,109.79,2,,,,,,,,2,3,Dépendance,,0,,,,,,5.826197,46.107238
2023-615,2023-01-24,000001,Vente en l'état futur d'achèvement,189000,,,,,,01033,Valserhône,01,,,01033000AB0483,,,81,,,,,,,,,,1,,,,,,,,,,5.815694,46.12158
2023-615,2023-01-24,000001,Vente en l'état futur d'achèvement,189000,,,,,,01033,Valserhône,01,,,01033000AB0483,,,54,,,,,,,,,,1,,,,,,,,,,5.815694,46.12158
2023-615,2023-01-24,000001,Vente en l'état futur d'achèvement,189000,,,,,,01033,Valserhône,01,,,01033000AB0483,,,19,,,,,,,,,,1,,,,,,,,,,5.815694,46.12158
2023-616,2023-01-16,000001,Vente,299000,27,,CHE DU BROUSSILLET,0045,01800,01054,Bourg-Saint-Christophe,01,,,010540000C0390,,,,,,,,,,,,,0,1,Maison,82,5,S,sols,,,407,5.149253,45.881123
2023-617,2023-02-03,000001,Vente,1550,,,LES PETODIERES,B070,01340,01040,Béréziat,01,,,01040000WE0034,,,,,,,,,,,,,0,,,,,BS,taillis sous futaie,,,10348,5.043432,46.381437
2023-617,2023-02-03,000001,Vente,1550,,,LES GRANDS BOIS,B048,01340,01040,Béréziat,01,,,01040000WE0062,,,,,,,,,,,,,0,,,,,P,prés,,,1953,5.0495,46.37983
2023-617,2023-02-03,000001,Vente,1550,,,LE HAUT DE L ETANG,B052,01340,01040,Béréziat,01,,,01040000WK0032,,,,,,,,,,,,,0,,,,,BS,taillis sous futaie,,,4535,5.059567,46.372953
2023-617,2023-02-03,000001,Vente,1550,,,RIPPE QUENIL,B286,01560,01364,Saint-Jean-sur-Reyssouze,01,,,013640000C0323,,,,,,,,,,,,,0,,,,,BT,taillis simples,,,1548,5.071272,46.362346
2023-618,2023-01-16,000001,Vente,152200,49,,AV DE MACON,2400,01000,01053,Bourg-en-Bresse,01,,,01053000AB0097,,,118,68.06,121,,,,,,,,2,2,Appartement,68,3,,,,,,5.217846,46.210536
2023-618,2023-01-16,000001,Vente,152200,49,,AV DE MACON,2400,01000,01053,Bourg-en-Bresse,01,,,01053000AB0097,,,101,,,,,,,,,,1,3,Dépendance,,0,,,,,,5.217846,46.210536
2023-618,2023-01-16,000001,Vente,152200,49,,AV DE MACON,2400,01000,01053,Bourg-en-Bresse,01,,,01053000AB0097,,,118,68.06,121,,,,,,,,2,3,Dépendance,,0,,,,,,5.217846,46.210536
2023-618,2023-01-16,000001,Vente,152200,49,,AV DE MACON,2400,01000,01053,Bourg-en-Bresse,01,,,01053000AB0097,,,118,68.06,121,,,,,,,,2,3,Dépendance,,0,,,,,,5.217846,46.210536
2023-619,2023-01-25,000001,Vente,700,,,LES CHARBONNIERES,B013,01270,01296,Pirajoux,01,,,012960000A0472,,,,,,,,,,,,,0,,,,,BS,taillis sous futaie,,,5505,5.281969,46.384608
2023-620,2023-01-25,000001,Vente,180000,14,,LOT CLOS DES MOISSONS,A005,01340,01196,Jayat,01,,,01196000AB0146,,,,,,,,,,,,,0,1,Maison,109,4,S,sols,,,889,5.115819,46.369859
2023-621,2023-01-24,000001,Vente terrain à bâtir,28800,,,AU BOURG,B017,01560,01124,Cormoz,01,,,01124000ZH0190,,,,,,,,,,,,,0,,,,,AB,terrains a bâtir,,,1240,5.234562,46.446791
2023-622,2023-01-26,000001,Vente,600,,,LE BOURG,B018,01310,01375,Saint-Martin-le-Châtel,01,,,01375000AP0657,,,,,,,,,,,,,0,,,,,S,sols,,,12,5.114474,46.281743
2023-623,2023-01-30,000001,Vente,432200,21,,MTE DE LA PAROCHE,0399,01700,01376,Saint-Maurice-de-Beynost,01,,,01376000AC0001,,,,,,,,,,,,,0,3,Dépendance,,0,S,sols,,,562,4.976985,45.833564
2023-623,2023-01-30,000001,Vente,432200,21,,MTE DE LA PAROCHE,0399,01700,01376,Saint-Maurice-de-Beynost,01,,,01376000AC0001,,,,,,,,,,,,,0,1,Maison,97,6,S,sols,,,562,4.976985,45.833564
2023-624,2023-01-31,000001,Vente,57000,425,A,RUE EDOUARD HERRIOT,0495,01100,01283,Oyonnax,01,,,012834400D1624,,,,,,,,,,,,,0,1,Maison,100,4,S,sols,,,95,5.629552,46.270089
2023-625,2023-01-31,000001,Vente,210000,,,VEYZIAT,B378,01100,01283,Oyonnax,01,,,012834400D0859,,,,,,,,,,,,,0,,,,,S,sols,,,60,5.630208,46.26971
2023-625,2023-01-31,000001,Vente,210000,,,VEYZIAT,B378,01100,01283,Oyonnax,01,,,012834400D1620,,,,,,,,,,,,,0,,,,,T,terres,,,1898,5.629943,46.269637
2023-625,2023-01-31,000001,Vente,210000,,,VEYZIAT,B378,01100,01283,Oyonnax,01,,,012834400D1621,,,,,,,,,,,,,0,,,,,T,terres,,,58,5.629942,46.269759
2023-625,2023-01-31,000001,Vente,210000,,,VEYZIAT,B378,01100,01283,Oyonnax,01,,,012834400D1623,,,,,,,,,,,,,0,,,,,S,sols,,,298,5.629664,46.269989
2023-626,2023-01-06,000001,Vente,220500,9005,,RUE AMPERE,0010,01800,01244,Meximieux,01,,,012440000A1304,,,105,,,,,,,,,,1,3,Dépendance,,0,,,,,,5.186993,45.911137
2023-626,2023-01-06,000001,Vente,220500,23,,RUE AMPERE,0010,01800,01244,Meximieux,01,,,012440000A1304,,,53,,,,,,,,,,1,2,Appartement,88,5,,,,,,5.186993,45.911137
2023-626,2023-01-06,000001,Vente,220500,23,,RUE AMPERE,0010,01800,01244,Meximieux,01,,,012440000A1304,,,53,,,,,,,,,,1,3,Dépendance,,0,,,,,,5.186993,45.911137
2023-627,2023-01-09,000001,Vente,260000,,,LA PIOTIERE,B096,01800,01054,Bourg-Saint-Christophe,01,,,01054000ZE0500,,,,,,,,,,,,,0,,,,,T,terres,,,358,5.150208,45.88368
2023-628,2023-01-11,000001,Vente,579000,548,,RUE DE LA GARE,0551,01800,01450,Villieu-Loyes-Mollon,01,,,014500000B2109,,,,,,,,,,,,,0,1,Maison,173,6,S,sols,,,1081,5.23032,45.919063
2023-628,2023-01-11,000001,Vente,579000,,,LA POLETTE,B037,01800,01450,Villieu-Loyes-Mollon,01,,,014500000B2111,,,,,,,,,,,,,0,,,,,S,sols,,,158,5.229906,45.918494
2023-629,2023-01-24,000001,Vente,185000,5,,RTE DE LA FROMAGERIE,0831,01200,01033,Valserhône,01,,,010332050D2496,,,95,,,,,,,,,,1,2,Appartement,69,3,,,,,,5.836282,46.124077
2023-629,2023-01-24,000001,Vente,185000,3,,RTE DE LA FROMAGERIE,0831,01200,01033,Valserhône,01,,,010332050D2496,,,25,,,,,,,,,,1,3,Dépendance,,0,,,,,,5.836282,46.124077
2023-630,2023-01-13,000001,Vente,150000,502,,RUE DE LA MAIRIE,0320,01480,01194,Jassans-Riottier,01,,,01194000AL0055,,,4,52.93,,,,,,,,,1,4,Local industriel. commercial ou assimilé,51,0,,,,,,4.758074,45.981735
2023-631,2023-01-11,000001,Vente,233000,12,,AV DU JURA,0025,01210,01160,Ferney-Voltaire,01,,,01160000AM0517,,,196,,57,,,,,,,,2,2,Appartement,68,3,,,,,,6.118274,46.255319
2023-631,2023-01-11,000001,Vente,233000,12,,AV DU JURA,0025,01210,01160,Ferney-Voltaire,01,,,01160000AM0517,,,307,,,,,,,,,,1,3,Dépendance,,0,,,,,,6.118274,46.255319
2023-631,2023-01-11,000001,Vente,233000,12,,AV DU JURA,0025,01210,01160,Ferney-Voltaire,01,,,01160000AM0517,,,196,,57,,,,,,,,2,3,Dépendance,,0,,,,,,6.118274,46.255319
2023-632,2023-01-12,000001,Vente,581100,209,,RUE PARC JEAN MONNET,0169,01630,01354,Saint-Genis-Pouilly,01,,,01354000BD0230,,,21,,,,,,,,,,1,2,Appartement,133,4,,,,,,6.021481,46.2459
2023-632,2023-01-12,000001,Vente,581100,209,,RUE PARC JEAN MONNET,0169,01630,01354,Saint-Genis-Pouilly,01,,,01354000BD0230,,,3,,,,,,,,,,1,3,Dépendance,,0,,,,,,6.021481,46.2459
2023-633,2023-01-30,000001,Vente,123000,95,,RUE DU RENON,0138,01540,01457,Vonnas,01,,,014570000C1479,,,20,,,,,,,,,,1,3,Dépendance,,0,,,,,,4.98576,46.217317
2023-633,2023-01-30,000001,Vente,123000,95,,RUE DU RENON,0138,01540,01457,Vonnas,01,,,014570000C1479,,,12,,,,,,,,,,1,3,Dépendance,,0,,,,,,4.98576,46.217317
2023-633,2023-01-30,000001,Vente,123000,95,,RUE DU RENON,0138,01540,01457,Vonnas,01,,,014570000C1479,,,2,,,,,,,,,,1,2,Appartement,57,2,,,,,,4.98576,46.217317
2023-634,2023-01-19,000001,Vente,340550,29,A,CHE DE LA PLANCHE BRULEE,0055,01210,01160,Ferney-Voltaire,01,,,01160000AC0062,,,320,,,,,,,,,,1,3,Dépendance,,0,,,,,,6.09857,46.251196
2023-634,2023-01-19,000001,Vente,340550,29,A,CHE DE LA PLANCHE BRULEE,0055,01210,01160,Ferney-Voltaire,01,,,01160000AC0062,,,6,,,,,,,,,,1,2,Appartement,75,3,,,,,,6.09857,46.251196
2023-635,2023-01-05,000001,Vente,49000,,,LES PLANS,B088,01250,01072,Ceyzériat,01,,,01072000ZA0002,,,,,,,,,,,,,0,,,,,P,prés,,,4900,5.30047,46.190258
2023-636,2023-01-17,000001,Vente,780825,218,,RUE DE LA COMBE DE L'EAU,0251,01220,01143,Divonne-les-Bains,01,,,011430000B0884,,,,,,,,,,,,,0,3,Dépendance,,0,S,sols,,,964,6.131321,46.369395
2023-636,2023-01-17,000001,Vente,780825,218,,RUE DE LA COMBE DE L'EAU,0251,01220,01143,Divonne-les-Bains,01,,,011430000B0884,,,,,,,,,,,,,0,3,Dépendance,,0,S,sols,,,964,6.131321,46.369395
2023-636,2023-01-17,000001,Vente,780825,218,,RUE DE LA COMBE DE L'EAU,0251,01220,01143,Divonne-les-Bains,01,,,011430000B0884,,,,,,,,,,,,,0,3,Dépendance,,0,S,sols,,,964,6.131321,46.369395
2023-636,2023-01-17,000001,Vente,780825,218,,RUE DE LA COMBE DE L'EAU,0251,01220,01143,Divonne-les-Bains,01,,,011430000B0884,,,,,,,,,,,,,0,2,Appartement,60,2,S,sols,,,964,6.131321,46.369395
2023-636,2023-01-17,000001,Vente,780825,218,,RUE DE LA COMBE DE L'EAU,0251,01220,01143,Divonne-les-Bains,01,,,011430000B0884,,,,,,,,,,,,,0,2,Appartement,92,4,S,sols,,,964,6.131321,46.369395
2023-636,2023-01-17,000001,Vente,780825,218,,RUE DE LA COMBE DE L'EAU,0251,01220,01143,Divonne-les-Bains,01,,,011430000B0884,,,,,,,,,,,,,0,3,Dépendance,,0,S,sols,,,964,6.131321,46.369395
2023-637,2023-01-25,000002,Vente,86000,,,CORCELLE BASSE,B135,01340,01163,Foissiat,01,,,01163000WI0667,,,,,,,,,,,,,0,,,,,T,terres,,,4274,5.158773,46.347734
2023-637,2023-01-25,000002,Vente,86000,,,CORCELLE BASSE,B135,01340,01163,Foissiat,01,,,01163000WI0669,,,,,,,,,,,,,0,,,,,T,terres,,,432,5.158764,46.347121
2023-638,2023-01-23,000001,Vente,185000,,,VIRIAT,B262,01440,01451,Viriat,01,,,01451000AD0044,,,,,,,,,,,,,0,,,,,S,sols,,,22,5.215226,46.253984
2023-638,2023-01-23,000001,Vente,185000,,,VIRIAT,B262,01440,01451,Viriat,01,,,01451000AD0048,,,,,,,,,,,,,0,,,,,S,sols,,,2,5.215343,46.253851
2023-638,2023-01-23,000001,Vente,185000,,,VIRIAT,B262,01440,01451,Viriat,01,,,01451000AD0049,,,,,,,,,,,,,0,,,,,S,sols,,,27,5.215396,46.253797
2023-638,2023-01-23,000001,Vente,185000,303,,RUE PROSPER CONVERT,0195,01440,01451,Viriat,01,,,01451000AD0162,,,,,,,,,,,,,0,1,Maison,122,5,S,sols,,,402,5.215231,46.253846
2023-638,2023-01-23,000001,Vente,185000,303,,RUE PROSPER CONVERT,0195,01440,01451,Viriat,01,,,01451000AD0162,,,,,,,,,,,,,0,4,Local industriel. commercial ou assimilé,256,0,S,sols,,,402,5.215231,46.253846
2023-639,2023-01-30,000001,Vente,411550,61,,CHE BARITET,0014,01280,01313,Prévessin-Moëns,01,,,01313251BD0330,,,11,,,,,,,,,,1,2,Appartement,61,3,,,,,,6.093889,46.269477
2023-639,2023-01-30,000001,Vente,411550,61,,CHE BARITET,0014,01280,01313,Prévessin-Moëns,01,,,01313251BD0330,,,5,,,,,,,,,,1,3,Dépendance,,0,,,,,,6.093889,46.269477
2023-639,2023-01-30,000001,Vente,411550,61,,CHE BARITET,0014,01280,01313,Prévessin-Moëns,01,,,01313251BD0330,,,4,,,,,,,,,,1,3,Dépendance,,0,,,,,,6.093889,46.269477
2023-640,2023-01-23,000001,Vente,170200,181,,ALL DE LA GELIERE,0108,01440,01451,Viriat,01,,,01451000AS0040,,,,,,,,,,,,,0,3,Dépendance,,0,J,jardins,,,423,5.21955,46.241928
2023-640,2023-01-23,000001,Vente,170200,181,,ALL DE LA GELIERE,0108,01440,01451,Viriat,01,,,01451000AS0040,,,,,,,,,,,,,0,1,Maison,104,4,S,sols,,,565,5.21955,46.241928
2023-640,2023-01-23,000001,Vente,170200,181,,ALL DE LA GELIERE,0108,01440,01451,Viriat,01,,,01451000AS0040,,,,,,,,,,,,,0,1,Maison,104,4,J,jardins,,,423,5.21955,46.241928
2023-640,2023-01-23,000001,Vente,170200,181,,ALL DE LA GELIERE,0108,01440,01451,Viriat,01,,,01451000AS0040,,,,,,,,,,,,,0,3,Dépendance,,0,S,sols,,,565,5.21955,46.241928
2023-641,2023-01-30,000001,Vente,254500,21,,CHE DES COQUELICOTS,0037,01630,01401,Sergy,01,,,014010000C2669,,,9,,,,,,,,,,1,3,Dépendance,,0,,,,,,6.005002,46.250091
2023-641,2023-01-30,000001,Vente,254500,21,,CHE DES COQUELICOTS,0037,01630,01401,Sergy,01,,,014010000C2669,,,1,49.61,,,,,,,,,1,2,Appartement,50,2,,,,,,6.005002,46.250091
2023-641,2023-01-30,000001,Vente,254500,21,,CHE DES COQUELICOTS,0037,01630,01401,Sergy,01,,,014010000C2669,,,1,49.61,,,,,,,,,1,3,Dépendance,,0,,,,,,6.005002,46.250091
2023-641,2023-01-30,000001,Vente,254500,21,,CHE DES COQUELICOTS,0037,01630,01401,Sergy,01,,,014010000C2669,,,17,,,,,,,,,,1,3,Dépendance,,0,,,,,,6.005002,46.250091
2023-642,2023-01-26,000001,Vente,285000,,,MORALY,B059,01340,01196,Jayat,01,,,011960000B0588,,,,,,,,,,,,,0,,,,,S,sols,,,277,5.124308,46.366134
2023-642,2023-01-26,000001,Vente,285000,217,,RTE DE LA VAVRE,0220,01340,01196,Jayat,01,,,011960000B0589,,,,,,,,,,,,,0,1,Maison,113,5,J,jardins,,,715,5.124025,46.366107
2023-642,2023-01-26,000001,Vente,285000,217,,RTE DE LA VAVRE,0220,01340,01196,Jayat,01,,,011960000B0589,,,,,,,,,,,,,0,3,Dépendance,,0,J,jardins,,,715,5.124025,46.366107
2023-642,2023-01-26,000001,Vente,285000,217,,RTE DE LA VAVRE,0220,01340,01196,Jayat,01,,,011960000B0589,,,,,,,,,,,,,0,1,Maison,113,5,S,sols,,,907,5.124025,46.366107
2023-642,2023-01-26,000001,Vente,285000,217,,RTE DE LA VAVRE,0220,01340,01196,Jayat,01,,,011960000B0589,,,,,,,,,,,,,0,3,Dépendance,,0,S,sols,,,907,5.124025,46.366107
2023-643,2023-01-26,000001,Vente,369000,5194,,LE PLANTIER,B144,01990,01389,Saint-Trivier-sur-Moignans,01,,,013890000F0084,,,,,,,,,,,,,0,1,Maison,64,3,S,sols,,,1535,4.884391,46.065279
2023-643,2023-01-26,000001,Vente,369000,5194,,LE PLANTIER,B144,01990,01389,Saint-Trivier-sur-Moignans,01,,,013890000F0084,,,,,,,,,,,,,0,1,Maison,60,2,S,sols,,,1535,4.884391,46.065279
2023-643,2023-01-26,000001,Vente,369000,,,LE PLANTIER,B144,01990,01389,Saint-Trivier-sur-Moignans,01,,,013890000F0085,,,,,,,,,,,,,0,,,,,P,prés,,,4500,4.88407,46.065445
2023-643,2023-01-26,000001,Vente,369000,,,LE PLANTIER,B144,01990,01389,Saint-Trivier-sur-Moignans,01,,,013890000F0086,,,,,,,,,,,,,0,,,,,T,terres,,,23750,4.883816,46.064275
2023-644,2023-01-12,000001,Vente,120000,,,LES BRUYERES,B005,01960,01289,Péronnas,01,,,012890000B2688,,,,,,,,,,,,,0,,,,,AB,terrains a bâtir,,,2000,5.198405,46.167186
2023-645,2023-01-11,000001,Echange,10,105,,CHE DES VIGNES,0330,01800,01156,Faramans,01,,,01156000ZI0184,,,,,,,,,,,,,0,3,Dépendance,,0,S,sols,,,1,5.117151,45.904343
2023-645,2023-01-11,000001,Echange,10,105,,CHE DES VIGNES,0330,01800,01156,Faramans,01,,,01156000ZI0184,,,,,,,,,,,,,0,1,Maison,126,5,S,sols,,,1,5.117151,45.904343
2023-645,2023-01-11,000002,Echange,10,,,BALLAND,B001,01800,01156,Faramans,01,,,01156000ZI0189,,,,,,,,,,,,,0,,,,,S,sols,,,5,5.117134,45.90451
2023-646,2023-01-18,000002,Vente,3000,,,LA VERPILLIERE,B175,01990,01389,Saint-Trivier-sur-Moignans,01,,,013890000E0981,,,,,,,,,,,,,0,,,,,P,prés,,,39,4.888209,46.051792
2023-646,2023-01-18,000002,Vente,3000,,,LA VERPILLIERE,B175,01990,01389,Saint-Trivier-sur-Moignans,01,,,013890000E0984,,,,,,,,,,,,,0,,,,,S,sols,,,500,4.889444,46.052278
2023-646,2023-01-18,000002,Vente,3000,,,LA VERPILLIERE,B175,01990,01389,Saint-Trivier-sur-Moignans,01,,,013890000E0984,,,,,,,,,,,,,0,,,,,T,terres,,,3767,4.889444,46.052278
2023-647,2023-01-26,000001,Echange,300,,,INJOUX,B047,01200,01189,Injoux-Génissiat,01,,,011890000B0494,,,,,,,,,,,,,0,,,,,P,prés,,,1370,5.766995,46.058408
2023-647,2023-01-26,000002,Echange,300,,,LA LADIERE,B048,01200,01189,Injoux-Génissiat,01,,,011890000B0731,,,,,,,,,,,,,0,,,,,T,terres,,,2750,5.764774,46.054253
2023-648,2023-01-16,000001,Vente,495000,29,C,CHE DE LA PLANCHE BRULEE,0055,01210,01160,Ferney-Voltaire,01,,,01160000AC0062,,,146,,,,,,,,,,1,3,Dépendance,,0,,,,,,6.09857,46.251196
2023-648,2023-01-16,000001,Vente,495000,29,C,CHE DE LA PLANCHE BRULEE,0055,01210,01160,Ferney-Voltaire,01,,,01160000AC0062,,,250,,86,86.33,,,,,,,2,3,Dépendance,,0,,,,,,6.09857,46.251196
2023-648,2023-01-16,000001,Vente,495000,29,C,CHE DE LA PLANCHE BRULEE,0055,01210,01160,Ferney-Voltaire,01,,,01160000AC0062,,,250,,86,86.33,,,,,,,2,2,Appartement,85,4,,,,,,6.09857,46.251196
2023-649,2023-01-10,000001,Vente,461640,,,FAGNE,B051,01390,01105,Civrieux,01,,,01105000ZW0300,,,,,,,,,,,,,0,,,,,AB,terrains a bâtir,,,6845,4.87531,45.902648
2023-649,2023-01-10,000001,Vente,461640,,,FAGNE,B051,01390,01105,Civrieux,01,,,01105000ZW0303,,,,,,,,,,,,,0,,,,,AB,terrains a bâtir,,,849,4.875968,45.902776
2023-650,2023-01-05,000002,Echange,13265,,,LES PRES JIN,B023,01210,01160,Ferney-Voltaire,01,,,011600000A0388,,,,,,,,,,,,,0,,,,,P,prés,,,3790,6.103758,46.243181
2023-650,2023-01-05,000003,Echange,13265,,,LES PRES JIN,B023,01210,01160,Ferney-Voltaire,01,,,011600000A0079,,,,,,,,,,,,,0,,,,,T,terres,,,3790,6.102752,46.240754
2023-651,2023-01-13,000001,Echange,500,,,EN FONTANILLE,B026,01430,01112,Condamine,01,,,011120000A0870,,,,,,,,,,,,,0,,,,,BR,futaies résineuses,,,1255,5.536237,46.109161
2023-651,2023-01-13,000002,Echange,500,,,LES TAILLES,B061,01430,01112,Condamine,01,,,011120000A0333,,,,,,,,,,,,,0,,,,,BR,futaies résineuses,,,1135,5.558017,46.112953
2023-651,2023-01-13,000002,Echange,500,,,LES TAILLES,B061,01430,01112,Condamine,01,,,011120000A0339,,,,,,,,,,,,,0,,,,,BR,futaies résineuses,,,1950,5.557599,46.112517
2023-652,2023-01-10,000001,Vente,80000,,,LE MENIE,B049,01500,01089,Château-Gaillard,01,,,01089000ZL0562,,,,,,,,,,,,,0,,,,,P,prés,,,428,5.301231,45.969277
2023-652,2023-01-10,000001,Vente,80000,,,LE MENIE,B049,01500,01089,Château-Gaillard,01,,,01089000ZL0565,,,,,,,,,,,,,0,,,,,S,sols,,,160,5.301099,45.969208
2023-652,2023-01-10,000001,Vente,80000,,,LE MENIE,B049,01500,01089,Château-Gaillard,01,,,01089000ZL0570,,,,,,,,,,,,,0,,,,,S,sols,,,369,5.301306,45.969076
2023-653,2023-01-31,000001,Vente,99000,24,,RUE LAMARTINE,0340,01200,01033,Valserhône,01,,,01033000AL0061,,,13,,16,,18,,2,37.92,,,4,3,Dépendance,,0,,,,,,5.823802,46.107782
2023-653,2023-01-31,000001,Vente,99000,24,,RUE LAMARTINE,0340,01200,01033,Valserhône,01,,,01033000AL0061,,,13,,16,,18,,2,37.92,,,4,3,Dépendance,,0,,,,,,5.823802,46.107782
2023-653,2023-01-31,000001,Vente,99000,24,,RUE LAMARTINE,0340,01200,01033,Valserhône,01,,,01033000AL0061,,,13,,16,,18,,2,37.92,,,4,2,Appartement,38,2,,,,,,5.823802,46.107782
2023-654,2023-01-26,000001,Vente en l'état futur d'achèvement,184625,1,,ALL MARCELLE ROZET COURTINE,2489,01000,01053,Bourg-en-Bresse,01,,,01053000BI0282,,,3,,,,,,,,,,1,,,,,,,,,,5.241868,46.210351
2023-655,2023-01-27,000001,Vente,80000,,,HAMEAU DES VILLARDS,B058,01290,01203,Laiz,01,,,012030000B1954,,,,,,,,,,,,,0,,,,,AB,terrains a bâtir,,,871,4.890915,46.24264
2023-656,2023-01-16,000001,Vente,75,,,LA LY,B056,01290,01123,Cormoranche-sur-Saône,01,,,011230000D0641,,,,,,,,,,,,,0,,,,,BT,taillis simples,,,551,4.825314,46.241406
2023-657,2023-01-26,000001,Vente en l'état futur d'achèvement,303000,107,,RUE DU TREVE,0410,01700,01249,Miribel,01,,,01249000AH1152,,,48,,,,,,,,,,1,3,Dépendance,,0,,,,,,4.967809,45.827033
2023-657,2023-01-26,000001,Vente en l'état futur d'achèvement,303000,107,,RUE DU TREVE,0410,01700,01249,Miribel,01,,,01249000AH1152,,,20,,,,,,,,,,1,2,Appartement,67,3,,,,,,4.967809,45.827033
2023-657,2023-01-26,000001,Vente en l'état futur d'achèvement,303000,107,,RUE DU TREVE,0410,01700,01249,Miribel,01,,,01249000AH1152,,,47,,,,,,,,,,1,3,Dépendance,,0,,,,,,4.967809,45.827033
2023-658,2023-01-26,000001,Vente en l'état futur d'achèvement,18000,107,,RUE DU TREVE,0410,01700,01249,Miribel,01,,,01249000AH1152,,,57,,,,,,,,,,1,3,Dépendance,,0,,,,,,4.967809,45.827033
2023-658,2023-01-26,000001,Vente en l'état futur d'achèvement,18000,107,,RUE DU TREVE,0410,01700,01249,Miribel,01,,,01249000AH1152,,,56,,,,,,,,,,1,3,Dépendance,,0,,,,,,4.967809,45.827033
2023-659,2023-01-06,000001,Vente,75000,,,AUX VARONNES SUD,B259,01420,01118,Corbonod,01,,,01118000AH0158,,,,,,,,,,,,,0,,,,,P,prés,,,4055,5.813496,45.980665
2023-659,2023-01-06,000001,Vente,75000,,,AUX VARONNES SUD,B259,01420,01118,Corbonod,01,,,01118000AH0160,,,,,,,,,,,,,0,,,,,P,prés,,,374,5.814666,45.980144
2023-659,2023-01-06,000001,Vente,75000,609,B,CHE DES VERONNES,0620,01420,01118,Corbonod,01,,,01118000AH0161,,,,,,,,,,,,,0,4,Local industriel. commercial ou assimilé,200,0,P,prés,,,2488,5.814281,45.98031
2023-660,2023-01-19,000001,Vente en l'état futur d'achèvement,310000,197,,AV DE LA DOMBES,0147,01480,01194,Jassans-Riottier,01,,,01194000AE0273,,,21,,,,,,,,,,1,,,,,,,,,,4.760005,45.986242
2023-660,2023-01-19,000001,Vente en l'état futur d'achèvement,310000,197,,AV DE LA DOMBES,0147,01480,01194,Jassans-Riottier,01,,,01194000AE0273,,,54,,,,,,,,,,1,,,,,,,,,,4.760005,45.986242
2023-660,2023-01-19,000001,Vente en l'état futur d'achèvement,310000,197,,AV DE LA DOMBES,0147,01480,01194,Jassans-Riottier,01,,,01194000AE0273,,,71,,,,,,,,,,1,,,,,,,,,,4.760005,45.986242
2023-660,2023-01-19,000001,Vente en l'état futur d'achèvement,310000,197,,AV DE LA DOMBES,0147,01480,01194,Jassans-Riottier,01,,,01194000AE0273,,,72,,,,,,,,,,1,,,,,,,,,,4.760005,45.986242
2023-660,2023-01-19,000001,Vente en l'état futur d'achèvement,310000,197,,AV DE LA DOMBES,0147,01480,01194,Jassans-Riottier,01,,,01194000AE0273,,,53,,,,,,,,,,1,,,,,,,,,,4.760005,45.986242
2023-661,2023-01-27,000001,Vente en l'état futur d'achèvement,164000,,,LA VILLE,B224,01300,01034,Belley,01,,,01034000AK0574,,,103,,,,,,,,,,1,3,Dépendance,,0,,,,,,5.689809,45.760698
2023-661,2023-01-27,000001,Vente en l'état futur d'achèvement,164000,,,LA VILLE,B224,01300,01034,Belley,01,,,01034000AK0574,,,118,,,,,,,,,,1,2,Appartement,46,2,,,,,,5.689809,45.760698
2023-662,2023-01-10,000001,Vente,185000,2414,,RTE DE LA GRANDE VAVRETTE,0260,01250,01422,Tossiat,01,,,01422000ZB0162,,,,,,,,,,,,,0,1,Maison,119,3,S,sols,,,743,5.28531,46.141076
2023-662,2023-01-10,000001,Vente,185000,2414,,RTE DE LA GRANDE VAVRETTE,0260,01250,01422,Tossiat,01,,,01422000ZB0162,,,,,,,,,,,,,0,3,Dépendance,,0,S,sols,,,743,5.28531,46.141076
2023-663,2023-01-25,000001,Vente en l'état futur d'achèvement,152370,70,,RUE DE LOEZE,2324,01000,01053,Bourg-en-Bresse,01,,,01053000CK0173,,,41,,,,,,,,,,1,,,,,,,,,,5.249426,46.202879
2023-663,2023-01-25,000001,Vente en l'état futur d'achèvement,152370,70,,RUE DE LOEZE,2324,01000,01053,Bourg-en-Bresse,01,,,01053000CK0173,,,195,,,,,,,,,,1,,,,,,,,,,5.249426,46.202879
2023-663,2023-01-25,000001,Vente en l'état futur d'achèvement,152370,70,,RUE DE LOEZE,2324,01000,01053,Bourg-en-Bresse,01,,,01053000CK0173,,,31,,,,,,,,,,1,,,,,,,,,,5.249426,46.202879
2023-663,2023-01-25,000001,Vente en l'état futur d'achèvement,152370,70,,RUE DE LOEZE,2324,01000,01053,Bourg-en-Bresse,01,,,01053000CK0173,,,185,,,,,,,,,,1,,,,,,,,,,5.249426,46.202879
2023-664,2023-01-26,000001,Vente,182150,805,,RTE DE GENEVE,0186,01120,01142,Dagneux,01,,,01142000AC0320,,,,,,,,,,,,,0,1,Maison,60,3,S,sols,,,49,5.07245,45.850831
2023-665,2023-01-12,000001,Vente,16500,,,LA GRANDE MOUSSIERE,B030,01290,01046,Biziat,01,,,010460000A0688,,,,,,,,,,,,,0,,,,,T,terres,,,16450,4.923718,46.225044
2023-665,2023-01-12,000001,Vente,16500,,,LA MARE CAILLAT,B031,01290,01334,Saint-André-d'Huiriat,01,,,013340000A0092,,,,,,,,,,,,,0,,,,,P,prés,,,14650,4.919478,46.224148
2023-665,2023-01-12,000001,Vente,16500,,,LA MARE CAILLAT,B031,01290,01334,Saint-André-d'Huiriat,01,,,013340000A0093,,,,,,,,,,,,,0,,,,,T,terres,,,15870,4.920481,46.223096
2023-666,2023-01-17,000001,Vente,7634.93,,,AU RIRET,B120,01410,01081,Champfromier,01,,,010810000C0559,,,,,,,,,,,,,0,,,,,L,landes,,,7940,5.834267,46.212404
2023-666,2023-01-17,000001,Vente,7634.93,,,AU RIRET,B120,01410,01081,Champfromier,01,,,010810000C0561,,,,,,,,,,,,,0,,,,,L,landes,,,4200,5.834226,46.21179
2023-667,2023-01-13,000001,Vente,175000,,,COUTELIEU,B092,01500,01007,Ambronay,01,,,01007000ZN0229,,,,,,,,,,,,,0,,,,,S,sols,,,330,5.343373,45.993463
2023-667,2023-01-13,000001,Vente,175000,98,,RUE DES BLANCHERES,0124,01500,01007,Ambronay,01,,,01007000ZN0232,,,,,,,,,,,,,0,3,Dépendance,,0,S,sols,,,72,5.343494,45.993386
2023-667,2023-01-13,000001,Vente,175000,98,,RUE DES BLANCHERES,0124,01500,01007,Ambronay,01,,,01007000ZN0232,,,,,,,,,,,,,0,1,Maison,67,3,S,sols,,,72,5.343494,45.993386
2023-668,2023-01-05,000001,Vente,70000,22,,RUE CENTRALE,0045,01150,01202,Lagnieu,01,,,01202000AC0333,,,2,,,,,,,,,,1,4,Local industriel. commercial ou assimilé,40,0,,,,,,5.347716,45.903352
2023-669,2023-01-25,000001,Vente,160000,48,,RUE JOSEPH MARION,0305,01200,01033,Valserhône,01,,,01033000AO0158,,,50,84.92,,,,,,,,,1,2,Appartement,79,4,,,,,,5.835115,46.105794
2023-669,2023-01-25,000001,Vente,160000,48,,RUE JOSEPH MARION,0305,01200,01033,Valserhône,01,,,01033000AO0158,,,50,84.92,,,,,,,,,1,3,Dépendance,,0,,,,,,5.835115,46.105794
2023-669,2023-01-25,000001,Vente,160000,48,,RUE JOSEPH MARION,0305,01200,01033,Valserhône,01,,,01033000AO0158,,,50,84.92,,,,,,,,,1,3,Dépendance,,0,,,,,,5.835115,46.105794
2023-669,2023-01-25,000001,Vente,160000,48,,RUE JOSEPH MARION,0305,01200,01033,Valserhône,01,,,01033000AO0163,,,16,,,,,,,,,,1,3,Dépendance,,0,,,,,,5.834685,46.105974
2023-670,2023-01-27,000002,Vente,130000,5,,RUE DES BARRES,0318,01250,01095,Nivigne et Suran,01,,,01095172AC0161,,,,,,,,,,,,,0,1,Maison,155,4,S,sols,,,838,5.442939,46.302704
2023-670,2023-01-27,000002,Vente,130000,,,LASSERA,B237,01250,01095,Nivigne et Suran,01,,,01095172AC0204,,,,,,,,,,,,,0,,,,,S,sols,,,83,5.4431,46.302678
2023-671,2023-01-16,000001,Vente,127000,738,,AV ST EXUPERY,0395,01150,01202,Lagnieu,01,,,012020000F0978,,,246,,,,,,,,,,1,3,Dépendance,,0,,,,,,5.345749,45.893687
2023-671,2023-01-16,000001,Vente,127000,738,,AV ST EXUPERY,0395,01150,01202,Lagnieu,01,,,012020000F0978,,,246,,,,,,,,,,1,2,Appartement,77,4,,,,,,5.345749,45.893687
2023-671,2023-01-16,000001,Vente,127000,700,,AV ST EXUPERY,0395,01150,01202,Lagnieu,01,,,012020000F0978,,,202,,,,,,,,,,1,3,Dépendance,,0,,,,,,5.345749,45.893687
2023-672,2023-01-30,000001,Vente,280000,67,,RUE DE LA LEVEE,0198,01750,01320,Replonges,01,,,013200000A1299,,,2,,,,,,,,,,1,2,Appartement,12,0,,,,,,4.843339,46.304605
2023-672,2023-01-30,000001,Vente,280000,69,,RUE DE LA LEVEE,0198,01750,01320,Replonges,01,,,013200000A1300,,,,,,,,,,,,,0,1,Maison,73,3,S,sols,,,371,4.843555,46.304594
2023-672,2023-01-30,000001,Vente,280000,275,,RUE DE LA LEVEE,0198,01750,01320,Replonges,01,,,013200000A1798,,,2,,,,,,,,,,1,2,Appartement,110,3,,,,,,4.843285,46.304695
2023-672,2023-01-30,000001,Vente,280000,275,,RUE DE LA LEVEE,0198,01750,01320,Replonges,01,,,013200000A1798,,,2,,,,,,,,,,1,4,Local industriel. commercial ou assimilé,154,0,,,,,,4.843285,46.304695
2023-672,2023-01-30,000001,Vente,280000,275,,RUE DE LA LEVEE,0198,01750,01320,Replonges,01,,,013200000A1798,,,1,,,,,,,,,,1,4,Local industriel. commercial ou assimilé,1371,0,,,,,,4.843285,46.304695
2023-672,2023-01-30,000001,Vente,280000,275,,RUE DE LA LEVEE,0198,01750,01320,Replonges,01,,,013200000A1798,,,2,,,,,,,,,,1,2,Appartement,55,3,,,,,,4.843285,46.304695
2023-672,2023-01-30,000001,Vente,280000,275,,RUE DE LA LEVEE,0198,01750,01320,Replonges,01,,,013200000A1798,,,2,,,,,,,,,,1,2,Appartement,76,2,,,,,,4.843285,46.304695
2023-673,2023-01-06,000001,Vente,315000,,,LE BREUIL,B039,01570,01159,Feillens,01,,,01159000ZH0487,,,,,,,,,,,,,0,,,,,P,prés,,,87,4.885011,46.330389
2023-673,2023-01-06,000001,Vente,315000,145,,GR GRANDE RUE,0190,01570,01159,Feillens,01,,,01159000ZH0488,,,,,,,,,,,,,0,1,Maison,97,4,S,sols,,,920,4.885642,46.330409
2023-673,2023-01-06,000001,Vente,315000,145,Z,GR GRANDE RUE,0190,01570,01159,Feillens,01,,,01159000ZH0490,,,,,,,,,,,,,0,3,Dépendance,,0,S,sols,,,1121,4.885233,46.330408
2023-674,2023-01-23,000001,Vente,2947,,,LES FROYES,B064,01570,01231,Manziat,01,,,01231000ZH0024,,,,,,,,,,,,,0,,,,,T,terres,,,6872,4.909852,46.35275
2023-674,2023-01-23,000001,Vente,2947,,,LA LESSINE,B091,01570,01231,Manziat,01,,,01231000ZH0200,,,,,,,,,,,,,0,,,,,T,terres,,,562,4.913366,46.350761
2023-674,2023-01-23,000001,Vente,2947,,,MOULIN COLON,B105,01570,01231,Manziat,01,,,01231000ZH0234,,,,,,,,,,,,,0,,,,,T,terres,,,3815,4.911327,46.349041
2023-674,2023-01-23,000001,Vente,2947,,,MOULIN COLON,B105,01570,01231,Manziat,01,,,01231000ZH0237,,,,,,,,,,,,,0,,,,,T,terres,,,8243,4.9115,46.349467
2023-674,2023-01-23,000001,Vente,2947,,,MOULIN COLON,B105,01570,01231,Manziat,01,,,01231000ZH0239,,,,,,,,,,,,,0,,,,,T,terres,,,1043,4.911206,46.350192
2023-674,2023-01-23,000001,Vente,2947,,,MOULIN NILLON,B106,01570,01231,Manziat,01,,,01231000ZH0380,,,,,,,,,,,,,0,,,,,T,terres,,,4026,4.905343,46.350505
2023-675,2023-01-04,000001,Vente,65000,,,LE VILLAGE,B050,01400,01412,Sulignat,01,,,014120000A1137,,,,,,,,,,,,,0,,,,,AB,terrains a bâtir,,,15,4.963149,46.179246
2023-675,2023-01-04,000001,Vente,65000,,,LE VILLAGE,B050,01400,01412,Sulignat,01,,,014120000A1146,,,,,,,,,,,,,0,,,,,AB,terrains a bâtir,,,469,4.963123,46.179126
2023-676,2023-01-13,000001,Vente,156500,16,,RUE DES HAUTAINS,0130,01630,01354,Saint-Genis-Pouilly,01,,,01354000AX0008,,,154,,,,,,,,,,1,3,Dépendance,,0,,,,,,6.027747,46.24564
2023-676,2023-01-13,000001,Vente,156500,16,,RUE DES HAUTAINS,0130,01630,01354,Saint-Genis-Pouilly,01,,,01354000AX0008,,,116,40.44,,,,,,,,,1,2,Appartement,46,1,,,,,,6.027747,46.24564
2023-677,2023-01-26,000001,Vente,268000,15,,RUE DU GUE,0046,01500,01041,Bettant,01,,,01041000AE0236,,,,,,,,,,,,,0,1,Maison,120,4,S,sols,,,300,5.369315,45.942438
2023-677,2023-01-26,000001,Vente,268000,15,,RUE DU GUE,0046,01500,01041,Bettant,01,,,01041000AE0236,,,,,,,,,,,,,0,3,Dépendance,,0,S,sols,,,300,5.369315,45.942438
2023-677,2023-01-26,000001,Vente,268000,,,LE LOT,B022,01500,01041,Bettant,01,,,01041000AE0237,,,,,,,,,,,,,0,,,,,J,jardins,,,765,5.369117,45.94252
2023-678,2023-01-06,000001,Vente,25000,8664,,D ROUTE DEPARTEMENTALE 59,0285,01250,01125,Corveissiat,01,,,011250000I1095,,,,,,,,,,,,,0,1,Maison,24,1,S,sols,,,126,5.503761,46.2638
2023-678,2023-01-06,000001,Vente,25000,8664,,D ROUTE DEPARTEMENTALE 59,0285,01250,01125,Corveissiat,01,,,011250000I1095,,,,,,,,,,,,,0,1,Maison,24,1,J,jardins,,,679,5.503761,46.2638
2023-678,2023-01-06,000001,Vente,25000,,,CHAMPS COURBES,B038,01250,01125,Corveissiat,01,,,011250000I1112,,,,,,,,,,,,,0,,,,,P,prés,,,102,5.503612,46.264268
2023-679,2023-01-26,000001,Vente,1,6071,,CHE DES BLANCS D EN HAUT,0055,01851,01232,Marboz,01,,,01232000ZE0155,,,,,,,,,,,,,0,4,Local industriel. commercial ou assimilé,,0,T,terres,,,426,5.248747,46.309046
2023-679,2023-01-26,000001,Vente,1,,,LES BLANCS D EN HAUT,B018,01851,01232,Marboz,01,,,01232000ZE0190,,,,,,,,,,,,,0,,,,,AB,terrains a bâtir,,,1392,5.249734,46.309005
2023-680,2023-01-26,000001,Vente,425000,,,PLANTAGLAY,B207,01370,01426,Val-Revermont,01,,,01426000ZM0153,,,,,,,,,,,,,0,,,,,P,prés,,,3036,5.359064,46.258904
2023-680,2023-01-26,000001,Vente,425000,58,,CHE DE PLANTAGLAY,0184,01370,01426,Val-Revermont,01,,,01426000ZM0154,,,,,,,,,,,,,0,1,Maison,153,4,S,sols,,,1390,5.358641,46.25913
2023-680,2023-01-26,000001,Vente,425000,107,,CHE DE PLANTAGLAY,0184,01370,01426,Val-Revermont,01,,,01426000ZM0185,,,,,,,,,,,,,0,1,Maison,58,3,S,sols,,,110,5.358412,46.25927
2023-681,2023-02-03,000001,Vente,3500,,,LA SERPOLIERE,B126,01370,01241,Meillonnas,01,,,01241000ZB0068,,,,,,,,,,,,,0,,,,,T,terres,,,6150,5.337377,46.249869
2023-681,2023-02-03,000001,Vente,3500,,,AUX COLLANNES,B035,01370,01241,Meillonnas,01,,,01241000ZC0004,,,,,,,,,,,,,0,,,,,P,prés,,,1130,5.345561,46.257051
2023-681,2023-02-03,000001,Vente,3500,,,AUX COLLANNES,B035,01370,01241,Meillonnas,01,,,01241000ZC0007,,,,,,,,,,,,,0,,,,,P,prés,,,7360,5.345664,46.256081
2023-682,2023-01-13,000001,Vente,610000,153,,CHE DES ACACIAS,0030,01480,01166,Frans,01,,,01166000AE0031,,,,,,,,,,,,,0,3,Dépendance,,0,S,sols,,,500,4.772694,45.99575
2023-682,2023-01-13,000001,Vente,610000,153,,CHE DES ACACIAS,0030,01480,01166,Frans,01,,,01166000AE0031,,,,,,,,,,,,,0,3,Dépendance,,0,AG,terrains d'agrément,,,1001,4.772694,45.99575
2023-682,2023-01-13,000001,Vente,610000,153,,CHE DES ACACIAS,0030,01480,01166,Frans,01,,,01166000AE0031,,,,,,,,,,,,,0,1,Maison,130,4,S,sols,,,500,4.772694,45.99575
2023-682,2023-01-13,000001,Vente,610000,153,,CHE DES ACACIAS,0030,01480,01166,Frans,01,,,01166000AE0031,,,,,,,,,,,,,0,1,Maison,130,4,AG,terrains d'agrément,,,1001,4.772694,45.99575
2023-683,2023-01-13,000001,Vente,250000,5203,,AU GOURLAS,B017,01480,01157,Fareins,01,,,01157000AM0217,,,,,,,,,,,,,0,1,Maison,88,3,S,sols,,,436,4.758175,46.013934
2023-684,2023-01-17,000001,Vente,160000,,,,,,01093,Châtillon-sur-Chalaronne,01,,,010930000C4331,,2,,,,,,,,,,,0,,,,,,,,,,,
2023-684,2023-01-17,000001,Vente,160000,,,,,,01093,Châtillon-sur-Chalaronne,01,,,010930000C4331,,3,,,,,,,,,,,0,,,,,,,,,,,
2023-685,2023-01-10,000001,Vente,73000,,,A MONTALIVET,B020,01300,01227,Magnieu,01,,,012270000B1870,,,,,,,,,,,,,0,,,,,AB,terrains a bâtir,,,655,5.718097,45.773981
2023-685,2023-01-10,000001,Vente,73000,,,A MONTALIVET,B020,01300,01227,Magnieu,01,,,012270000B1851,,,,,,,,,,,,,0,,,,,AB,terrains a bâtir,,,564,5.717446,45.77465
2023-685,2023-01-10,000001,Vente,73000,,,A MONTALIVET,B020,01300,01227,Magnieu,01,,,012270000B1857,,,,,,,,,,,,,0,,,,,AB,terrains a bâtir,,,123,5.717539,45.774565
2023-686,2023-01-19,000001,Vente,492450,,,MOULIN QUENIN,B069,01700,01043,Beynost,01,,,01043000ZB0218,,,,,,,,,,,,,0,,,,,T,terres,,,3339,5.001014,45.82011
2023-686,2023-01-19,000001,Vente,492450,137,,CHEM MOULIN QUENIN,1600,01700,01043,Beynost,01,,,01043000ZB0220,,,,,,,,,,,,,0,1,Maison,105,3,S,sols,,,1176,5.001154,45.81984
2023-687,2023-01-16,000001,Vente,397050,57,,CHE D EN BOUGER,0055,01800,01361,Saint-Jean-de-Niost,01,,,013610000B1663,,,,,,,,,,,,,0,3,Dépendance,,0,AG,terrains d'agrément,,,1000,5.221339,45.848846
2023-687,2023-01-16,000001,Vente,397050,57,,CHE D EN BOUGER,0055,01800,01361,Saint-Jean-de-Niost,01,,,013610000B1663,,,,,,,,,,,,,0,3,Dépendance,,0,AG,terrains d'agrément,,,1000,5.221339,45.848846
2023-687,2023-01-16,000001,Vente,397050,57,,CHE D EN BOUGER,0055,01800,01361,Saint-Jean-de-Niost,01,,,013610000B1663,,,,,,,,,,,,,0,1,Maison,90,4,S,sols,,,503,5.221339,45.848846
2023-687,2023-01-16,000001,Vente,397050,57,,CHE D EN BOUGER,0055,01800,01361,Saint-Jean-de-Niost,01,,,013610000B1663,,,,,,,,,,,,,0,3,Dépendance,,0,S,sols,,,503,5.221339,45.848846
2023-687,2023-01-16,000001,Vente,397050,57,,CHE D EN BOUGER,0055,01800,01361,Saint-Jean-de-Niost,01,,,013610000B1663,,,,,,,,,,,,,0,3,Dépendance,,0,S,sols,,,503,5.221339,45.848846
2023-687,2023-01-16,000001,Vente,397050,57,,CHE D EN BOUGER,0055,01800,01361,Saint-Jean-de-Niost,01,,,013610000B1663,,,,,,,,,,,,,0,1,Maison,90,4,AG,terrains d'agrément,,,1000,5.221339,45.848846
2023-688,2023-01-24,000001,Vente en l'état futur d'achèvement,152370,70,,RUE DE LOEZE,2324,01000,01053,Bourg-en-Bresse,01,,,01053000CK0173,,,74,,,,,,,,,,1,,,,,,,,,,5.249426,46.202879
2023-688,2023-01-24,000001,Vente en l'état futur d'achèvement,152370,70,,RUE DE LOEZE,2324,01000,01053,Bourg-en-Bresse,01,,,01053000CK0173,,,226,,,,,,,,,,1,,,,,,,,,,5.249426,46.202879
2023-688,2023-01-24,000001,Vente en l'état futur d'achèvement,152370,70,,RUE DE LOEZE,2324,01000,01053,Bourg-en-Bresse,01,,,01053000CK0173,,,75,,,,,,,,,,1,,,,,,,,,,5.249426,46.202879
2023-689,2023-01-20,000001,Vente,212300,,,OZAN,B064,01190,01284,Ozan,01,,,012840000A1173,,,,,,,,,,,,,0,,,,,T,terres,,,37,4.913446,46.392357
2023-689,2023-01-20,000001,Vente,212300,,,OZAN,B064,01190,01284,Ozan,01,,,012840000A1175,,,,,,,,,,,,,0,,,,,P,prés,,,4377,4.913076,46.392728
2023-689,2023-01-20,000001,Vente,212300,,,OZAN,B064,01190,01284,Ozan,01,,,012840000A1175,,,,,,,,,,,,,0,,,,,S,sols,,,500,4.913076,46.392728
2023-689,2023-01-20,000001,Vente,212300,265,,RTE DES PRES D'OZAN,0270,01190,01284,Ozan,01,,,012840000A1178,,,,,,,,,,,,,0,3,Dépendance,,0,S,sols,,,516,4.912839,46.392512
2023-689,2023-01-20,000001,Vente,212300,265,,RTE DES PRES D'OZAN,0270,01190,01284,Ozan,01,,,012840000A1178,,,,,,,,,,,,,0,1,Maison,60,3,S,sols,,,516,4.912839,46.392512
2023-690,2023-01-13,000002,Vente,280000,55,,AV DES HELVETES,0190,01600,01339,Saint-Bernard,01,,,01339000AK0224,,,,,,,,,,,,,0,1,Maison,57,3,,,,,,4.737798,45.945293
2023-691,2023-01-19,000001,Vente,42000,24,,RUE MONTFERME,0247,01230,01384,Saint-Rambert-en-Bugey,01,,,01384000AB0168,,,,,,,,,,,,,0,3,Dépendance,,0,S,sols,,,198,5.426648,45.933658
2023-691,2023-01-19,000001,Vente,42000,24,,RUE MONTFERME,0247,01230,01384,Saint-Rambert-en-Bugey,01,,,01384000AB0168,,,,,,,,,,,,,0,3,Dépendance,,0,S,sols,,,198,5.426648,45.933658
2023-692,2023-01-30,000001,Vente,317.2,,,MAILLET,B077,01400,01093,Châtillon-sur-Chalaronne,01,,,010930000C2621,,,,,,,,,,,,,0,,,,,S,sols,,,26,4.961628,46.12228
2023-693,2023-01-19,000001,Vente,174000,,,LA BOTE BRENET,B013,01390,01362,Saint-Jean-de-Thurigneux,01,,,013620000D1012,,,,,,,,,,,,,0,,,,,AB,terrains a bâtir,,,444,4.886328,45.952743
2023-694,2023-01-23,000001,Vente,172900,,,LES VERDIERES,B138,01360,01032,Béligneux,01,,,010320000B1435,,,,,,,,,,,,,0,,,,,AB,terrains a bâtir,,,970,5.160125,45.849231
2023-695,2023-01-20,000001,Vente,19500,4,,PL PIERRE GOUJON,3090,01000,01053,Bourg-en-Bresse,01,,,01053000AD0483,,,74,,,,,,,,,,1,3,Dépendance,,0,,,,,,5.221405,46.203642
2023-695,2023-01-20,000001,Vente,19500,4,,PL PIERRE GOUJON,3090,01000,01053,Bourg-en-Bresse,01,,,01053000AD0483,,,73,,,,,,,,,,1,3,Dépendance,,0,,,,,,5.221405,46.203642
2023-695,2023-01-20,000001,Vente,19500,4,,PL PIERRE GOUJON,3090,01000,01053,Bourg-en-Bresse,01,,,01053000AD0483,,,72,,,,,,,,,,1,3,Dépendance,,0,,,,,,5.221405,46.203642
2023-696,2023-01-27,000001,Vente,23000,9,,ALL DU 1ER MAI,3183,01000,01053,Bourg-en-Bresse,01,,,01053000AZ0445,,,12139,,,,,,,,,,1,3,Dépendance,,0,,,,,,5.228929,46.200368
2023-696,2023-01-27,000001,Vente,23000,9,,ALL DU 1ER MAI,3183,01000,01053,Bourg-en-Bresse,01,,,01053000AZ0445,,,12138,,,,,,,,,,1,3,Dépendance,,0,,,,,,5.228929,46.200368
2023-697,2023-01-20,000001,Vente,24500,,,MIEUGEUX,B122,01990,01389,Saint-Trivier-sur-Moignans,01,,,013890000F0003,,,,,,,,,,,,,0,,,,,P,prés,,,58530,4.877548,46.078418
2023-698,2023-01-27,000001,Vente,60000,58,,RUE TONY REVILLON,0560,01750,01370,Saint-Laurent-sur-Saône,01,,,013700000A0696,,,44,24.63,,,,,,,,,1,2,Appartement,24,1,,,,,,4.839808,46.304093
2023-699,2023-01-16,000001,Vente en l'état futur d'achèvement,547000,,,VILLARD TACON,B031,01210,01281,Ornex,01,,,01281000AD0111,,,2,,,,,,,,,,1,,,,,,,,,,6.084533,46.282837
2023-699,2023-01-16,000001,Vente en l'état futur d'achèvement,547000,,,VILLARD TACON,B031,01210,01281,Ornex,01,,,01281000AD0111,,,74,,,,,,,,,,1,,,,,,,,,,6.084533,46.282837
2023-699,2023-01-16,000001,Vente en l'état futur d'achèvement,547000,,,VILLARD TACON,B031,01210,01281,Ornex,01,,,01281000AD0111,,,75,,,,,,,,,,1,,,,,,,,,,6.084533,46.282837
2023-700,2023-01-30,000001,Vente,122,,,MAILLET,B077,01400,01093,Châtillon-sur-Chalaronne,01,,,010930000C2619,,,,,,,,,,,,,0,,,,,S,sols,,,10,4.961609,46.122211
2023-701,2023-01-13,000001,Vente,115650,2,,RUE DE ST ROCH,3450,01000,01053,Bourg-en-Bresse,01,,,01053000AO0013,,,26,,,,,,,,,,1,2,Appartement,46,2,,,,,,5.229014,46.195007
2023-701,2023-01-13,000001,Vente,115650,2,,RUE DE ST ROCH,3450,01000,01053,Bourg-en-Bresse,01,,,01053000AO0013,,,5,,,,,,,,,,1,3,Dépendance,,0,,,,,,5.229014,46.195007
2023-702,2023-01-20,000001,Vente,123000,2,,RUE CHARLES PEGUY,0810,01000,01053,Bourg-en-Bresse,01,,,01053000BM0109,,,305,,324,,,,,,,,2,2,Appartement,86,4,,,,,,5.228652,46.213258
2023-702,2023-01-20,000001,Vente,123000,2,,RUE CHARLES PEGUY,0810,01000,01053,Bourg-en-Bresse,01,,,01053000BM0109,,,305,,324,,,,,,,,2,3,Dépendance,,0,,,,,,5.228652,46.213258
2023-703,2023-01-26,000001,Vente,800000,5320,,CHARPENNES,B021,01240,01235,Marlieux,01,,,012350000A1154,,,,,,,,,,,,,0,4,Local industriel. commercial ou assimilé,700,0,S,sols,,,3499,5.069734,46.055361
2023-703,2023-01-26,000001,Vente,800000,5368,,CHARPENNES,B021,01240,01235,Marlieux,01,,,012350000A1155,,,,,,,,,,,,,0,4,Local industriel. commercial ou assimilé,778,0,S,sols,,,2509,5.070476,46.055688
2023-704,2023-01-20,000001,Vente,305000,3,,PL HAGUENEAU,0435,01800,01244,Meximieux,01,,,012440000C2028,,,,,,,,,,,,,0,1,Maison,105,5,S,sols,,,301,5.194603,45.911462
2023-705,2023-01-24,000001,Vente,470000,5575,,RUE DU GARDON,0540,01800,01450,Villieu-Loyes-Mollon,01,,,01450253ZB0233,,,,,,,,,,,,,0,1,Maison,186,7,S,sols,,,536,5.243524,45.942422
2023-705,2023-01-24,000001,Vente,470000,,,GARDON,B188,01800,01450,Villieu-Loyes-Mollon,01,,,01450253ZB0235,,,,,,,,,,,,,0,,,,,J,jardins,,,464,5.243381,45.942369
2023-705,2023-01-24,000001,Vente,470000,,,GARDON,B188,01800,01450,Villieu-Loyes-Mollon,01,,,01450253ZB0291,,,,,,,,,,,,,0,,,,,AG,terrains d'agrément,,,82,5.243717,45.942399
2023-705,2023-01-24,000001,Vente,470000,,,GARDON,B188,01800,01450,Villieu-Loyes-Mollon,01,,,01450253ZB0293,,,,,,,,,,,,,0,,,,,AG,terrains d'agrément,,,304,5.243357,45.942238
2023-706,2023-01-26,000001,Vente,7500,,,GRAND CHAMP,B011,01600,01427,Trévoux,01,,,01427000AO0092,,,,,,,,,,,,,0,,,,,P,prés,,,4764,4.761121,45.93873
2023-706,2023-01-26,000001,Vente,7500,,,GRAND CHAMP,B011,01600,01427,Trévoux,01,,,01427000AO0092,,,,,,,,,,,,,0,,,,,P,prés,,,9528,4.761121,45.93873
2023-706,2023-01-26,000001,Vente,7500,,,GRAND CHAMP,B011,01600,01427,Trévoux,01,,,01427000AO0095,,,,,,,,,,,,,0,,,,,BT,taillis simples,,,708,4.761848,45.936555
2023-707,2023-01-16,000001,Vente,600,,,PLANTIEUX,B094,01800,01290,Pérouges,01,,,012900000A0807,,,,,,,,,,,,,0,,,,,T,terres,,,1186,5.175037,45.901377
2023-708,2023-01-20,000001,Vente,26000,4,,PL PIERRE GOUJON,3090,01000,01053,Bourg-en-Bresse,01,,,01053000AD0483,,,54,,,,,,,,,,1,3,Dépendance,,0,,,,,,5.221405,46.203642
2023-708,2023-01-20,000001,Vente,26000,4,,PL PIERRE GOUJON,3090,01000,01053,Bourg-en-Bresse,01,,,01053000AD0483,,,55,,,,,,,,,,1,3,Dépendance,,0,,,,,,5.221405,46.203642
2023-708,2023-01-20,000001,Vente,26000,4,,PL PIERRE GOUJON,3090,01000,01053,Bourg-en-Bresse,01,,,01053000AD0483,,,56,,,,,,,,,,1,3,Dépendance,,0,,,,,,5.221405,46.203642
2023-708,2023-01-20,000001,Vente,26000,4,,PL PIERRE GOUJON,3090,01000,01053,Bourg-en-Bresse,01,,,01053000AD0483,,,57,,,,,,,,,,1,3,Dépendance,,0,,,,,,5.221405,46.203642
2023-708,2023-01-20,000001,Vente,26000,4,,PL PIERRE GOUJON,3090,01000,01053,Bourg-en-Bresse,01,,,01053000AD0483,,,49,,,,,,,,,,1,3,Dépendance,,0,,,,,,5.221405,46.203642
2023-709,2023-01-25,000001,Vente,212264,115,,RTE DES QUATRE ARCHES,0187,01290,01179,Grièges,01,,,011790000A0768,,,,,,,,,,,,,0,3,Dépendance,,0,S,sols,,,1102,4.856066,46.268989
2023-709,2023-01-25,000001,Vente,212264,115,,RTE DES QUATRE ARCHES,0187,01290,01179,Grièges,01,,,011790000A0768,,,,,,,,,,,,,0,1,Maison,98,5,S,sols,,,1102,4.856066,46.268989
2023-709,2023-01-25,000001,Vente,212264,,,JONS,B079,01290,01179,Grièges,01,,,011790000A1119,,,,,,,,,,,,,0,,,,,S,sols,,,250,4.855867,46.269072
2023-709,2023-01-25,000001,Vente,212264,,,JONS,B079,01290,01179,Grièges,01,,,01179000ZN0046,,,,,,,,,,,,,0,,,,,P,prés,,,1537,4.85509,46.269452
2023-709,2023-01-25,000001,Vente,212264,,,JONS,B079,01290,01179,Grièges,01,,,01179000ZN0047,,,,,,,,,,,,,0,,,,,P,prés,,,6981,4.855561,46.268991
2023-710,2023-01-19,000001,Vente,650000,35,,IMP DES NENUPHARS,1650,01170,01173,Gex,01,,,01173000AC0415,,,,,,,,,,,,,0,3,Dépendance,,0,S,sols,,,850,6.059581,46.340845
2023-710,2023-01-19,000001,Vente,650000,35,,IMP DES NENUPHARS,1650,01170,01173,Gex,01,,,01173000AC0415,,,,,,,,,,,,,0,1,Maison,117,5,S,sols,,,850,6.059581,46.340845
2023-711,2023-01-19,000001,Vente,215000,105,,CHE DE LA POYAT,2180,01480,01166,Frans,01,,,01166000AI0068,,,5,76.57,,,,,,,,,1,2,Appartement,77,3,,,,,,4.782898,45.992624
2023-711,2023-01-19,000001,Vente,215000,5140,,CHE DE LA POYAT,2180,01480,01166,Frans,01,,,01166000AI0068,,,20,,,,,,,,,,1,3,Dépendance,,0,,,,,,4.782898,45.992624
2023-712,2023-02-02,000001,Vente,1.2,409,,AV DE PARME,2894,01000,01053,Bourg-en-Bresse,01,,,01053000BS0252,,,,,,,,,,,,,0,4,Local industriel. commercial ou assimilé,866,0,S,sols,,,4000,5.248676,46.218907
2023-713,2023-01-16,000001,Vente,314000,230,,RTE DE TREVOUX,0160,01310,01264,Montracol,01,,,012640000B0716,,,,,,,,,,,,,0,1,Maison,126,5,S,sols,,,2003,5.138252,46.191119
2023-713,2023-01-16,000001,Vente,314000,,,L ETOILE,B018,01310,01264,Montracol,01,,,012640000B0915,,,,,,,,,,,,,0,,,,,BS,taillis sous futaie,,,184,5.138044,46.190846
2023-713,2023-01-16,000001,Vente,314000,,,CAVAZEAUX,B009,01310,01264,Montracol,01,,,012640000B0916,,,,,,,,,,,,,0,,,,,T,terres,,,117,5.138055,46.190824
2023-714,2023-01-18,000001,Vente,24000,,,LA GADINIERE,B209,01230,01384,Saint-Rambert-en-Bugey,01,,,01384000AD0021,,,,,,,,,,,,,0,,,,,VI,vignes,,,1955,5.433579,45.945071
2023-714,2023-01-18,000001,Vente,24000,8,,RUE DE LA GADINIERE,0160,01230,01384,Saint-Rambert-en-Bugey,01,,,01384000AD0350,,,,,,,,,,,,,0,3,Dépendance,,0,S,sols,,,215,5.43403,45.945034
2023-714,2023-01-18,000001,Vente,24000,8,,RUE DE LA GADINIERE,0160,01230,01384,Saint-Rambert-en-Bugey,01,,,01384000AD0350,,,,,,,,,,,,,0,3,Dépendance,,0,S,sols,,,215,5.43403,45.945034
2023-714,2023-01-18,000001,Vente,24000,8,,RUE DE LA GADINIERE,0160,01230,01384,Saint-Rambert-en-Bugey,01,,,01384000AD0350,,,,,,,,,,,,,0,3,Dépendance,,0,S,sols,,,215,5.43403,45.945034
2023-714,2023-01-18,000001,Vente,24000,8,,RUE DE LA GADINIERE,0160,01230,01384,Saint-Rambert-en-Bugey,01,,,01384000AD0350,,,,,,,,,,,,,0,3,Dépendance,,0,S,sols,,,215,5.43403,45.945034
2023-714,2023-01-18,000001,Vente,24000,,,LA GADINIERE,B209,01230,01384,Saint-Rambert-en-Bugey,01,,,01384000AD0359,,,,,,,,,,,,,0,,,,,P,prés,,,2197,5.433567,45.944935
2023-714,2023-01-18,000001,Vente,24000,,,AUX TAQUETTES,B414,01230,01384,Saint-Rambert-en-Bugey,01,,,013840000B1159,,,,,,,,,,,,,0,,,,,BR,futaies résineuses,,,4687,5.433095,45.945396
2023-714,2023-01-18,000001,Vente,24000,,,AUX TAQUETTES,B414,01230,01384,Saint-Rambert-en-Bugey,01,,,013840000B1161,,,,,,,,,,,,,0,,,,,P,prés,,,1124,5.432428,45.945824
2023-715,2023-01-26,000001,Vente,2500,,,LE VERGER,B282,01500,01007,Ambronay,01,,,01007000ZY0037,,,,,,,,,,,,,0,,,,,J,jardins,,,850,5.325481,45.998909
2023-716,2023-01-24,000001,Vente,47000,5125,,MARBOZ,B221,01851,01232,Marboz,01,,,012320000D1463,,,,,,,,,,,,,0,4,Local industriel. commercial ou assimilé,32,0,S,sols,,,33,5.257737,46.342968
2023-717,2023-01-11,000001,Vente,3000,,,CHENE,B019,01300,01294,Peyrieu,01,,,012940000A0077,,,,,,,,,,,,,0,,,,,S,sols,,,150,5.678558,45.688637
2023-718,2023-01-11,000002,Vente,80000,,,CHENE,B019,01300,01294,Peyrieu,01,,,012940000A0062,,,,,,,,,,,,,0,,,,,J,jardins,,,190,5.680467,45.68935
2023-718,2023-01-11,000002,Vente,80000,293,,RUE DU CHENE,0140,01300,01294,Peyrieu,01,,,012940000A0673,,,,,,,,,,,,,0,1,Maison,65,1,S,sols,,,437,5.67856,45.688779
2023-719,2023-01-18,000001,Vente,39000,5173,,COLIGNY LE HAUT,B050,01270,01108,Coligny,01,,,01108000AB0238,,,,,,,,,,,,,0,1,Maison,81,4,S,sols,,,91,5.345195,46.384759
2023-720,2023-02-02,000001,Vente,75000,5254,,LA MORANDIERE,B078,01230,01017,Argis,01,,,01017000ZD0070,,,,,,,,,,,,,0,1,Maison,46,3,S,sols,,,100,5.485498,45.938555
2023-720,2023-02-02,000001,Vente,75000,5254,,LA MORANDIERE,B078,01230,01017,Argis,01,,,01017000ZD0070,,,,,,,,,,,,,0,1,Maison,46,3,BT,taillis simples,,,1154,5.485498,45.938555
2023-721,2023-01-26,000001,Vente,123000,2,,RUE ERNEST CHAUDOUET,1400,01000,01053,Bourg-en-Bresse,01,,,01053000AE0126,,,21,,29,,,,,,,,2,3,Dépendance,,0,,,,,,5.214952,46.204478
2023-721,2023-01-26,000001,Vente,123000,2,,RUE ERNEST CHAUDOUET,1400,01000,01053,Bourg-en-Bresse,01,,,01053000AE0126,,,21,,29,,,,,,,,2,2,Appartement,79,5,,,,,,5.214952,46.204478
2023-722,2023-01-11,000001,Vente,160000,,,OCHIAZ,B264,01200,01033,Valserhône,01,,,01033278AA0324,,,,,,,,,,,,,0,,,,,J,jardins,,,12,5.781228,46.106164
2023-722,2023-01-11,000001,Vente,160000,,,OCHIAZ,B264,01200,01033,Valserhône,01,,,01033278AA0326,,,,,,,,,,,,,0,,,,,S,sols,,,522,5.781191,46.106275
2023-723,2023-01-26,000001,Vente,390000,4,,RUE LAMARTINE,0340,01200,01033,Valserhône,01,,,01033000AL0679,,,16,72.82,17,88.45,,,,,,,2,2,Appartement,159,3,,,,,,5.827715,46.109402
2023-723,2023-01-26,000001,Vente,390000,,,RUE LAMARTINE,0340,01200,01033,Valserhône,01,,,01033000AL0680,,,,,,,,,,,,,0,,,,,S,sols,,,218,5.827515,46.109468
2023-724,2023-01-19,000001,Vente,206000,,,LA BOTE BRENET,B013,01390,01362,Saint-Jean-de-Thurigneux,01,,,013620000D1004,,,,,,,,,,,,,0,,,,,AB,terrains a bâtir,,,540,4.885797,45.953668
2023-725,2023-01-20,000001,Vente,199000,,,LA BOTE BRENET,B013,01390,01362,Saint-Jean-de-Thurigneux,01,,,013620000D1007,,,,,,,,,,,,,0,,,,,AB,terrains a bâtir,,,480,4.886383,45.953395
2023-726,2023-01-18,000002,Vente,30000,653,,RTE DEPARTEMENTALE 904,0115,01480,01021,Ars-sur-Formans,01,,,010210000A1232,,,,,,,,,,,,,0,3,Dépendance,,0,,,,,,4.817827,45.996089
2023-726,2023-01-18,000002,Vente,30000,653,,RTE DEPARTEMENTALE 904,0115,01480,01021,Ars-sur-Formans,01,,,010210000A1232,,,,,,,,,,,,,0,1,Maison,168,6,,,,,,4.817827,45.996089
2023-727,2023-01-26,000001,Vente,183000,,,LA BOTE BRENET,B013,01390,01362,Saint-Jean-de-Thurigneux,01,,,013620000D1013,,,,,,,,,,,,,0,,,,,AB,terrains a bâtir,,,440,4.885877,45.95277
2023-728,2023-01-12,000001,Vente,2400,,,EN ROJOUX,B105,01420,01082,Chanay,01,,,01082000AD0062,,,,,,,,,,,,,0,,,,,L,landes,,,180,5.799543,46.008968
2023-728,2023-01-12,000001,Vente,2400,,,EN ROJOUX,B105,01420,01082,Chanay,01,,,01082000AD0088,,,,,,,,,,,,,0,,,,,BR,futaies résineuses,SAPIN,Sapins ou sapinière,4200,5.801104,46.008616
2023-728,2023-01-12,000001,Vente,2400,,,EN ROJOUX,B105,01420,01082,Chanay,01,,,01082000AD0091,,,,,,,,,,,,,0,,,,,BT,taillis simples,,,3335,5.800749,46.008982
2023-728,2023-01-12,000001,Vente,2400,,,EN ROJOUX,B105,01420,01082,Chanay,01,,,01082000AD0092,,,,,,,,,,,,,0,,,,,L,landes,,,1034,5.800849,46.008979
2023-728,2023-01-12,000001,Vente,2400,,,EN ROJOUX,B105,01420,01082,Chanay,01,,,01082000AD0109,,,,,,,,,,,,,0,,,,,P,prés,PATUR,Pâture plantée,1240,5.802061,46.00866
2023-728,2023-01-12,000001,Vente,2400,,,EN COTIERE,B038,01420,01082,Chanay,01,,,01082000AD0135,,,,,,,,,,,,,0,,,,,BT,taillis simples,,,561,5.805135,46.009038
2023-728,2023-01-12,000001,Vente,2400,,,LES ZAUZINES,B126,01420,01082,Chanay,01,,,01082000AD0143,,,,,,,,,,,,,0,,,,,L,landes,,,836,5.805371,46.008165
2023-728,2023-01-12,000001,Vente,2400,,,LES ZAUZINES,B126,01420,01082,Chanay,01,,,01082000AD0146,,,,,,,,,,,,,0,,,,,L,landes,,,553,5.804118,46.008785
2023-728,2023-01-12,000001,Vente,2400,,,LES ZAUZINES,B126,01420,01082,Chanay,01,,,01082000AD0151,,,,,,,,,,,,,0,,,,,L,landes,,,382,5.804567,46.007966
2023-728,2023-01-12,000001,Vente,2400,,,LES ZAUZINES,B126,01420,01082,Chanay,01,,,01082000AD0155,,,,,,,,,,,,,0,,,,,BT,taillis simples,,,1489,5.803611,46.008451
2023-729,2023-01-16,000001,Vente,600,,,LIE PIRE,B093,01570,01231,Manziat,01,,,01231000ZE0338,,,,,,,,,,,,,0,,,,,T,terres,,,2014,4.922495,46.359719
2023-730,2023-02-01,000001,Vente,230000,7,,RUE DU RENOM,1300,01100,01283,Oyonnax,01,,,01283000AD0117,,,,,,,,,,,,,0,3,Dépendance,,0,S,sols,,,740,5.663784,46.260529
2023-730,2023-02-01,000001,Vente,230000,7,,RUE DU RENOM,1300,01100,01283,Oyonnax,01,,,01283000AD0117,,,,,,,,,,,,,0,3,Dépendance,,0,S,sols,,,740,5.663784,46.260529
2023-730,2023-02-01,000001,Vente,230000,7,,RUE DU RENOM,1300,01100,01283,Oyonnax,01,,,01283000AD0117,,,,,,,,,,,,,0,3,Dépendance,,0,S,sols,,,740,5.663784,46.260529
2023-730,2023-02-01,000001,Vente,230000,7,,RUE DU RENOM,1300,01100,01283,Oyonnax,01,,,01283000AD0117,,,,,,,,,,,,,0,3,Dépendance,,0,S,sols,,,740,5.663784,46.260529
